START_DATE,END_DATE,CATEGORY,START,STOP,MILES,PURPOSE
2023-01-01 21:11,2023-01-01 21:17,Business,Jaipur,Rajkot,8.2,Meal/Entertain
2023-01-02 01:25,2023-01-02 01:37,Business,Srinagar,Bhopal,8.0,Errand/Supplies
2023-01-02 20:25,2023-01-02 20:38,Business,Ludhiana,Hyderabad,7.7,Errand/Supplies
2023-01-05 17:31,2023-01-05 17:45,Business,Nagpur,Kalyan,7.6,Meeting
2023-01-06 14:42,2023-01-06 15:49,Business,Chandigarh,Chandigarh,99.9,Customer Visit
2023-01-06 17:15,2023-01-06 17:19,Business,Gwalior,Allahabad,6.9,Meal/Entertain
2023-01-06 17:30,2023-01-06 17:35,Business,Tiruchirappalli,Tiruchirappalli,11.4,Meeting
2023-01-07 13:27,2023-01-07 13:33,Business,Navi Mumbai,Lucknow,1.3,Meeting
2023-01-10 08:05,2023-01-10 08:25,Business,Jodhpur,Coimbatore,13.4,Meeting
2023-01-10 12:17,2023-01-10 12:44,Business,Rajkot,Lucknow,26.6,Customer Visit
2023-01-10 15:08,2023-01-10 15:51,Business,Lucknow,Kanpur,17.4,Meeting
2023-01-10 18:18,2023-01-10 18:53,Business,Vijayawada,Jabalpur,12.1,Meeting
2023-01-10 19:12,2023-01-10 19:32,Business,Delhi,Hubli,10.0,Meeting
2023-01-11 08:55,2023-01-11 09:21,Business,Faridabad,Faridabad,10.3,Temporary Site
2023-01-11 11:56,2023-01-11 12:03,Business,Madurai,Chennai,2.6,Errand/Supplies
2023-01-11 13:32,2023-01-11 13:46,Business,Nashik,Indore,2.7,Meal/Entertain
2023-01-11 14:30,2023-01-11 14:43,Business,Kalyan,Lucknow,3.1,Meal/Entertain
2023-01-12 12:33,2023-01-12 12:49,Business,Solapur,Madurai,3.1,Meal/Entertain
2023-01-12 12:53,2023-01-12 13:09,Business,Kalyan,Delhi,6.4,Meal/Entertain
2023-01-12 14:42,2023-01-12 14:56,Business,Tiruchirappalli,Kanpur,2.9,Errand/Supplies
2023-01-12 15:13,2023-01-12 15:28,Business,Vasai,Ghaziabad,3.9,Customer Visit
2023-01-12 15:42,2023-01-12 15:54,Business,Jabalpur,Bhopal,3.2,Errand/Supplies
2023-01-12 16:02,2023-01-12 17:00,Business,Raipur,Tiruchirappalli,24.3,Meeting
2023-01-13 13:54,2023-01-13 14:07,Business,Chennai,Ahmedabad,18.0,Meeting
2023-01-13 15:00,2023-01-13 15:28,Business,Ludhiana,Gwalior,19.0,Meeting
2023-01-14 16:29,2023-01-14 17:05,Business,Visakhapatnam,Kota,35.2,Customer Visit
2023-01-14 21:39,2023-01-14 21:45,Business,Nashik,Lucknow,6.3,Errand/Supplies
2023-01-15 00:41,2023-01-15 01:01,Business,Varanasi,Patna,12.9,Errand/Supplies
2023-01-15 11:43,2023-01-15 12:03,Business,Patna,Jaipur,16.7,Meal/Entertain
2023-01-15 13:26,2023-01-15 13:44,Business,Jaipur,Lucknow,16.7,Meal/Entertain
2023-01-18 14:55,2023-01-18 15:06,Business,Ghaziabad,Chennai,7.7,Meal/Entertain
2023-01-18 16:13,2023-01-18 16:24,Business,Aurangabad,Kota,7.6,Meal/Entertain
2023-01-19 09:09,2023-01-19 09:23,Business,Chandigarh,Lucknow,11.6,Meeting
2023-01-19 10:55,2023-01-19 11:09,Business,Jabalpur,Dhanbad,12.2,Temporary Site
2023-01-20 10:36,2023-01-20 11:11,Business,Indore,Pune,27.5,Meeting
2023-01-20 11:48,2023-01-20 12:19,Business,Raipur,Rajkot,24.3,Meeting
2023-01-20 13:25,2023-01-20 14:19,Business,Coimbatore,Coimbatore,64.7,Customer Visit
2023-01-21 14:25,2023-01-21 14:29,Business,Nagpur,Coimbatore,2.6,Errand/Supplies
2023-01-21 14:43,2023-01-21 14:51,Business,Coimbatore,Bhopal,3.9,Meal/Entertain
2023-01-21 16:01,2023-01-21 16:06,Business,Jaipur,Mysore,1.6,Meal/Entertain
2023-01-26 10:41,2023-01-26 10:50,Business,Madurai,Kanpur,3.2,Meal/Entertain
2023-01-26 12:33,2023-01-26 12:41,Business,Indore,Coimbatore,3.7,Errand/Supplies
2023-01-26 16:24,2023-01-26 16:32,Business,Chennai,Bangalore,3.1,Errand/Supplies
2023-01-26 17:17,2023-01-26 17:22,Business,Vijayawada,Rajkot,2.3,Errand/Supplies
2023-01-26 17:27,2023-01-26 17:29,Business,Pune,Lucknow,0.8,Errand/Supplies
2023-01-27 09:24,2023-01-27 09:31,Business,Navi Mumbai,Vadodara,2.9,Meeting
2023-01-27 10:19,2023-01-27 10:48,Business,Lucknow,Hyderabad,30.1,Customer Visit
2023-01-27 12:34,2023-01-27 12:44,Business,Chennai,Pune,5.5,Customer Visit
2023-01-27 14:05,2023-01-27 14:13,Business,Ranchi,Pune,4.3,Customer Visit
2023-01-27 14:46,2023-01-27 15:08,Business,Chennai,Srinagar,20.8,Customer Visit
2023-01-28 12:28,2023-01-28 13:00,Business,Kanpur,Varanasi,30.6,Temporary Site
2023-01-28 15:11,2023-01-28 15:31,Business,Chennai,Amritsar,23.7,Meeting
2023-01-28 16:21,2023-01-28 16:51,Business,Varanasi,Mysore,25.3,Meeting
2023-01-29 09:31,2023-01-29 09:45,Business,Hyderabad,Vadodara,7.4,Customer Visit
2023-01-29 10:56,2023-01-29 11:07,Business,Bhopal,Agra,8.4,Meeting
2023-01-29 11:43,2023-01-29 12:03,Business,Chennai,Bhopal,16.7,Meeting
2023-01-29 13:24,2023-01-29 13:47,Business,Ahmedabad,Hyderabad,16.3,Meeting
2023-01-29 18:31,2023-01-29 18:52,Business,Dhanbad,Ranchi,9.3,Errand/Supplies
2023-01-29 21:21,2023-01-29 21:40,Business,Patna,Nashik,8.9,Meal/Entertain
2023-01-30 16:21,2023-01-30 16:33,Business,Aurangabad,Ahmedabad,9.2,Errand/Supplies
2023-01-30 18:09,2023-01-30 18:24,Business,Jabalpur,Jaipur,9.2,Customer Visit
2023-02-01 10:35,2023-02-01 11:15,Business,Hubli,Bangalore,31.2,Customer Visit
2023-02-01 12:10,2023-02-01 12:43,Business,Jodhpur,Chennai,37.5,Customer Visit
2023-02-01 12:56,2023-02-01 13:07,Business,Guwahati,Faridabad,6.3,Meal/Entertain
2023-02-02 13:04,2023-02-02 13:23,Business,Patna,Navi Mumbai,13.4,Meeting
2023-02-02 13:51,2023-02-02 14:06,Business,Indore,Madurai,9.7,Errand/Supplies
2023-02-02 14:38,2023-02-02 14:42,Business,Patna,Navi Mumbai,2.6,Errand/Supplies
2023-02-04 08:40,2023-02-04 09:01,Business,Visakhapatnam,Varanasi,8.4,Errand/Supplies
2023-02-04 09:37,2023-02-04 10:09,Business,Visakhapatnam,Varanasi,15.6,Meal/Entertain
2023-02-04 10:26,2023-02-04 10:32,Business,Aurangabad,Delhi,2.6,Meal/Entertain
2023-02-04 15:59,2023-02-04 16:03,Business,Allahabad,Mysore,1.8,Meal/Entertain
2023-02-04 16:35,2023-02-04 16:39,Business,Delhi,Thane,2.6,Meal/Entertain
2023-02-04 18:04,2023-02-04 18:31,Business,Srinagar,Jabalpur,14.5,Meeting
2023-02-04 20:36,2023-02-04 20:55,Business,Pune,Ludhiana,12.4,Meeting
2023-02-05 11:47,2023-02-05 12:07,Business,Hubli,Hyderabad,16.7,Meeting
2023-02-05 13:22,2023-02-05 13:41,Business,Varanasi,Lucknow,16.7,Meeting
2023-02-06 16:20,2023-02-06 16:53,Business,Meerut,Vadodara,18.3,Between Offices
2023-02-06 18:57,2023-02-06 19:21,Business,Faridabad,Delhi,14.5,Errand/Supplies
2023-02-06 19:28,2023-02-06 19:37,Business,Navi Mumbai,Delhi,5.1,Meal/Entertain
2023-02-07 16:49,2023-02-07 17:01,Business,Amritsar,Guwahati,9.0,Errand/Supplies
2023-02-07 18:03,2023-02-07 18:17,Business,Chennai,Vasai,9.2,Customer Visit
2023-02-07 18:39,2023-02-07 18:53,Business,Mysore,Madurai,9.8,Temporary Site
2023-02-07 20:22,2023-02-07 20:40,Business,Amritsar,Navi Mumbai,9.8,Meeting
2023-02-08 12:57,2023-02-08 13:08,Business,Madurai,Kolkata,6.9,Meal/Entertain
2023-02-08 14:00,2023-02-08 14:10,Business,Allahabad,Jabalpur,4.3,Meal/Entertain
2023-02-09 10:54,2023-02-09 11:07,Personal,Rajkot,Allahabad,8.5,Meeting
2023-02-09 11:43,2023-02-09 11:50,Personal,Mysore,Navi Mumbai,4.8,Customer Visit
2023-02-09 13:36,2023-02-09 13:52,Personal,Aurangabad,Mysore,8.2,Meal/Entertain
2023-02-09 13:58,2023-02-09 14:02,Personal,Patna,Chandigarh,2.4,Meal/Entertain
2023-02-09 18:55,2023-02-09 19:11,Business,Agra,Rajkot,9.8,Customer Visit
2023-02-09 20:24,2023-02-09 20:40,Business,Amritsar,Hubli,9.8,Meal/Entertain
2023-02-11 16:28,2023-02-11 17:10,Business,Navi Mumbai,Vijayawada,27.8,Meal/Entertain
2023-02-11 17:49,2023-02-11 18:10,Business,Ghaziabad,Madurai,9.2,Meal/Entertain
2023-02-11 18:24,2023-02-11 18:46,Business,Vijayawada,Mumbai,21.7,Temporary Site
2023-02-11 20:36,2023-02-11 20:51,Business,Thane,Jaipur,9.8,Temporary Site
2023-02-12 08:21,2023-02-12 08:42,Business,Lucknow,Hyderabad,13.7,Temporary Site
2023-02-12 10:45,2023-02-12 10:52,Business,Varanasi,Jodhpur,4.2,Temporary Site
2023-02-12 11:14,2023-02-12 11:35,Business,Ranchi,Hyderabad,27.4,Customer Visit
2023-02-12 13:02,2023-02-12 13:36,Business,Rajkot,Guwahati,29.0,Meeting
2023-02-12 14:49,2023-02-12 15:06,Business,Kanpur,Visakhapatnam,13.5,Meeting
2023-02-12 15:33,2023-02-12 16:06,Business,Srinagar,Kalyan,18.5,Customer Visit
2023-02-13 14:21,2023-02-13 14:41,Business,Dhanbad,Kalyan,14.3,Meeting
2023-02-13 23:45,2023-02-14 00:01,Personal,Kolkata,Thane,4.3,Customer Visit
2023-02-14 00:50,2023-02-14 01:00,Personal,Chandigarh,Solapur,2.9,Meeting
2023-02-14 14:07,2023-02-14 14:40,Business,Vadodara,Chennai,13.0,Meeting
2023-02-14 14:46,2023-02-14 15:03,Business,Meerut,Aurangabad,3.2,Meeting
2023-02-14 16:35,2023-02-14 17:02,Business,Rajkot,Mumbai,20.9,Meeting
2023-02-14 17:06,2023-02-14 17:29,Business,Jodhpur,Chennai,22.4,Meeting
2023-02-16 03:21,2023-02-16 04:13,Business,Chandigarh,Srinagar,70.3,Customer Visit
2023-02-16 08:29,2023-02-16 09:34,Business,Meerut,Ludhiana,22.7,Meeting
2023-02-16 10:31,2023-02-16 10:41,Business,Lucknow,Chandigarh,4.2,Meeting
2023-02-16 11:32,2023-02-16 12:02,Business,Agra,Chennai,7.2,Customer Visit
2023-02-16 12:39,2023-02-16 12:42,Business,Bhopal,Pune,2.7,Meeting
2023-02-16 13:43,2023-02-16 13:55,Business,Patna,Amritsar,2.9,Temporary Site
2023-02-16 16:34,2023-02-16 17:10,Business,Vijayawada,Tiruchirappalli,9.7,Errand/Supplies
2023-02-16 17:17,2023-02-16 17:26,Business,Nashik,Faridabad,1.8,Meal/Entertain
2023-02-16 17:40,2023-02-16 17:44,Business,Chennai,Nashik,5.8,Errand/Supplies
2023-02-17 13:18,2023-02-17 14:04,Business,Madurai,Bhopal,23.7,Temporary Site
2023-02-17 15:17,2023-02-17 15:22,Business,Bhopal,Kolkata,2.7,Meal/Entertain
2023-02-17 15:33,2023-02-17 16:17,Business,Jaipur,Jodhpur,34.4,Temporary Site
2023-02-17 16:38,2023-02-17 16:43,Business,Kalyan,Kanpur,0.8,Errand/Supplies
2023-02-18 08:19,2023-02-18 08:27,Business,Vadodara,Lucknow,37.8,Temporary Site
2023-02-18 14:03,2023-02-18 14:45,Business,Jabalpur,Agra,20.4,Temporary Site
2023-02-18 15:16,2023-02-18 15:31,Business,Visakhapatnam,Hubli,9.7,Temporary Site
2023-02-18 18:44,2023-02-18 18:58,Business,Nagpur,Jaipur,8.4,Customer Visit
2023-02-18 19:27,2023-02-18 20:08,Business,Mysore,Kalyan,16.1,Meeting
2023-02-19 09:02,2023-02-19 09:14,Business,Visakhapatnam,Rajkot,29.5,Meeting
2023-02-19 09:21,2023-02-19 09:51,Business,Raipur,Chandigarh,18.0,Meeting
2023-02-19 10:21,2023-02-19 10:48,Business,Raipur,Varanasi,12.2,Meeting
2023-02-19 11:20,2023-02-19 11:26,Personal,Vijayawada,Dhanbad,2.4,Errand/Supplies
2023-02-19 11:45,2023-02-19 11:50,Personal,Nagpur,Vadodara,1.6,Errand/Supplies
2023-02-19 12:09,2023-02-19 12:27,Business,Solapur,Jabalpur,11.7,Temporary Site
2023-02-19 16:26,2023-02-19 16:45,Business,Jabalpur,Aurangabad,5.6,Customer Visit
2023-02-19 17:09,2023-02-19 17:20,Business,Amritsar,Howrah,6.8,Meeting
2023-02-19 20:08,2023-02-19 20:30,Personal,Gwalior,Raipur,21.9,Meal/Entertain
2023-02-19 20:34,2023-02-19 20:51,Personal,Aurangabad,Navi Mumbai,4.0,Meal/Entertain
2023-02-20 07:59,2023-02-20 08:32,Personal,Varanasi,Agra,23.2,Meeting
2023-02-20 10:48,2023-02-20 10:56,Personal,Aurangabad,Coimbatore,4.8,Meal/Entertain
2023-02-20 11:45,2023-02-20 11:53,Personal,Ranchi,Nashik,2.4,Customer Visit
2023-02-20 12:41,2023-02-20 13:17,Business,Chandigarh,Madurai,29.6,Meeting
2023-02-20 14:50,2023-02-20 15:54,Business,Chennai,Allahabad,37.2,Meeting
2023-02-20 16:59,2023-02-20 17:54,Personal,Ranchi,Srinagar,26.6,Customer Visit
2023-02-20 18:00,2023-02-20 18:03,Business,Gwalior,Chandigarh,5.1,Errand/Supplies
2023-02-20 19:28,2023-02-20 19:49,Business,Vijayawada,Raipur,12.4,Errand/Supplies
2023-02-21 09:07,2023-02-21 09:46,Business,Meerut,Lucknow,23.3,Meeting
2023-02-21 11:39,2023-02-21 11:43,Business,Gwalior,Kota,3.9,Errand/Supplies
2023-02-21 11:47,2023-02-21 12:01,Business,Faridabad,Ghaziabad,7.4,Errand/Supplies
2023-02-21 12:13,2023-02-21 12:35,Business,Vadodara,Jabalpur,14.2,Meal/Entertain
2023-02-21 12:51,2023-02-21 13:12,Business,Kota,Visakhapatnam,13.4,Temporary Site
2023-02-21 13:33,2023-02-21 14:30,Business,Howrah,Ahmedabad,36.5,Temporary Site
2023-02-21 14:36,2023-02-21 15:03,Business,Bhopal,Kolkata,20.9,Temporary Site
2023-02-21 15:14,2023-02-21 15:31,Business,Ludhiana,Patna,13.0,Temporary Site
2023-02-21 15:36,2023-02-21 15:41,Business,Hyderabad,Guwahati,3.5,Meal/Entertain
2023-02-21 16:04,2023-02-21 16:32,Business,Ludhiana,Chandigarh,15.6,Meal/Entertain
2023-02-21 23:15,2023-02-21 23:52,Business,Bhopal,Nashik,32.2,Meeting
2023-02-22 21:54,2023-02-22 22:09,Business,Delhi,Ludhiana,13.0,Customer Visit
2023-02-24 14:30,2023-02-24 14:35,Business,Jabalpur,Mumbai,2.4,Customer Visit
2023-02-24 15:19,2023-02-24 15:25,Business,Srinagar,Vijayawada,2.7,Errand/Supplies
2023-02-25 16:27,2023-02-25 16:35,Business,Nashik,Coimbatore,5.0,Errand/Supplies
2023-02-25 16:47,2023-02-25 17:02,Business,Ghaziabad,Allahabad,5.1,Errand/Supplies
2023-02-25 17:16,2023-02-25 17:36,Business,Rajkot,Navi Mumbai,9.7,Meal/Entertain
2023-02-25 18:22,2023-02-25 18:39,Business,Ahmedabad,Solapur,9.3,Meal/Entertain
2023-02-26 09:06,2023-02-26 09:29,Business,Hubli,Ahmedabad,10.1,Meeting
2023-02-26 11:05,2023-02-26 11:11,Personal,Dhanbad,Lucknow,2.7,Meal/Entertain
2023-02-26 11:35,2023-02-26 11:59,Business,Pune,Navi Mumbai,17.1,Meeting
2023-02-26 13:01,2023-02-26 13:24,Business,Thane,Delhi,15.9,Meeting
2023-02-26 14:38,2023-02-26 14:46,Personal,Kalyan,Howrah,3.1,Meal/Entertain
2023-02-26 15:00,2023-02-26 15:18,Personal,Chandigarh,Delhi,6.8,Meeting
2023-02-26 17:01,2023-02-26 17:12,Personal,Vasai,Navi Mumbai,3.2,Meeting
2023-02-28 05:22,2023-02-28 05:38,Business,Howrah,Jabalpur,12.4,Meeting
2023-02-28 09:26,2023-02-28 09:42,Business,Vadodara,Ludhiana,10.9,Meeting
2023-03-01 18:47,2023-03-01 19:10,Business,Amritsar,Ludhiana,12.9,Meal/Entertain
2023-03-01 21:27,2023-03-01 21:45,Business,Solapur,Visakhapatnam,12.9,Meeting
2023-03-03 09:45,2023-03-03 09:52,Personal,Vijayawada,Indore,3.5,Errand/Supplies
2023-03-03 11:04,2023-03-03 11:10,Business,Dhanbad,Jodhpur,3.7,Errand/Supplies
2023-03-03 14:44,2023-03-03 14:58,Business,Gwalior,Amritsar,8.4,Meal/Entertain
2023-03-03 15:27,2023-03-03 15:48,Business,Ludhiana,Allahabad,12.2,Customer Visit
2023-03-03 16:02,2023-03-03 16:42,Business,Jaipur,Nagpur,27.8,Meeting
2023-03-04 07:47,2023-03-04 08:06,Business,Rajkot,Kalyan,15.9,Meeting
2023-03-04 09:46,2023-03-04 10:03,Business,Kota,Vasai,15.9,Customer Visit
2023-03-04 11:46,2023-03-04 12:06,Business,Delhi,Nashik,16.7,Meeting
2023-03-04 13:03,2023-03-04 13:25,Business,Vadodara,Guwahati,17.5,Meeting
2023-03-04 13:40,2023-03-04 14:09,Business,Pune,Kota,25.3,Customer Visit
2023-03-04 15:56,2023-03-04 16:08,Business,Dhanbad,Ludhiana,7.9,Meal/Entertain
2023-03-04 16:16,2023-03-04 16:22,Business,Vadodara,Agra,1.3,Errand/Supplies
2023-03-04 16:43,2023-03-04 17:12,Business,Vasai,Rajkot,21.7,Meeting
2023-03-04 19:02,2023-03-04 19:08,Business,Srinagar,Kolkata,3.1,Temporary Site
2023-03-04 19:16,2023-03-04 19:25,Business,Thane,Patna,3.2,Meal/Entertain
2023-03-05 11:44,2023-03-05 11:59,Business,Faridabad,Kalyan,10.5,Meal/Entertain
2023-03-05 12:57,2023-03-05 13:12,Personal,Vijayawada,Ranchi,6.8,Errand/Supplies
2023-03-05 14:08,2023-03-05 14:18,Personal,Howrah,Agra,5.6,Meal/Entertain
2023-03-05 14:39,2023-03-05 15:01,Business,Dhanbad,Amritsar,12.6,Meal/Entertain
2023-03-05 16:52,2023-03-05 17:13,Business,Nagpur,Tiruchirappalli,12.6,Meal/Entertain
2023-03-05 17:23,2023-03-05 17:34,Business,Coimbatore,Delhi,6.3,Meal/Entertain
2023-03-07 09:10,2023-03-07 09:20,Business,Faridabad,Visakhapatnam,4.5,Errand/Supplies
2023-03-07 09:23,2023-03-07 09:47,Business,Howrah,Lucknow,20.0,Customer Visit
2023-03-07 12:10,2023-03-07 12:26,Business,Guwahati,Aurangabad,9.5,Customer Visit
2023-03-07 13:57,2023-03-07 14:18,Business,Jodhpur,Jaipur,15.1,Meeting
2023-03-07 15:19,2023-03-07 15:45,Business,Kota,Mysore,19.2,Between Offices
2023-03-08 14:38,2023-03-08 14:55,Business,Ahmedabad,Ahmedabad,11.6,Between Offices
2023-03-08 15:35,2023-03-08 16:00,Business,Bangalore,Chandigarh,12.2,Meal/Entertain
2023-03-08 16:13,2023-03-08 16:25,Personal,Kanpur,Visakhapatnam,2.6,Customer Visit
2023-03-10 03:36,2023-03-10 03:53,Business,Patna,Lucknow,13.5,Meeting
2023-03-10 10:08,2023-03-10 10:37,Business,Vadodara,Ahmedabad,20.6,Meeting
2023-03-10 14:39,2023-03-10 14:55,Business,Allahabad,Bhopal,3.7,Errand/Supplies
2023-03-10 16:18,2023-03-10 16:28,Business,Indore,Mumbai,2.6,Errand/Supplies
2023-03-11 09:47,2023-03-11 09:59,Business,Dhanbad,Mumbai,3.2,Meal/Entertain
2023-03-11 10:29,2023-03-11 10:36,Business,Mumbai,Ludhiana,1.3,Customer Visit
2023-03-11 11:57,2023-03-11 12:04,Business,Nashik,Aurangabad,1.9,Meal/Entertain
2023-03-11 13:43,2023-03-11 13:51,Business,Faridabad,Rajkot,1.6,Errand/Supplies
2023-03-11 19:21,2023-03-11 19:35,Business,Indore,Meerut,3.4,Errand/Supplies
2023-03-12 09:13,2023-03-12 09:22,Business,Madurai,Jodhpur,3.5,Customer Visit
2023-03-12 18:27,2023-03-12 18:37,Personal,Kota,Jaipur,3.1,Meal/Entertain
2023-03-13 09:07,2023-03-13 09:37,Business,Bangalore,Ludhiana,9.2,Meal/Entertain
2023-03-13 18:23,2023-03-13 18:43,Business,Nagpur,Guwahati,13.5,Meal/Entertain
2023-03-13 20:07,2023-03-13 20:28,Business,Gwalior,Allahabad,10.0,Meal/Entertain
2023-03-13 20:39,2023-03-13 20:58,Business,Kalyan,Chennai,16.9,Meal/Entertain
2023-03-13 21:11,2023-03-13 21:23,Business,Nashik,Jodhpur,11.6,Meal/Entertain
2023-03-13 22:19,2023-03-13 22:39,Business,Navi Mumbai,Lucknow,20.1,Meeting
2023-03-14 08:34,2023-03-14 08:49,Business,Nagpur,Madurai,3.2,Errand/Supplies
2023-03-14 18:39,2023-03-14 18:55,Business,Kalyan,Ahmedabad,4.3,Meal/Entertain
2023-03-15 08:45,2023-03-15 08:57,Business,Kalyan,Ludhiana,3.2,Meal/Entertain
2023-03-15 20:48,2023-03-15 21:01,Business,Mysore,Vadodara,4.5,Meal/Entertain
2023-03-16 11:34,2023-03-16 11:45,Business,Hubli,Lucknow,2.7,Meal/Entertain
2023-03-16 14:44,2023-03-16 14:55,Business,Visakhapatnam,Pune,3.2,Customer Visit
2023-03-16 18:43,2023-03-16 18:56,Business,Ahmedabad,Kalyan,3.4,Meal/Entertain
2023-03-17 00:33,2023-03-17 00:44,Personal,Jodhpur,Varanasi,2.7,Meeting
2023-03-17 12:52,2023-03-17 15:11,Business,Chennai,Pune,99.9,Customer Visit
2023-03-17 15:16,2023-03-17 15:58,Business,Vadodara,Ranchi,48.6,Meeting
2023-03-17 17:20,2023-03-17 18:02,Business,Hyderabad,Mysore,24.9,Meal/Entertain
2023-03-17 18:47,2023-03-17 19:09,Personal,Vasai,Jodhpur,7.9,Meeting
2023-03-17 20:57,2023-03-17 21:28,Personal,Indore,Gwalior,20.3,Errand/Supplies
2023-03-17 21:48,2023-03-17 22:04,Personal,Ghaziabad,Ranchi,16.7,Meal/Entertain
2023-03-18 07:15,2023-03-18 07:21,Business,Varanasi,Hyderabad,1.8,Meal/Entertain
2023-03-18 08:35,2023-03-18 08:43,Business,Vasai,Chandigarh,1.8,Meal/Entertain
2023-03-18 18:24,2023-03-18 19:08,Business,Pune,Howrah,21.2,Meeting
2023-03-18 19:23,2023-03-18 19:29,Business,Kota,Ludhiana,1.6,Errand/Supplies
2023-03-18 21:01,2023-03-18 21:15,Business,Jabalpur,Rajkot,14.8,Customer Visit
2023-03-19 09:10,2023-03-19 09:25,Business,Bhopal,Dhanbad,15.1,Meal/Entertain
2023-03-19 12:50,2023-03-19 13:13,Business,Amritsar,Ghaziabad,19.3,Customer Visit
2023-03-19 14:01,2023-03-19 14:57,Business,Raipur,Jabalpur,56.5,Customer Visit
2023-03-19 15:34,2023-03-19 16:38,Business,Agra,Bhopal,58.7,Meal/Entertain
2023-03-19 17:17,2023-03-19 17:32,Business,Bhopal,Nagpur,5.0,Meal/Entertain
2023-03-19 17:37,2023-03-19 17:47,Business,Raipur,Kanpur,3.4,Errand/Supplies
2023-03-19 17:52,2023-03-19 18:00,Business,Coimbatore,Jaipur,1.9,Customer Visit
2023-03-19 18:53,2023-03-19 19:29,Business,Chandigarh,Vijayawada,12.1,Meeting
2023-03-19 19:33,2023-03-19 20:39,Business,Agra,Visakhapatnam,91.7,Customer Visit
2023-03-20 07:37,2023-03-20 07:48,Business,Bangalore,Amritsar,9.5,Meeting
2023-03-20 11:42,2023-03-20 11:56,Business,Tiruchirappalli,Faridabad,10.0,Meeting
2023-03-20 17:08,2023-03-20 17:34,Business,Chennai,Jodhpur,16.7,Meeting
2023-03-20 18:34,2023-03-20 18:40,Personal,Kalyan,Dhanbad,1.9,Meal/Entertain
2023-03-20 18:45,2023-03-20 19:06,Business,Meerut,Kolkata,15.4,Customer Visit
2023-03-21 10:21,2023-03-21 10:26,Personal,Jodhpur,Pune,1.6,Meeting
2023-03-21 16:05,2023-03-21 16:13,Business,Patna,Coimbatore,1.4,Meal/Entertain
2023-03-21 18:59,2023-03-21 19:15,Business,Kanpur,Howrah,14.2,Customer Visit
2023-03-21 20:18,2023-03-21 20:55,Business,Ghaziabad,Solapur,41.2,Meal/Entertain
2023-03-22 06:17,2023-03-22 06:43,Business,Rajkot,Srinagar,37.0,Meal/Entertain
2023-03-22 12:06,2023-03-22 12:24,Personal,Allahabad,Chennai,13.0,Errand/Supplies
2023-03-22 19:12,2023-03-22 19:25,Personal,Jaipur,Patna,2.3,Errand/Supplies
2023-03-23 14:37,2023-03-23 14:42,Personal,Ranchi,Nashik,2.7,Customer Visit
2023-03-23 14:53,2023-03-23 14:59,Personal,Ahmedabad,Faridabad,2.6,Meal/Entertain
2023-03-24 19:47,2023-03-24 19:54,Personal,Madurai,Navi Mumbai,3.2,Customer Visit
2023-03-24 20:34,2023-03-24 20:40,Business,Nagpur,Chennai,3.5,Errand/Supplies
2023-03-25 13:24,2023-03-25 16:22,Business,Kalyan,Meerut,99.9,Customer Visit
2023-03-25 16:52,2023-03-25 22:22,Business,Mumbai,Raipur,99.9,Customer Visit
2023-03-25 22:54,2023-03-26 01:39,Business,Jabalpur,Ranchi,99.9,Meeting
2023-03-26 14:05,2023-03-26 14:29,Personal,Delhi,Nashik,10.8,Meeting
2023-03-26 15:19,2023-03-26 15:49,Personal,Solapur,Delhi,14.2,Meeting
2023-03-26 16:26,2023-03-26 16:30,Personal,Visakhapatnam,Tiruchirappalli,1.9,Customer Visit
2023-03-27 00:31,2023-03-27 00:40,Business,Amritsar,Mumbai,3.4,Errand/Supplies
2023-03-27 01:11,2023-03-27 01:23,Business,Guwahati,Gwalior,10.6,Meal/Entertain
2023-03-27 15:31,2023-03-27 15:56,Business,Mysore,Tiruchirappalli,9.8,Customer Visit
2023-03-27 21:26,2023-03-27 21:41,Personal,Rajkot,Bhopal,11.1,Meeting
2023-03-27 23:04,2023-03-27 23:18,Personal,Lucknow,Chennai,11.7,Meeting
2023-03-28 12:29,2023-03-28 12:42,Personal,Mumbai,Aurangabad,5.8,Customer Visit
2023-03-28 19:30,2023-03-28 20:23,Personal,Hyderabad,Srinagar,43.8,Meal/Entertain
2023-03-28 22:55,2023-03-28 23:26,Personal,Vijayawada,Ludhiana,41.4,Errand/Supplies
2023-03-29 15:27,2023-03-29 16:11,Personal,Tiruchirappalli,Kanpur,21.9,Meeting
2023-03-29 18:20,2023-03-29 18:39,Personal,Solapur,Bhopal,10.0,Meeting
2023-03-29 20:29,2023-03-29 20:44,Personal,Lucknow,Jodhpur,9.7,Meeting
2023-03-29 23:04,2023-03-29 23:21,Personal,Raipur,Nashik,22.2,Meeting
2023-03-30 22:05,2023-03-30 22:55,Business,Hyderabad,Coimbatore,46.3,Meal/Entertain
2023-03-31 12:47,2023-03-31 13:22,Business,Kota,Bhopal,25.9,Temporary Site
2023-03-31 14:37,2023-03-31 15:09,Business,Allahabad,Kolkata,26.4,Meal/Entertain
2023-04-01 13:43,2023-04-01 14:01,Business,Jodhpur,Mysore,17.7,Meeting
2023-04-01 14:36,2023-04-01 15:24,Business,Hyderabad,Vijayawada,24.9,Customer Visit
2023-04-01 16:01,2023-04-01 16:49,Business,Srinagar,Mysore,32.7,Meeting
2023-04-01 16:52,2023-04-01 16:57,Personal,Howrah,Srinagar,1.1,Meal/Entertain
2023-04-02 08:48,2023-04-02 09:04,Personal,Mysore,Patna,8.9,Customer Visit
2023-04-02 11:01,2023-04-02 11:16,Personal,Visakhapatnam,Chandigarh,8.2,Customer Visit
2023-04-02 12:21,2023-04-02 14:47,Business,Vasai,Madurai,99.9,Customer Visit
2023-04-02 16:57,2023-04-02 18:09,Business,Patna,Varanasi,99.9,Customer Visit
2023-04-02 19:38,2023-04-02 22:36,Business,Vasai,Ahmedabad,99.9,Customer Visit
2023-04-02 23:11,2023-04-03 01:34,Business,Ahmedabad,Jodhpur,99.9,Meeting
2023-04-03 02:00,2023-04-03 04:16,Business,Amritsar,Varanasi,99.9,Meeting
2023-04-05 21:39,2023-04-05 21:55,Business,Raipur,Vadodara,12.7,Meal/Entertain
2023-04-06 00:19,2023-04-06 00:39,Business,Jabalpur,Ranchi,12.9,Meal/Entertain
2023-04-07 18:20,2023-04-07 18:39,Business,Rajkot,Navi Mumbai,9.8,Meal/Entertain
2023-04-07 19:45,2023-04-07 20:00,Business,Jaipur,Visakhapatnam,9.8,Errand/Supplies
2023-04-08 12:30,2023-04-08 12:48,Business,Ghaziabad,Pune,16.9,Meeting
2023-04-08 13:34,2023-04-08 13:51,Business,Dhanbad,Ludhiana,14.0,Meal/Entertain
2023-04-08 13:55,2023-04-08 14:03,Business,Jabalpur,Jabalpur,2.9,Errand/Supplies
2023-04-08 14:43,2023-04-08 15:20,Business,Faridabad,Rajkot,30.7,Meeting
2023-04-08 16:05,2023-04-08 16:47,Business,Gwalior,Dhanbad,29.9,Meeting
2023-04-12 09:15,2023-04-12 09:26,Business,Faridabad,Patna,4.5,Errand/Supplies
2023-04-12 09:34,2023-04-12 09:53,Business,Ahmedabad,Nashik,14.3,Meeting
2023-04-12 10:58,2023-04-12 11:18,Business,Madurai,Varanasi,12.1,Customer Visit
2023-04-12 12:22,2023-04-12 12:44,Business,Coimbatore,Bangalore,25.6,Meeting
2023-04-12 13:42,2023-04-12 14:01,Business,Bangalore,Pune,10.5,Meal/Entertain
2023-04-14 07:29,2023-04-14 08:09,Business,Madurai,Kanpur,24.6,Temporary Site
2023-04-14 16:00,2023-04-14 16:43,Business,Delhi,Srinagar,22.0,Temporary Site
2023-04-15 11:36,2023-04-15 12:07,Business,Kolkata,Gwalior,19.2,Temporary Site
2023-04-15 12:29,2023-04-15 12:32,Business,Madurai,Vadodara,2.3,Errand/Supplies
2023-04-15 14:31,2023-04-15 15:01,Business,Ghaziabad,Kalyan,24.5,Meeting
2023-04-16 12:59,2023-04-16 13:17,Business,Delhi,Raipur,9.7,Errand/Supplies
2023-04-16 15:10,2023-04-16 15:26,Business,Raipur,Hubli,9.8,Meal/Entertain
2023-04-19 17:44,2023-04-19 18:08,Business,Chandigarh,Tiruchirappalli,13.2,Meal/Entertain
2023-04-19 19:57,2023-04-19 20:19,Business,Rajkot,Ludhiana,12.9,Meal/Entertain
2023-04-22 08:25,2023-04-22 09:04,Business,Nagpur,Dhanbad,21.9,Meeting
2023-04-22 10:10,2023-04-22 10:40,Business,Indore,Vijayawada,36.2,Meeting
2023-04-22 12:08,2023-04-22 12:28,Business,Ghaziabad,Ghaziabad,16.7,Meeting
2023-04-22 13:02,2023-04-22 13:26,Business,Tiruchirappalli,Meerut,16.1,Meeting
2023-04-23 17:03,2023-04-23 17:16,Business,Delhi,Pune,9.7,Meal/Entertain
2023-04-23 18:49,2023-04-23 19:05,Business,Vasai,Faridabad,10.5,Meal/Entertain
2023-04-24 19:07,2023-04-24 19:16,Business,Pune,Nagpur,5.0,Errand/Supplies
2023-04-24 19:46,2023-04-24 19:52,Business,Vadodara,Vadodara,3.1,Errand/Supplies
2023-04-24 21:41,2023-04-24 21:50,Business,Jaipur,Vasai,6.8,Between Offices
2023-04-27 13:30,2023-04-27 13:40,Business,Ranchi,Gwalior,7.9,Between Offices
2023-04-27 14:13,2023-04-27 14:25,Business,Dhanbad,Indore,7.7,Between Offices
2023-04-28 12:09,2023-04-28 12:34,Business,Coimbatore,Vijayawada,20.0,Customer Visit
2023-04-28 13:30,2023-04-28 13:49,Business,Coimbatore,Vasai,52.8,Customer Visit
2023-04-28 22:10,2023-04-28 22:28,Business,Kolkata,Allahabad,8.9,Customer Visit
2023-04-29 11:44,2023-04-29 12:01,Business,Guwahati,Nashik,15.9,Meeting
2023-04-29 13:13,2023-04-29 13:34,Business,Patna,Lucknow,16.1,Meeting
2023-04-29 18:46,2023-04-29 19:18,Business,Dhanbad,Bangalore,22.9,Customer Visit
2023-04-29 22:44,2023-04-29 23:19,Business,Vadodara,Mumbai,29.3,Meeting
2023-04-30 18:42,2023-04-30 18:57,Business,Indore,Vadodara,12.4,Meal/Entertain
2023-04-30 22:16,2023-04-30 22:34,Business,Dhanbad,Bhopal,10.9,Meal/Entertain
2023-05-01 13:45,2023-05-01 13:53,Business,Howrah,Jabalpur,3.4,Meal/Entertain
2023-05-01 14:26,2023-05-01 14:31,Business,Visakhapatnam,Jaipur,3.7,Customer Visit
2023-05-01 17:33,2023-05-01 17:45,Business,Ahmedabad,Bhopal,10.0,Between Offices
2023-05-01 17:54,2023-05-01 18:10,Business,Ranchi,Bangalore,12.1,Meeting
2023-05-01 22:38,2023-05-01 22:49,Business,Amritsar,Agra,5.0,Errand/Supplies
2023-05-02 14:14,2023-05-02 14:21,Business,Howrah,Kolkata,3.5,Errand/Supplies
2023-05-02 15:37,2023-05-02 15:48,Business,Kota,Rajkot,6.3,Meal/Entertain
2023-05-03 22:20,2023-05-03 22:28,Business,Hyderabad,Jabalpur,4.0,Meal/Entertain
2023-05-04 15:16,2023-05-04 15:37,Business,Chennai,Mysore,14.0,Meal/Entertain
2023-05-04 20:55,2023-05-04 21:14,Business,Bangalore,Guwahati,23.3,Errand/Supplies
2023-05-04 21:30,2023-05-04 21:36,Business,Thane,Solapur,7.2,Meal/Entertain
2023-05-04 22:19,2023-05-04 22:27,Business,Ghaziabad,Lucknow,8.0,Meal/Entertain
2023-05-05 21:24,2023-05-05 21:36,Business,Nashik,Nashik,22.9,Meal/Entertain
2023-05-05 22:34,2023-05-05 22:40,Business,Ludhiana,Bhopal,4.7,Errand/Supplies
2023-05-05 23:55,2023-05-06 00:08,Business,Raipur,Rajkot,20.8,Meeting
2023-05-06 05:47,2023-05-06 06:02,Business,Varanasi,Thane,23.2,Meeting
2023-05-06 16:45,2023-05-06 16:59,Business,Agra,Meerut,27.4,Meeting
2023-05-06 17:18,2023-05-06 17:44,Business,Coimbatore,Ahmedabad,12.7,Customer Visit
2023-05-09 06:08,2023-05-09 06:25,Business,Ghaziabad,Vadodara,13.5,Customer Visit
2023-05-09 14:39,2023-05-09 15:06,Business,Howrah,Gwalior,33.0,Between Offices
2023-05-09 17:58,2023-05-09 18:26,Business,Jabalpur,Ghaziabad,15.8,Customer Visit
2023-05-09 19:35,2023-05-09 19:59,Business,Guwahati,Mysore,28.3,Customer Visit
2023-05-10 09:03,2023-05-10 09:20,Business,Ludhiana,Visakhapatnam,15.0,Customer Visit
2023-05-10 17:19,2023-05-10 17:31,Business,Visakhapatnam,Ranchi,12.7,Customer Visit
2023-05-11 08:35,2023-05-11 09:12,Business,Meerut,Ludhiana,41.2,Meeting
2023-05-11 21:47,2023-05-11 22:04,Business,Vasai,Jabalpur,13.0,Meeting
2023-05-14 18:35,2023-05-14 18:39,Business,Srinagar,Madurai,5.0,Meal/Entertain
2023-05-14 23:01,2023-05-14 23:05,Business,Vadodara,Allahabad,5.0,Meal/Entertain
2023-05-17 13:15,2023-05-17 13:23,Business,Dhanbad,Agra,4.5,Errand/Supplies
2023-05-17 13:56,2023-05-17 14:08,Business,Allahabad,Rajkot,4.3,Errand/Supplies
2023-05-17 14:34,2023-05-17 14:40,Business,Hubli,Kanpur,3.1,Errand/Supplies
2023-05-18 09:11,2023-05-18 09:41,Business,Srinagar,Ranchi,13.5,Customer Visit
2023-05-18 13:00,2023-05-18 13:02,Business,Hubli,Kalyan,12.2,Customer Visit
2023-05-19 14:37,2023-05-19 15:01,Business,Navi Mumbai,Faridabad,4.7,Meal/Entertain
2023-05-20 10:56,2023-05-20 11:07,Business,Lucknow,Nagpur,18.0,Meeting
2023-05-20 15:43,2023-05-20 16:12,Business,Dhanbad,Indore,13.2,Meal/Entertain
2023-05-22 15:39,2023-05-22 15:46,Business,Aurangabad,Kota,4.8,Meal/Entertain
2023-05-22 18:46,2023-05-22 18:53,Business,Varanasi,Ludhiana,4.0,Meal/Entertain
2023-05-23 20:19,2023-05-23 20:27,Business,Ludhiana,Bhopal,5.8,Meal/Entertain
2023-05-23 21:09,2023-05-23 21:21,Business,Rajkot,Ghaziabad,5.8,Errand/Supplies
2023-05-27 20:26,2023-05-27 20:30,Business,Chandigarh,Faridabad,7.2,Errand/Supplies
2023-05-27 20:47,2023-05-27 20:53,Business,Kalyan,Thane,1.9,Meal/Entertain
2023-05-27 22:11,2023-05-27 22:14,Business,Chennai,Howrah,2.7,Errand/Supplies
2023-05-28 00:15,2023-05-28 00:21,Business,Pune,Kanpur,7.6,Errand/Supplies
2023-05-28 12:52,2023-05-28 13:06,Business,Solapur,Jodhpur,9.8,Meal/Entertain
2023-05-28 14:35,2023-05-28 15:04,Business,Agra,Ranchi,18.2,Customer Visit
2023-05-31 13:54,2023-05-31 14:41,Business,Aurangabad,Ranchi,24.0,Meeting
2023-05-31 16:02,2023-05-31 16:39,Business,Faridabad,Mysore,22.5,Meeting
2023-05-31 17:50,2023-05-31 17:59,Business,Gwalior,Mysore,2.9,Meal/Entertain
2023-06-01 10:19,2023-06-01 10:47,Business,Faridabad,Guwahati,10.8,Customer Visit
2023-06-01 13:10,2023-06-01 13:39,Business,Pune,Kolkata,15.4,Meeting
2023-06-03 11:29,2023-06-03 11:49,Business,Amritsar,Pune,16.7,Meeting
2023-06-03 13:08,2023-06-03 13:38,Business,Rajkot,Vadodara,15.9,Meeting
2023-06-03 15:31,2023-06-03 15:54,Business,Kota,Visakhapatnam,9.7,Meal/Entertain
2023-06-03 18:14,2023-06-03 18:29,Business,Allahabad,Visakhapatnam,5.3,Errand/Supplies
2023-06-03 18:41,2023-06-03 18:53,Business,Gwalior,Rajkot,5.0,Errand/Supplies
2023-06-03 19:36,2023-06-03 19:42,Business,Allahabad,Varanasi,2.7,Errand/Supplies
2023-06-03 22:47,2023-06-03 23:06,Business,Mumbai,Visakhapatnam,6.4,Between Offices
2023-06-05 14:03,2023-06-05 14:33,Business,Ghaziabad,Jabalpur,12.6,Customer Visit
2023-06-05 15:06,2023-06-05 15:22,Business,Amritsar,Pune,12.6,Customer Visit
2023-06-05 15:57,2023-06-05 16:08,Business,Ludhiana,Delhi,6.1,Meal/Entertain
2023-06-05 18:05,2023-06-05 18:14,Business,Tiruchirappalli,Varanasi,4.0,Meal/Entertain
2023-06-05 21:53,2023-06-05 22:05,Business,Tiruchirappalli,Coimbatore,15.9,Meeting
2023-06-05 23:52,2023-06-06 00:08,Business,Nagpur,Rajkot,15.9,Meeting
2023-06-06 15:36,2023-06-06 15:45,Business,Nagpur,Nashik,4.8,Errand/Supplies
2023-06-06 16:16,2023-06-06 16:24,Business,Agra,Vadodara,3.9,Errand/Supplies
2023-06-06 20:06,2023-06-06 20:20,Business,Patna,Dhanbad,9.2,Meal/Entertain
2023-06-06 21:08,2023-06-06 21:37,Business,Faridabad,Patna,11.6,Meal/Entertain
2023-06-06 21:41,2023-06-06 22:00,Business,Vasai,Allahabad,16.7,Meeting
2023-06-06 23:34,2023-06-06 23:48,Business,Chennai,Bangalore,15.9,Meeting
2023-06-07 21:42,2023-06-07 22:00,Business,Navi Mumbai,Faridabad,16.7,Meeting
2023-06-07 23:41,2023-06-08 00:04,Business,Mumbai,Indore,15.9,Meeting
2023-06-08 08:23,2023-06-08 08:53,Business,Kota,Ludhiana,14.0,Meal/Entertain
2023-06-08 12:04,2023-06-08 13:01,Business,Meerut,Delhi,35.9,Errand/Supplies
2023-06-08 13:12,2023-06-08 13:29,Business,Howrah,Agra,5.3,Meal/Entertain
2023-06-08 14:31,2023-06-08 14:37,Business,Meerut,Indore,1.1,Errand/Supplies
2023-06-08 16:55,2023-06-08 17:11,Business,Patna,Madurai,4.0,Meal/Entertain
2023-06-08 17:16,2023-06-08 17:18,Business,Bangalore,Kanpur,0.8,Errand/Supplies
2023-06-08 17:59,2023-06-08 18:05,Business,Meerut,Aurangabad,1.4,Errand/Supplies
2023-06-08 20:11,2023-06-08 20:25,Business,Howrah,Solapur,7.7,Errand/Supplies
2023-06-10 15:19,2023-06-10 16:28,Business,Nashik,Aurangabad,26.2,Meeting
2023-06-10 21:47,2023-06-10 22:04,Business,Ranchi,Visakhapatnam,16.7,Meeting
2023-06-10 23:53,2023-06-11 00:01,Business,Visakhapatnam,Ranchi,15.9,Meeting
2023-06-11 17:08,2023-06-11 17:16,Business,Allahabad,Solapur,6.0,Errand/Supplies
2023-06-11 17:34,2023-06-11 17:39,Business,Jodhpur,Jabalpur,7.4,Meal/Entertain
2023-06-11 17:50,2023-06-11 17:56,Business,Patna,Ranchi,2.7,Meal/Entertain
2023-06-11 21:45,2023-06-11 22:04,Business,Tiruchirappalli,Delhi,16.7,Meeting
2023-06-11 23:39,2023-06-12 00:05,Business,Thane,Bangalore,15.9,Meeting
2023-06-12 19:53,2023-06-12 19:56,Business,Meerut,Guwahati,4.0,Meal/Entertain
2023-06-12 20:05,2023-06-12 20:16,Business,Kolkata,Bhopal,6.9,Errand/Supplies
2023-06-12 21:58,2023-06-12 22:19,Business,Rajkot,Navi Mumbai,4.5,Errand/Supplies
2023-06-13 05:23,2023-06-13 05:42,Business,Guwahati,Nagpur,13.5,Meal/Entertain
2023-06-13 14:17,2023-06-13 14:46,Business,Gwalior,Guwahati,21.2,Meeting
2023-06-13 18:08,2023-06-13 18:47,Business,Pune,Bhopal,6.3,Meal/Entertain
2023-06-13 18:54,2023-06-13 19:23,Business,Kota,Dhanbad,8.2,Meal/Entertain
2023-06-13 20:00,2023-06-13 20:05,Business,Nashik,Vadodara,8.4,Customer Visit
2023-06-14 12:03,2023-06-14 12:21,Business,Jabalpur,Chandigarh,15.8,Customer Visit
2023-06-14 16:09,2023-06-14 16:39,Business,Bhopal,Visakhapatnam,18.7,Meeting
2023-06-14 17:15,2023-06-14 17:24,Business,Amritsar,Aurangabad,8.2,Meeting
2023-06-14 17:27,2023-06-14 17:57,Business,Varanasi,Gwalior,15.0,Errand/Supplies
2023-06-15 01:46,2023-06-15 02:06,Business,Vasai,Dhanbad,20.0,Between Offices
2023-06-15 15:26,2023-06-15 15:34,Business,Rajkot,Dhanbad,3.1,Between Offices
2023-06-15 16:37,2023-06-15 17:02,Business,Kota,Vasai,10.3,Customer Visit
2023-06-15 17:29,2023-06-15 17:49,Personal,Vadodara,Jodhpur,8.9,Meeting
2023-06-15 19:52,2023-06-15 19:58,Business,Kanpur,Gwalior,2.4,Meal/Entertain
2023-06-16 13:36,2023-06-16 14:30,Business,Jodhpur,Aurangabad,23.3,Meeting
2023-06-16 14:42,2023-06-16 14:46,Business,Gwalior,Bangalore,4.3,Meal/Entertain
2023-06-16 15:17,2023-06-16 15:41,Business,Ahmedabad,Solapur,24.1,Meal/Entertain
2023-06-16 19:39,2023-06-16 19:56,Business,Aurangabad,Meerut,20.8,Meal/Entertain
2023-06-16 21:43,2023-06-16 21:56,Business,Rajkot,Jabalpur,21.9,Meeting
2023-06-17 16:11,2023-06-17 16:44,Business,Raipur,Hyderabad,19.6,Meeting
2023-06-18 00:29,2023-06-18 00:51,Business,Thane,Vasai,14.0,Meal/Entertain
2023-06-19 02:39,2023-06-19 02:50,Business,Rajkot,Tiruchirappalli,9.7,Meeting
2023-06-19 05:51,2023-06-19 06:00,Business,Gwalior,Chennai,9.5,Meal/Entertain
2023-06-21 15:39,2023-06-21 16:08,Business,Thane,Dhanbad,31.1,Meal/Entertain
2023-06-21 17:11,2023-06-21 18:02,Business,Kota,Ludhiana,26.7,Meal/Entertain
2023-06-24 10:41,2023-06-24 10:57,Business,Ludhiana,Indore,11.4,Meal/Entertain
2023-06-24 11:54,2023-06-24 12:01,Business,Chennai,Bangalore,3.4,Meal/Entertain
2023-06-24 12:19,2023-06-24 12:37,Business,Lucknow,Gwalior,13.8,Errand/Supplies
2023-06-24 12:50,2023-06-24 13:12,Business,Dhanbad,Varanasi,14.5,Errand/Supplies
2023-06-24 13:18,2023-06-24 13:27,Business,Bangalore,Pune,5.0,Errand/Supplies
2023-06-24 14:01,2023-06-24 14:20,Business,Raipur,Navi Mumbai,13.5,Temporary Site
2023-06-24 20:44,2023-06-24 21:02,Business,Thane,Kolkata,20.6,Meal/Entertain
2023-06-25 09:03,2023-06-25 09:12,Business,Kolkata,Varanasi,7.2,Customer Visit
2023-06-25 09:15,2023-06-25 10:08,Business,Kanpur,Vijayawada,19.0,Between Offices
2023-06-25 10:18,2023-06-25 10:25,Business,Pune,Varanasi,1.8,Errand/Supplies
2023-06-25 10:50,2023-06-25 11:18,Business,Kota,Nagpur,27.4,Meal/Entertain
2023-06-25 11:25,2023-06-25 11:34,Business,Vadodara,Nagpur,2.7,Meeting
2023-06-25 11:53,2023-06-25 13:21,Business,Allahabad,Meerut,24.9,Meeting
2023-06-25 19:47,2023-06-25 19:58,Business,Hubli,Navi Mumbai,2.6,Meeting
2023-06-25 23:19,2023-06-25 23:26,Business,Lucknow,Kalyan,2.4,Meeting
2023-06-26 17:43,2023-06-26 18:18,Business,Chennai,Howrah,20.3,Meeting
2023-06-26 18:45,2023-06-26 19:12,Business,Kota,Vijayawada,7.7,Meal/Entertain
2023-06-26 19:41,2023-06-26 19:50,Business,Pune,Raipur,3.5,Errand/Supplies
2023-06-26 21:14,2023-06-26 21:42,Business,Jodhpur,Navi Mumbai,20.9,Meeting
2023-06-27 07:37,2023-06-27 08:48,Business,Tiruchirappalli,Dhanbad,75.5,Meeting
2023-06-27 08:51,2023-06-27 09:00,Business,Meerut,Indore,4.0,Meeting
2023-06-27 09:05,2023-06-27 09:33,Business,Lucknow,Madurai,13.8,Meeting
2023-06-27 09:43,2023-06-27 10:08,Business,Chennai,Ghaziabad,8.4,Meeting
2023-06-27 10:22,2023-06-27 10:39,Business,Ghaziabad,Pune,12.2,Meal/Entertain
2023-06-27 10:51,2023-06-27 10:58,Business,Hubli,Ahmedabad,2.9,Meeting
2023-06-27 11:06,2023-06-27 11:24,Business,Gwalior,Kota,7.6,Meal/Entertain
2023-06-27 11:30,2023-06-27 11:42,Business,Ludhiana,Kalyan,4.5,Meal/Entertain
2023-06-27 12:22,2023-06-27 13:02,Business,Navi Mumbai,Delhi,48.3,Meeting
2023-06-27 13:56,2023-06-27 14:05,Business,Kanpur,Mysore,7.1,Customer Visit
2023-06-27 21:09,2023-06-27 21:19,Business,Jabalpur,Bangalore,1.6,Customer Visit
2023-06-28 00:48,2023-06-28 01:05,Business,Pune,Ranchi,13.2,Customer Visit
2023-06-28 20:13,2023-06-28 20:33,Business,Faridabad,Dhanbad,16.7,Meeting
2023-06-28 23:34,2023-06-28 23:59,Business,Tiruchirappalli,Dhanbad,15.9,Meeting
2023-06-28 23:34,2023-06-28 23:59,Business,Navi Mumbai,Mysore,15.9,Meeting
2023-06-29 08:56,2023-06-29 09:24,Business,Allahabad,Gwalior,11.7,Errand/Supplies
2023-06-29 10:22,2023-06-29 10:38,Business,Ahmedabad,Bhopal,11.9,Meal/Entertain
2023-06-29 11:49,2023-06-29 11:51,Business,Guwahati,Indore,2.6,Meeting
2023-06-29 12:11,2023-06-29 12:16,Business,Lucknow,Ghaziabad,2.9,Meeting
2023-06-29 20:11,2023-06-29 20:29,Business,Tiruchirappalli,Chennai,16.7,Meeting
2023-06-29 23:38,2023-06-30 00:00,Business,Madurai,Amritsar,15.9,Meeting
2023-06-30 20:09,2023-06-30 20:26,Business,Agra,Chandigarh,15.9,Meeting
2023-07-01 00:00,2023-07-01 00:25,Business,Meerut,Mysore,15.9,Meeting
2023-07-01 09:34,2023-07-01 09:57,Business,Solapur,Faridabad,21.4,Meeting
2023-07-01 12:36,2023-07-01 13:00,Business,Ghaziabad,Ahmedabad,18.2,Meeting
2023-07-01 20:06,2023-07-01 20:24,Business,Rajkot,Dhanbad,16.9,Meeting
2023-07-01 23:48,2023-07-02 00:09,Business,Coimbatore,Coimbatore,15.9,Meeting
2023-07-02 20:18,2023-07-02 20:36,Business,Hubli,Kolkata,16.3,Meeting
2023-07-02 23:48,2023-07-03 00:12,Business,Lucknow,Allahabad,15.9,Meeting
2023-07-03 00:28,2023-07-03 00:38,Business,Allahabad,Mumbai,5.0,Errand/Supplies
2023-07-03 03:02,2023-07-03 03:08,Business,Pune,Indore,5.0,Errand/Supplies
2023-07-03 20:00,2023-07-03 20:18,Business,Varanasi,Ludhiana,15.9,Meeting
2023-07-04 00:32,2023-07-04 00:47,Business,Jodhpur,Ludhiana,15.9,Meeting
2023-07-04 17:31,2023-07-04 17:49,Business,Nashik,Varanasi,14.2,Meeting
2023-07-04 18:23,2023-07-04 18:49,Business,Allahabad,Chandigarh,14.0,Temporary Site
2023-07-04 20:00,2023-07-04 20:17,Business,Chandigarh,Raipur,19.0,Meeting
2023-07-05 00:00,2023-07-05 00:05,Business,Hubli,Jaipur,1.9,Errand/Supplies
2023-07-05 00:08,2023-07-05 00:28,Business,Jaipur,Visakhapatnam,15.9,Meeting
2023-07-05 16:48,2023-07-05 16:52,Business,Srinagar,Ranchi,1.0,Errand/Supplies
2023-07-05 20:06,2023-07-05 20:26,Business,Delhi,Ahmedabad,15.9,Meeting
2023-07-05 22:41,2023-07-05 23:02,Business,Bhopal,Nagpur,13.8,Meeting
2023-07-06 00:33,2023-07-06 00:53,Business,Jabalpur,Vasai,10.1,Meal/Entertain
2023-07-06 09:06,2023-07-06 09:25,Business,Ranchi,Srinagar,15.9,Meeting
2023-07-06 12:48,2023-07-06 13:08,Business,Aurangabad,Chandigarh,15.9,Meal/Entertain
2023-07-06 20:04,2023-07-06 20:14,Business,Ahmedabad,Jaipur,5.3,Meal/Entertain
2023-07-06 23:46,2023-07-06 23:59,Business,Kanpur,Faridabad,5.0,Customer Visit
2023-07-07 08:22,2023-07-07 08:50,Business,Jabalpur,Mysore,12.7,Temporary Site
2023-07-07 10:27,2023-07-07 10:33,Business,Delhi,Agra,14.3,Meeting
2023-07-07 12:59,2023-07-07 13:35,Business,Kota,Navi Mumbai,20.6,Meal/Entertain
2023-07-08 09:50,2023-07-08 10:13,Business,Visakhapatnam,Gwalior,12.4,Customer Visit
2023-07-08 10:51,2023-07-08 11:12,Business,Faridabad,Ranchi,11.3,Errand/Supplies
2023-07-08 13:48,2023-07-08 14:11,Business,Visakhapatnam,Howrah,20.1,Customer Visit
2023-07-08 17:11,2023-07-08 17:30,Business,Rajkot,Nashik,21.2,Meeting
2023-07-09 09:03,2023-07-09 09:46,Business,Hubli,Aurangabad,20.9,Meeting
2023-07-09 09:52,2023-07-09 10:06,Business,Vasai,Bhopal,7.9,Meeting
2023-07-09 10:15,2023-07-09 10:33,Business,Hyderabad,Faridabad,13.7,Meal/Entertain
2023-07-10 14:10,2023-07-10 14:17,Business,Navi Mumbai,Kolkata,2.1,Meeting
2023-07-10 16:04,2023-07-10 16:15,Business,Hyderabad,Patna,2.9,Meal/Entertain
2023-07-10 18:05,2023-07-10 18:21,Business,Navi Mumbai,Vasai,21.9,Meeting
2023-07-10 19:51,2023-07-10 20:08,Business,Delhi,Jodhpur,21.6,Meeting
2023-07-12 16:10,2023-07-12 16:45,Business,Kolkata,Mysore,19.8,Customer Visit
2023-07-12 19:21,2023-07-12 19:26,Personal,Jabalpur,Pune,2.3,Customer Visit
2023-07-12 23:47,2023-07-13 00:11,Personal,Gwalior,Agra,14.0,Meal/Entertain
2023-07-13 12:39,2023-07-13 13:20,Personal,Tiruchirappalli,Ahmedabad,37.8,Meeting
2023-07-13 13:25,2023-07-13 13:39,Personal,Rajkot,Pune,3.5,Meeting
2023-07-13 13:42,2023-07-13 13:54,Personal,Varanasi,Gwalior,7.1,Meeting
2023-07-14 15:51,2023-07-14 15:59,Personal,Vijayawada,Vadodara,5.3,Errand/Supplies
2023-07-14 16:03,2023-07-14 16:34,Business,Vijayawada,Varanasi,19.0,Errand/Supplies
2023-07-14 16:39,2023-07-14 20:05,Business,Pune,Ghaziabad,99.9,Errand/Supplies
2023-07-15 11:32,2023-07-15 11:53,Personal,Mysore,Visakhapatnam,13.4,Customer Visit
2023-07-15 12:09,2023-07-15 12:19,Personal,Agra,Bhopal,5.1,Customer Visit
2023-07-15 12:35,2023-07-15 13:15,Personal,Rajkot,Gwalior,36.0,Meeting
2023-07-15 15:03,2023-07-15 15:33,Personal,Madurai,Delhi,19.6,Customer Visit
2023-07-15 15:40,2023-07-15 15:52,Personal,Bangalore,Indore,7.2,Errand/Supplies
2023-07-16 13:14,2023-07-16 14:10,Personal,Meerut,Aurangabad,45.2,Meeting
2023-07-16 14:14,2023-07-16 14:30,Personal,Allahabad,Visakhapatnam,6.1,Errand/Supplies
2023-07-16 15:29,2023-07-16 16:57,Personal,Navi Mumbai,Pune,67.4,Meeting
2023-07-16 19:42,2023-07-16 20:35,Personal,Srinagar,Madurai,38.3,Errand/Supplies
2023-07-16 21:45,2023-07-16 22:18,Personal,Dhanbad,Kota,20.9,Meal/Entertain
2023-07-16 22:50,2023-07-16 23:03,Business,Varanasi,Coimbatore,7.1,Errand/Supplies
2023-07-17 11:23,2023-07-17 11:50,Personal,Amritsar,Gwalior,24.3,Charity ($)
2023-07-17 12:20,2023-07-17 15:25,Personal,Hyderabad,Ludhiana,99.9,Commute
2023-07-18 10:37,2023-07-18 10:49,Personal,Jodhpur,Bhopal,6.6,Moving
2023-07-18 10:54,2023-07-18 11:15,Personal,Mumbai,Mysore,9.8,Moving
2023-07-18 11:25,2023-07-18 11:36,Personal,Navi Mumbai,Bhopal,5.3,Moving
2023-07-18 11:40,2023-07-18 11:56,Personal,Agra,Amritsar,7.6,Moving
2023-07-18 17:12,2023-07-18 17:33,Business,Jabalpur,Chandigarh,11.6,Meeting
2023-07-18 18:32,2023-07-18 18:47,Business,Indore,Visakhapatnam,8.9,Meal/Entertain
2023-07-18 19:07,2023-07-18 19:14,Business,Agra,Kolkata,5.3,Meal/Entertain
2023-07-18 20:28,2023-07-18 20:32,Business,Hubli,Rajkot,1.4,Errand/Supplies
2023-07-18 21:11,2023-07-18 21:19,Business,Jabalpur,Kalyan,6.1,Meal/Entertain
2023-07-19 10:35,2023-07-19 10:51,Business,Solapur,Amritsar,10.3,Customer Visit
2023-07-19 10:56,2023-07-19 11:11,Business,Tiruchirappalli,Raipur,4.8,Meeting
2023-07-19 11:30,2023-07-19 12:00,Business,Navi Mumbai,Tiruchirappalli,14.0,Meal/Entertain
2023-07-19 17:14,2023-07-19 17:24,Business,Agra,Varanasi,6.3,Errand/Supplies
2023-07-19 17:50,2023-07-19 18:08,Personal,Kota,Hubli,7.7,Meal/Entertain
2023-07-20 17:12,2023-07-20 17:24,Personal,Kolkata,Navi Mumbai,4.5,Customer Visit
2023-07-20 17:50,2023-07-20 17:57,Personal,Varanasi,Rajkot,2.3,Meeting
2023-07-20 18:16,2023-07-20 18:20,Personal,Howrah,Tiruchirappalli,2.3,Meal/Entertain
2023-07-21 17:17,2023-07-21 17:23,Business,Madurai,Howrah,4.3,Customer Visit
2023-07-21 17:42,2023-07-21 17:51,Business,Allahabad,Kalyan,3.7,Errand/Supplies
2023-07-21 18:27,2023-07-21 18:42,Business,Kanpur,Srinagar,6.0,Customer Visit
2023-07-21 19:30,2023-07-21 19:39,Business,Agra,Indore,4.7,Customer Visit
2023-07-22 10:42,2023-07-22 10:53,Business,Dhanbad,Rajkot,6.1,Meal/Entertain
2023-07-22 11:11,2023-07-22 11:25,Business,Patna,Solapur,8.2,Meal/Entertain
2023-07-22 11:37,2023-07-22 12:00,Business,Agra,Ranchi,14.6,Customer Visit
2023-07-22 12:14,2023-07-22 12:31,Business,Guwahati,Hubli,12.9,Meeting
2023-07-22 13:21,2023-07-22 13:42,Business,Visakhapatnam,Aurangabad,15.9,Meeting
2023-07-22 14:27,2023-07-22 14:43,Business,Hyderabad,Hubli,9.8,Meal/Entertain
2023-07-22 15:49,2023-07-22 16:22,Business,Srinagar,Mumbai,19.6,Errand/Supplies
2023-07-22 18:33,2023-07-22 18:51,Business,Varanasi,Navi Mumbai,12.9,Meeting
2023-07-23 14:27,2023-07-23 14:44,Business,Vijayawada,Indore,6.4,Errand/Supplies
2023-07-23 14:48,2023-07-23 15:12,Business,Tiruchirappalli,Tiruchirappalli,15.3,Meeting
2023-07-23 15:15,2023-07-23 15:27,Business,Rajkot,Meerut,4.8,Meeting
2023-07-23 15:50,2023-07-23 16:10,Business,Indore,Indore,10.1,Errand/Supplies
2023-07-23 20:17,2023-07-23 20:33,Business,Gwalior,Vasai,16.7,Meeting
2023-07-23 23:18,2023-07-23 23:43,Business,Amritsar,Navi Mumbai,15.9,Meeting
2023-07-25 10:35,2023-07-25 10:41,Business,Raipur,Nagpur,2.4,Meeting
2023-07-25 10:47,2023-07-25 10:58,Business,Mysore,Raipur,7.9,Customer Visit
2023-07-25 11:04,2023-07-25 11:33,Business,Tiruchirappalli,Ludhiana,12.7,Meeting
2023-07-25 11:37,2023-07-25 11:44,Business,Dhanbad,Vijayawada,2.7,Meal/Entertain
2023-07-26 15:43,2023-07-26 15:49,Business,Lucknow,Hyderabad,3.5,Meeting
2023-07-26 17:14,2023-07-26 17:24,Business,Bangalore,Patna,3.4,Errand/Supplies
2023-07-26 20:52,2023-07-26 21:00,Business,Jabalpur,Visakhapatnam,4.0,Meal/Entertain
2023-07-26 22:31,2023-07-26 22:39,Business,Faridabad,Chennai,4.0,Meal/Entertain
2023-07-27 19:08,2023-07-27 19:20,Business,Tiruchirappalli,Amritsar,4.5,Meeting
2023-07-27 21:34,2023-07-27 21:57,Business,Ludhiana,Amritsar,23.7,Meal/Entertain
2023-07-27 22:00,2023-07-27 22:26,Business,Faridabad,Navi Mumbai,23.5,Errand/Supplies
2023-07-28 00:04,2023-07-28 00:09,Business,Pune,Jaipur,3.7,Errand/Supplies
2023-07-29 15:45,2023-07-29 15:47,Business,Hyderabad,Hubli,3.5,Meal/Entertain
2023-07-29 17:27,2023-07-29 17:45,Business,Faridabad,Jabalpur,3.5,Meal/Entertain
2023-07-30 17:02,2023-07-30 17:27,Business,Vijayawada,Tiruchirappalli,22.5,Errand/Supplies
2023-07-30 21:16,2023-07-30 21:41,Business,Faridabad,Allahabad,21.4,Errand/Supplies
2023-07-31 17:30,2023-07-31 17:37,Business,Ludhiana,Vasai,2.9,Meal/Entertain
2023-08-01 12:47,2023-08-01 13:04,Business,Faridabad,Jaipur,10.0,Errand/Supplies
2023-08-01 13:08,2023-08-01 13:19,Business,Ranchi,Mysore,2.1,Customer Visit
2023-08-01 13:28,2023-08-01 13:46,Business,Ghaziabad,Thane,3.1,Meal/Entertain
2023-08-01 13:52,2023-08-01 14:14,Business,Jaipur,Dhanbad,11.1,Errand/Supplies
2023-08-01 15:40,2023-08-01 15:47,Business,Guwahati,Indore,7.4,Meeting
2023-08-01 16:18,2023-08-01 16:25,Business,Dhanbad,Lucknow,4.5,Meal/Entertain
2023-08-01 16:29,2023-08-01 16:59,Business,Delhi,Delhi,14.6,Meeting
2023-08-01 17:23,2023-08-01 17:55,Business,Coimbatore,Chennai,13.0,Customer Visit
2023-08-02 08:11,2023-08-02 08:32,Business,Agra,Mysore,13.5,Meeting
2023-08-02 11:51,2023-08-02 12:15,Business,Rajkot,Bhopal,7.9,Meeting
2023-08-02 19:15,2023-08-02 19:23,Business,Solapur,Pune,1.6,Meeting
2023-08-02 21:23,2023-08-02 21:29,Business,Ahmedabad,Nashik,1.6,Meal/Entertain
2023-08-03 12:46,2023-08-03 13:00,Business,Chandigarh,Vijayawada,3.2,Meeting
2023-08-03 14:59,2023-08-03 15:03,Business,Kolkata,Vijayawada,1.8,Customer Visit
2023-08-03 16:00,2023-08-03 16:04,Business,Ghaziabad,Navi Mumbai,2.4,Meal/Entertain
2023-08-05 17:23,2023-08-05 17:30,Business,Kota,Rajkot,2.1,Meal/Entertain
2023-08-05 18:17,2023-08-05 18:21,Business,Srinagar,Allahabad,2.9,Errand/Supplies
2023-08-05 19:17,2023-08-05 19:27,Business,Srinagar,Kanpur,2.4,Errand/Supplies
2023-08-06 06:40,2023-08-06 06:58,Business,Lucknow,Thane,10.6,Meeting
2023-08-06 09:31,2023-08-06 09:53,Business,Visakhapatnam,Bhopal,12.9,Customer Visit
2023-08-07 17:14,2023-08-07 17:23,Business,Delhi,Amritsar,4.3,Meeting
2023-08-07 17:28,2023-08-07 17:43,Business,Coimbatore,Madurai,4.3,Customer Visit
2023-08-07 18:17,2023-08-07 18:23,Business,Rajkot,Agra,4.0,Meeting
2023-08-07 20:15,2023-08-07 20:23,Business,Mysore,Ahmedabad,4.0,Meal/Entertain
2023-08-08 16:17,2023-08-08 16:31,Business,Rajkot,Varanasi,8.4,Meeting
2023-08-08 16:37,2023-08-08 16:50,Business,Aurangabad,Ranchi,6.4,Meal/Entertain
2023-08-08 17:02,2023-08-08 17:13,Business,Rajkot,Ahmedabad,4.3,Customer Visit
2023-08-08 21:50,2023-08-08 22:15,Business,Kolkata,Madurai,7.7,Customer Visit
2023-08-08 23:28,2023-08-08 23:37,Business,Raipur,Meerut,5.1,Customer Visit
2023-08-09 14:20,2023-08-09 14:38,Business,Jaipur,Howrah,11.1,Errand/Supplies
2023-08-09 15:15,2023-08-09 15:36,Business,Hubli,Mumbai,24.0,Meeting
2023-08-09 16:04,2023-08-09 16:37,Business,Delhi,Jaipur,28.0,Meeting
2023-08-10 16:56,2023-08-10 17:24,Business,Ranchi,Amritsar,20.8,Customer Visit
2023-08-10 17:53,2023-08-10 18:28,Business,Pune,Jodhpur,24.6,Errand/Supplies
2023-08-10 18:49,2023-08-10 18:50,Business,Agra,Chennai,1.6,Customer Visit
2023-08-10 19:47,2023-08-10 20:02,Business,Varanasi,Indore,9.7,Meeting
2023-08-11 12:53,2023-08-11 13:00,Business,Gwalior,Hyderabad,3.5,Meal/Entertain
2023-08-11 13:14,2023-08-11 13:28,Business,Navi Mumbai,Indore,7.1,Meeting
2023-08-11 13:32,2023-08-11 13:42,Business,Meerut,Rajkot,4.5,Meeting
2023-08-11 18:37,2023-08-11 19:29,Business,Jabalpur,Kota,51.0,Customer Visit
2023-08-11 20:59,2023-08-11 21:44,Business,Pune,Raipur,51.3,Errand/Supplies
2023-08-12 18:49,2023-08-12 18:52,Business,Hubli,Kota,3.1,Meeting
2023-08-12 18:56,2023-08-12 19:05,Business,Indore,Raipur,2.9,Errand/Supplies
2023-08-13 15:35,2023-08-13 15:58,Business,Kalyan,Kalyan,13.5,Meeting
2023-08-15 09:05,2023-08-15 09:52,Business,Vasai,Kanpur,25.1,Meeting
2023-08-15 15:20,2023-08-15 15:47,Business,Kanpur,Vadodara,22.7,Customer Visit
2023-08-15 16:52,2023-08-15 17:30,Business,Ludhiana,Vadodara,25.3,Meal/Entertain
2023-08-15 19:08,2023-08-15 20:30,Business,Vasai,Chandigarh,41.7,Temporary Site
2023-08-16 07:58,2023-08-16 08:11,Business,Aurangabad,Ahmedabad,12.7,Meal/Entertain
2023-08-16 08:16,2023-08-16 08:23,Business,Hubli,Nashik,4.3,Meeting
2023-08-16 08:46,2023-08-16 08:53,Business,Mumbai,Navi Mumbai,8.9,Customer Visit
2023-08-16 10:06,2023-08-16 10:27,Business,Jaipur,Agra,9.2,Errand/Supplies
2023-08-16 10:31,2023-08-16 10:38,Business,Varanasi,Varanasi,1.9,Meeting
2023-08-16 11:47,2023-08-16 12:03,Business,Visakhapatnam,Madurai,9.2,Temporary Site
2023-08-16 15:13,2023-08-16 15:36,Business,Vasai,Jaipur,26.1,Meeting
2023-08-17 10:17,2023-08-17 10:41,Business,Vadodara,Nagpur,4.2,Meeting
2023-08-17 10:57,2023-08-17 11:20,Business,Tiruchirappalli,Mumbai,19.5,Meeting
2023-08-17 14:45,2023-08-17 14:50,Business,Chennai,Madurai,2.3,Meeting
2023-08-17 15:32,2023-08-17 15:47,Business,Rajkot,Madurai,10.3,Meeting
2023-08-17 16:29,2023-08-17 16:50,Business,Patna,Vijayawada,11.7,Meal/Entertain
2023-08-17 16:54,2023-08-17 17:00,Business,Bangalore,Ahmedabad,8.5,Errand/Supplies
2023-08-17 17:05,2023-08-17 17:34,Business,Dhanbad,Ahmedabad,8.9,Meal/Entertain
2023-08-17 18:38,2023-08-17 18:57,Business,Kolkata,Hyderabad,12.4,Temporary Site
2023-08-18 18:40,2023-08-18 19:07,Business,Mumbai,Visakhapatnam,12.2,Temporary Site
2023-08-19 08:24,2023-08-19 08:45,Business,Bangalore,Mumbai,12.2,Errand/Supplies
2023-08-19 08:54,2023-08-19 09:07,Business,Ghaziabad,Indore,5.3,Meal/Entertain
2023-08-19 09:27,2023-08-19 09:47,Business,Indore,Madurai,10.5,Errand/Supplies
2023-08-19 10:57,2023-08-19 11:06,Business,Aurangabad,Guwahati,3.2,Meal/Entertain
2023-08-19 12:07,2023-08-19 12:24,Business,Agra,Raipur,9.2,Customer Visit
2023-08-19 15:51,2023-08-19 16:06,Business,Jabalpur,Vijayawada,5.1,Customer Visit
2023-08-19 17:12,2023-08-19 17:52,Business,Lucknow,Bangalore,20.1,Meeting
2023-08-21 10:00,2023-08-21 10:29,Business,Patna,Kalyan,12.2,Airport/Travel
2023-08-21 14:05,2023-08-21 14:34,Business,Raipur,Ghaziabad,12.4,Meeting
2023-08-21 16:30,2023-08-21 17:02,Business,Coimbatore,Faridabad,19.6,Customer Visit
2023-08-21 18:10,2023-08-21 18:17,Business,Ghaziabad,Lucknow,2.3,Meal/Entertain
2023-08-21 18:48,2023-08-21 19:24,Business,Rajkot,Kota,32.5,Meeting
2023-08-22 10:00,2023-08-22 10:44,Business,Kota,Lucknow,15.8,Meal/Entertain
2023-08-22 11:07,2023-08-22 11:23,Business,Patna,Solapur,10.1,Meal/Entertain
2023-08-22 12:36,2023-08-22 12:49,Business,Kanpur,Aurangabad,7.9,Customer Visit
2023-08-22 13:02,2023-08-22 13:11,Business,Delhi,Rajkot,2.4,Meeting
2023-08-22 14:07,2023-08-22 14:31,Business,Solapur,Meerut,17.5,Meeting
2023-08-22 15:14,2023-08-22 15:49,Business,Ludhiana,Ludhiana,30.6,Meal/Entertain
2023-08-22 15:59,2023-08-22 17:16,Business,Dhanbad,Guwahati,30.6,Meal/Entertain
2023-08-22 19:58,2023-08-22 20:50,Business,Pune,Bangalore,12.7,Errand/Supplies
2023-08-22 20:53,2023-08-22 21:31,Business,Meerut,Jaipur,6.6,Meeting
2023-08-22 22:31,2023-08-22 23:00,Business,Madurai,Visakhapatnam,30.1,Customer Visit
2023-08-23 08:10,2023-08-23 08:25,Business,Patna,Vadodara,14.0,Meal/Entertain
2023-08-23 09:35,2023-08-23 10:09,Business,Kolkata,Nashik,12.1,Customer Visit
2023-08-23 12:59,2023-08-23 13:15,Business,Kolkata,Srinagar,12.4,Customer Visit
2023-08-23 13:19,2023-08-23 13:30,Business,Vasai,Howrah,7.1,Meeting
2023-08-23 13:49,2023-08-23 14:04,Business,Gwalior,Jaipur,8.0,Meal/Entertain
2023-08-23 15:07,2023-08-23 15:12,Business,Varanasi,Guwahati,3.1,Meeting
2023-08-23 15:15,2023-08-23 17:16,Business,Raipur,Hubli,12.7,Meeting
2023-08-23 17:42,2023-08-23 18:31,Business,Vadodara,Bangalore,28.5,Meeting
2023-08-24 12:05,2023-08-24 12:56,Business,Hyderabad,Ahmedabad,40.6,Meal/Entertain
2023-08-24 13:01,2023-08-24 15:25,Business,Tiruchirappalli,Ranchi,99.9,Meeting
2023-08-25 15:17,2023-08-25 16:22,Business,Kolkata,Hubli,56.3,Customer Visit
2023-08-25 16:36,2023-08-25 16:56,Business,Mysore,Kolkata,8.9,Customer Visit
2023-08-25 17:19,2023-08-25 19:20,Business,Amritsar,Jodhpur,81.1,Meeting
2023-08-25 19:25,2023-08-25 19:57,Business,Kalyan,Kalyan,14.8,Meal/Entertain
2023-08-25 22:58,2023-08-25 23:16,Business,Vijayawada,Varanasi,11.7,Errand/Supplies
2023-08-26 09:06,2023-08-26 09:20,Business,Meerut,Lucknow,8.0,Meeting
2023-08-26 11:14,2023-08-26 11:26,Business,Raipur,Nagpur,6.1,Meeting
2023-08-26 12:10,2023-08-26 12:20,Business,Chandigarh,Kolkata,6.3,Meeting
2023-08-26 14:10,2023-08-26 14:33,Business,Jodhpur,Navi Mumbai,11.9,Meeting
2023-08-26 15:23,2023-08-26 15:35,Business,Bangalore,Jabalpur,2.4,Errand/Supplies
2023-08-26 15:59,2023-08-26 16:24,Business,Srinagar,Srinagar,12.7,Errand/Supplies
2023-08-26 16:55,2023-08-26 17:12,Business,Howrah,Kanpur,4.7,Meal/Entertain
2023-08-26 18:42,2023-08-26 18:56,Business,Tiruchirappalli,Tiruchirappalli,5.5,Meeting
2023-08-26 19:31,2023-08-26 19:54,Business,Dhanbad,Ludhiana,6.1,Meal/Entertain
2023-08-26 20:06,2023-08-26 20:16,Business,Nagpur,Allahabad,9.5,Errand/Supplies
2023-08-27 09:34,2023-08-27 10:11,Business,Thane,Patna,15.4,Meal/Entertain
2023-08-27 11:47,2023-08-27 12:06,Business,Varanasi,Thane,11.3,Meeting
2023-08-27 12:12,2023-08-27 12:17,Business,Aurangabad,Mysore,1.4,Meal/Entertain
2023-08-27 14:01,2023-08-27 15:44,Business,Chandigarh,Lucknow,99.9,Meeting
2023-08-27 16:15,2023-08-27 19:13,Business,Ghaziabad,Nashik,99.9,Meal/Entertain
2023-08-28 09:57,2023-08-28 10:18,Business,Visakhapatnam,Jabalpur,16.3,Customer Visit
2023-08-28 16:39,2023-08-28 16:55,Business,Hyderabad,Nagpur,10.0,Meal/Entertain
2023-08-28 17:37,2023-08-28 17:55,Business,Coimbatore,Navi Mumbai,8.5,Customer Visit
2023-08-28 21:15,2023-08-28 21:59,Business,Bhopal,Agra,19.5,Meeting
2023-08-29 12:02,2023-08-29 12:31,Business,Faridabad,Ghaziabad,17.4,Errand/Supplies
2023-08-29 13:38,2023-08-29 13:48,Business,Visakhapatnam,Vadodara,6.9,Customer Visit
2023-08-29 14:31,2023-08-29 14:41,Business,Dhanbad,Thane,4.0,Meal/Entertain
2023-08-29 14:49,2023-08-29 15:04,Business,Mysore,Bangalore,9.2,Temporary Site
2023-08-29 15:49,2023-08-29 15:59,Business,Bhopal,Agra,4.5,Meeting
2023-08-29 16:06,2023-08-29 16:21,Business,Delhi,Navi Mumbai,6.4,Meeting
2023-08-29 17:24,2023-08-29 17:41,Business,Jaipur,Kalyan,8.9,Errand/Supplies
2023-08-29 18:27,2023-08-29 18:36,Business,Vijayawada,Howrah,4.2,Errand/Supplies
2023-08-30 11:53,2023-08-30 12:05,Business,Raipur,Agra,3.4,Meeting
2023-08-30 12:46,2023-08-30 13:09,Business,Indore,Visakhapatnam,14.2,Errand/Supplies
2023-08-30 13:25,2023-08-30 13:46,Business,Patna,Delhi,7.1,Meal/Entertain
2023-08-30 14:00,2023-08-30 14:20,Business,Ghaziabad,Kolkata,8.5,Meal/Entertain
2023-08-30 17:27,2023-08-30 18:09,Business,Solapur,Rajkot,20.9,Meeting
2023-09-01 11:51,2023-09-01 12:24,Business,Lucknow,Agra,20.9,Meeting
2023-09-01 17:21,2023-09-01 17:36,Business,Jaipur,Madurai,17.1,Errand/Supplies
2023-09-01 18:49,2023-09-01 19:08,Business,Jabalpur,Hubli,3.5,Customer Visit
2023-09-02 11:37,2023-09-02 12:24,Business,Thane,Madurai,14.8,Meal/Entertain
2023-09-02 18:56,2023-09-02 19:37,Business,Agra,Rajkot,20.8,Customer Visit
2023-09-05 10:25,2023-09-05 10:44,Business,Ghaziabad,Indore,27.7,Meal/Entertain
2023-09-06 17:49,2023-09-06 17:49,Business,Nashik,Agra,99.9,Meal/Entertain
2023-09-10 10:28,2023-09-10 10:45,Business,Gwalior,Vasai,4.5,Meal/Entertain
2023-09-11 09:51,2023-09-11 09:55,Business,Hyderabad,Ahmedabad,13.8,Meal/Entertain
2023-09-11 21:40,2023-09-11 21:42,Business,Coimbatore,Visakhapatnam,15.8,Customer Visit
2023-09-12 08:07,2023-09-12 08:12,Business,Agra,Aurangabad,5.8,Customer Visit
2023-09-12 11:15,2023-09-12 11:24,Business,Ghaziabad,Kanpur,2.7,Meal/Entertain
2023-09-12 13:04,2023-09-12 13:44,Business,Navi Mumbai,Jabalpur,18.5,Meeting
2023-09-13 16:56,2023-09-13 17:02,Business,Aurangabad,Hubli,1.1,Meal/Entertain
2023-09-14 11:55,2023-09-14 11:59,Business,Pune,Kota,1.1,Errand/Supplies
2023-09-15 20:33,2023-09-15 20:38,Business,Solapur,Kalyan,1.4,Meeting
2023-09-16 07:08,2023-09-16 07:08,Business,Visakhapatnam,Mumbai,2.6,Customer Visit
2023-09-18 18:07,2023-09-18 18:11,Business,Gwalior,Ghaziabad,15.1,Meal/Entertain
2023-09-19 06:18,2023-09-19 06:49,Business,Vasai,Coimbatore,29.3,Meeting
2023-09-19 14:40,2023-09-19 14:56,Business,Ranchi,Ahmedabad,16.9,Customer Visit
2023-09-19 16:23,2023-09-19 16:31,Business,Varanasi,Hyderabad,9.2,Meeting
2023-09-19 17:36,2023-09-19 18:20,Business,Visakhapatnam,Tiruchirappalli,29.0,Customer Visit
2023-09-19 19:10,2023-09-19 19:49,Business,Allahabad,Faridabad,29.5,Errand/Supplies
2023-09-20 11:29,2023-09-20 11:48,Business,Tiruchirappalli,Chandigarh,26.6,Meeting
2023-09-20 20:47,2023-09-20 22:47,Business,Ranchi,Patna,15.4,Customer Visit
2023-09-23 13:15,2023-09-23 13:40,Business,Pune,Amritsar,4.7,Errand/Supplies
2023-09-24 14:34,2023-09-24 15:15,Business,Srinagar,Amritsar,13.2,Errand/Supplies
2023-09-24 20:29,2023-09-24 20:33,Business,Chandigarh,Jodhpur,3.9,Meeting
2023-09-27 08:33,2023-09-27 08:35,Business,Amritsar,Patna,9.3,Meeting
2023-09-27 13:21,2023-09-27 14:43,Business,Vijayawada,Srinagar,15.8,Errand/Supplies
2023-09-27 19:14,2023-09-27 20:34,Business,Rajkot,Kolkata,11.7,Meeting
2023-09-27 21:01,2023-09-28 02:37,Business,Vadodara,Bhopal,99.9,Meeting
2023-09-28 17:21,2023-09-28 19:36,Business,Madurai,Mysore,33.0,Customer Visit
2023-09-29 16:13,2023-09-29 18:47,Business,Agra,Ranchi,20.3,Customer Visit
2023-09-30 17:39,2023-09-30 20:20,Business,Vijayawada,Srinagar,60.7,Errand/Supplies
2023-09-30 20:59,2023-09-30 22:34,Business,Guwahati,Mysore,26.9,Meeting
2023-10-03 17:09,2023-10-03 17:12,Business,Ludhiana,Jodhpur,16.9,Meal/Entertain
2023-10-03 18:17,2023-10-03 18:34,Business,Bhopal,Kota,4.5,Meeting
2023-10-03 18:51,2023-10-03 19:01,Business,Tiruchirappalli,Delhi,2.6,Meeting
2023-10-03 22:04,2023-10-03 22:33,Business,Howrah,Howrah,20.4,Meal/Entertain
2023-10-04 09:50,2023-10-04 10:52,Business,Amritsar,Vadodara,46.0,Meeting
2023-10-04 12:17,2023-10-04 12:18,Business,Ranchi,Patna,24.3,Customer Visit
2023-10-06 08:49,2023-10-06 11:36,Business,Meerut,Amritsar,28.8,Meeting
2023-10-06 17:23,2023-10-06 17:40,Business,Ahmedabad,Kolkata,99.9,Meal/Entertain
2023-10-06 18:37,2023-10-06 18:39,Business,Jaipur,Thane,29.6,Errand/Supplies
2023-10-06 19:46,2023-10-06 20:26,Business,Raipur,Bangalore,22.2,Meeting
2023-10-07 10:56,2023-10-07 10:59,Business,Ahmedabad,Jodhpur,53.4,Meal/Entertain
2023-10-07 11:27,2023-10-07 11:50,Business,Howrah,Dhanbad,4.2,Meal/Entertain
2023-10-07 13:52,2023-10-07 14:08,Business,Indore,Mysore,9.3,Errand/Supplies
2023-10-07 14:29,2023-10-07 15:11,Business,Lucknow,Kota,13.4,Meeting
2023-10-07 15:47,2023-10-07 16:02,Business,Agra,Vijayawada,3.9,Customer Visit
2023-10-07 18:08,2023-10-07 18:27,Business,Jabalpur,Lucknow,5.0,Customer Visit
2023-10-07 18:33,2023-10-07 19:01,Business,Indore,Nashik,9.8,Errand/Supplies
2023-10-08 15:03,2023-10-08 15:03,Business,Faridabad,Jabalpur,5.8,Errand/Supplies
2023-10-08 18:15,2023-10-08 18:18,Business,Jaipur,Mumbai,12.9,Errand/Supplies
2023-10-09 14:04,2023-10-09 14:23,Business,Aurangabad,Rajkot,12.4,Temporary Site
2023-10-10 17:22,2023-10-10 17:28,Business,Srinagar,Jabalpur,2.7,Errand/Supplies
2023-10-10 17:33,2023-10-10 18:13,Business,Nashik,Raipur,15.3,Meal/Entertain
2023-10-11 01:27,2023-10-11 02:08,Business,Vasai,Dhanbad,27.5,Meeting
2023-10-12 19:18,2023-10-12 19:21,Business,Chennai,Pune,29.6,Meeting
2023-10-13 11:20,2023-10-13 11:58,Business,Allahabad,Vasai,15.8,Errand/Supplies
2023-10-13 12:08,2023-10-13 12:14,Business,Kolkata,Jodhpur,1.6,Customer Visit
2023-10-13 13:02,2023-10-13 13:02,Business,Chandigarh,Jaipur,1.1,Meeting
2023-10-13 13:37,2023-10-13 13:46,Business,Howrah,Rajkot,3.7,Meal/Entertain
2023-10-13 16:08,2023-10-13 16:53,Business,Vijayawada,Howrah,17.5,Errand/Supplies
2023-10-14 08:50,2023-10-14 09:44,Business,Jodhpur,Jabalpur,20.4,Meeting
2023-10-14 10:16,2023-10-14 10:52,Business,Gwalior,Chennai,20.0,Meal/Entertain
2023-10-14 15:56,2023-10-14 16:20,Business,Vadodara,Hyderabad,6.1,Meeting
2023-10-14 23:54,2023-10-15 02:06,Business,Meerut,Amritsar,27.4,Meeting
2023-10-15 22:28,2023-10-15 22:48,Business,Chandigarh,Allahabad,10.0,Meeting
2023-10-16 00:01,2023-10-16 00:14,Business,Chennai,Vasai,5.0,Meeting
2023-10-16 12:52,2023-10-16 13:11,Business,Meerut,Jabalpur,16.9,Meeting
2023-10-16 14:40,2023-10-16 15:01,Business,Chennai,Coimbatore,13.0,Meeting
2023-10-16 15:10,2023-10-16 15:19,Business,Thane,Jabalpur,5.0,Meal/Entertain
2023-10-16 19:27,2023-10-16 19:33,Business,Rajkot,Vadodara,3.4,Meeting
2023-10-16 20:30,2023-10-16 20:39,Business,Srinagar,Pune,6.9,Errand/Supplies
2023-10-16 21:34,2023-10-16 21:41,Business,Vadodara,Madurai,4.0,Meal/Entertain
2023-10-17 15:19,2023-10-17 15:57,Business,Ahmedabad,Howrah,33.2,Meal/Entertain
2023-10-17 16:29,2023-10-17 17:11,Business,Solapur,Nashik,28.3,Meeting
2023-10-17 18:02,2023-10-17 18:16,Business,Faridabad,Bhopal,9.0,Errand/Supplies
2023-10-17 18:31,2023-10-17 18:45,Business,Bangalore,Thane,5.3,Errand/Supplies
2023-10-17 19:08,2023-10-17 19:25,Business,Nashik,Kanpur,8.5,Meal/Entertain
2023-10-18 08:12,2023-10-18 08:22,Business,Vadodara,Jodhpur,5.3,Meeting
2023-10-18 08:53,2023-10-18 09:02,Business,Gwalior,Thane,5.3,Meal/Entertain
2023-10-18 10:41,2023-10-18 11:09,Business,Varanasi,Howrah,12.7,Temporary Site
2023-10-18 18:12,2023-10-18 18:33,Business,Mysore,Agra,20.9,Customer Visit
2023-10-18 19:03,2023-10-18 19:13,Business,Raipur,Amritsar,4.8,Meeting
2023-10-18 20:31,2023-10-18 20:37,Business,Hyderabad,Srinagar,4.8,Meal/Entertain
2023-10-19 09:33,2023-10-19 09:47,Business,Kota,Aurangabad,6.1,Meal/Entertain
2023-10-19 09:54,2023-10-19 10:21,Business,Coimbatore,Varanasi,15.3,Customer Visit
2023-10-19 13:45,2023-10-19 13:56,Business,Bangalore,Tiruchirappalli,2.7,Errand/Supplies
2023-10-19 14:02,2023-10-19 14:31,Business,Kota,Kolkata,17.4,Meal/Entertain
2023-10-19 15:44,2023-10-19 16:02,Business,Kalyan,Jaipur,6.6,Meal/Entertain
2023-10-19 16:06,2023-10-19 16:19,Business,Jaipur,Visakhapatnam,3.5,Errand/Supplies
2023-10-19 16:33,2023-10-19 17:01,Business,Kolkata,Kalyan,7.4,Customer Visit
2023-10-20 11:26,2023-10-20 11:34,Business,Thane,Nashik,5.0,Meal/Entertain
2023-10-20 12:19,2023-10-20 13:17,Business,Rajkot,Ranchi,76.8,Meeting
2023-10-20 20:44,2023-10-20 21:37,Business,Kota,Kota,71.8,Meal/Entertain
2023-10-21 10:06,2023-10-21 10:21,Business,Gwalior,Aurangabad,21.2,Meal/Entertain
2023-10-22 00:54,2023-10-22 01:09,Business,Jaipur,Bhopal,14.0,Errand/Supplies
2023-10-22 13:26,2023-10-22 14:03,Business,Mysore,Vadodara,27.7,Customer Visit
2023-10-22 17:08,2023-10-22 17:55,Business,Nagpur,Thane,22.5,Errand/Supplies
2023-10-23 09:24,2023-10-23 10:05,Business,Meerut,Delhi,45.2,Meeting
2023-10-23 12:17,2023-10-23 12:59,Business,Solapur,Howrah,45.4,Meeting
2023-10-23 19:04,2023-10-23 19:14,Business,Kalyan,Kolkata,5.0,Meal/Entertain
2023-10-23 21:10,2023-10-23 21:25,Business,Delhi,Mumbai,5.0,Customer Visit
2023-10-24 14:57,2023-10-24 15:26,Business,Delhi,Meerut,26.4,Meeting
2023-10-24 15:33,2023-10-24 16:13,Business,Tiruchirappalli,Indore,24.8,Meeting
2023-10-24 16:34,2023-10-24 16:41,Business,Hyderabad,Coimbatore,3.5,Meal/Entertain
2023-10-25 13:27,2023-10-25 14:08,Business,Mysore,Aurangabad,18.0,Customer Visit
2023-10-25 15:04,2023-10-25 15:11,Business,Kota,Howrah,3.5,Meal/Entertain
2023-10-25 15:16,2023-10-25 15:33,Business,Ludhiana,Vasai,5.8,Meal/Entertain
2023-10-25 20:00,2023-10-25 20:11,Business,Chandigarh,Jabalpur,5.8,Meal/Entertain
2023-10-25 20:54,2023-10-25 21:03,Business,Chennai,Jabalpur,7.9,Meeting
2023-10-25 22:24,2023-10-25 22:45,Business,Coimbatore,Kalyan,14.0,Errand/Supplies
2023-10-26 19:25,2023-10-26 19:31,Business,Kota,Agra,3.4,Meeting
2023-10-26 20:53,2023-10-26 21:03,Business,Raipur,Gwalior,3.4,Meeting
2023-10-27 18:51,2023-10-27 19:16,Business,Patna,Ghaziabad,13.5,Meeting
2023-10-27 19:20,2023-10-27 19:35,Business,Gwalior,Kota,9.5,Meal/Entertain
2023-10-27 19:52,2023-10-27 20:21,Business,Patna,Solapur,19.5,Meal/Entertain
2023-10-27 20:47,2023-10-27 20:54,Business,Allahabad,Meerut,6.3,Errand/Supplies
2023-10-27 21:26,2023-10-27 21:48,Business,Thane,Lucknow,10.0,Meal/Entertain
2023-10-28 11:34,2023-10-28 11:52,Business,Hyderabad,Hubli,16.7,Meeting
2023-10-28 13:06,2023-10-28 13:36,Business,Raipur,Jodhpur,15.9,Meeting
2023-10-28 15:53,2023-10-28 17:59,Business,Thane,Varanasi,99.9,Meeting
2023-10-28 18:13,2023-10-28 20:07,Business,Meerut,Guwahati,99.9,Meeting
2023-10-28 20:13,2023-10-28 22:00,Business,Aurangabad,Dhanbad,99.9,Meeting
2023-10-29 15:22,2023-10-29 17:05,Business,Faridabad,Chennai,65.5,Meeting
2023-10-29 17:13,2023-10-29 19:19,Business,Navi Mumbai,Tiruchirappalli,99.9,Meeting
2023-10-30 07:49,2023-10-30 08:30,Business,Madurai,Hyderabad,48.0,Customer Visit
2023-10-30 09:07,2023-10-30 10:09,Business,Mysore,Agra,26.2,Customer Visit
2023-10-30 10:11,2023-10-30 10:38,Business,Jabalpur,Jabalpur,10.5,Customer Visit
2023-10-30 10:51,2023-10-30 11:21,Business,Jaipur,Faridabad,10.1,Errand/Supplies
2023-10-30 12:24,2023-10-30 12:35,Business,Pune,Bhopal,10.6,Errand/Supplies
2023-10-30 12:58,2023-10-30 13:18,Business,Kanpur,Mysore,24.5,Customer Visit
2023-10-30 13:24,2023-10-30 14:37,Business,Faridabad,Ludhiana,99.9,Errand/Supplies
2023-10-30 15:22,2023-10-30 18:23,Business,Tiruchirappalli,Raipur,99.9,Meeting
2023-10-30 18:26,2023-10-30 19:39,Business,Faridabad,Madurai,72.7,Errand/Supplies
2023-10-31 18:11,2023-10-31 18:20,Business,Thane,Dhanbad,5.1,Meal/Entertain
2023-10-31 18:47,2023-10-31 19:16,Business,Meerut,Hyderabad,16.6,Meeting
2023-10-31 20:18,2023-10-31 20:44,Business,Allahabad,Indore,21.1,Errand/Supplies
2023-10-31 21:45,2023-10-31 22:10,Business,Guwahati,Mysore,15.4,Errand/Supplies
2023-11-01 11:50,2023-11-01 12:27,Business,Mysore,Hyderabad,26.6,Customer Visit
2023-11-01 16:29,2023-11-01 17:02,Business,Chennai,Lucknow,20.6,Meeting
2023-11-01 17:35,2023-11-01 17:42,Business,Rajkot,Varanasi,1.9,Meeting
2023-11-01 19:14,2023-11-01 19:20,Business,Guwahati,Ahmedabad,1.6,Meeting
2023-11-01 19:59,2023-11-01 20:12,Business,Hubli,Nagpur,6.6,Meeting
2023-11-01 20:41,2023-11-01 20:55,Business,Meerut,Bhopal,6.8,Meal/Entertain
2023-11-02 15:10,2023-11-02 15:18,Business,Rajkot,Vadodara,2.3,Meeting
2023-11-02 15:45,2023-11-02 15:52,Business,Kota,Vasai,2.9,Meal/Entertain
2023-11-02 16:46,2023-11-02 17:11,Business,Chandigarh,Mumbai,13.7,Meeting
2023-11-02 17:34,2023-11-02 17:49,Business,Hyderabad,Solapur,8.0,Meal/Entertain
2023-11-02 17:53,2023-11-02 18:00,Business,Kalyan,Gwalior,6.1,Meal/Entertain
2023-11-03 11:28,2023-11-03 11:34,Business,Varanasi,Nagpur,4.0,Meeting
2023-11-03 12:43,2023-11-03 12:49,Business,Ghaziabad,Aurangabad,3.9,Meal/Entertain
2023-11-03 13:42,2023-11-03 13:47,Business,Coimbatore,Allahabad,2.3,Customer Visit
2023-11-03 14:13,2023-11-03 14:26,Business,Jodhpur,Varanasi,2.9,Meeting
2023-11-03 18:51,2023-11-03 19:08,Business,Indore,Chennai,5.0,Meal/Entertain
2023-11-03 22:46,2023-11-03 22:58,Business,Thane,Visakhapatnam,5.0,Customer Visit
2023-11-04 10:02,2023-11-04 10:18,Business,Jabalpur,Visakhapatnam,12.7,Temporary Site
2023-11-04 18:14,2023-11-04 18:21,Business,Pune,Coimbatore,6.1,Errand/Supplies
2023-11-04 21:04,2023-11-04 21:20,Business,Kanpur,Kolkata,6.9,Customer Visit
2023-11-04 22:12,2023-11-04 22:25,Business,Kanpur,Chennai,6.3,Customer Visit
2023-11-05 08:34,2023-11-05 08:43,Business,Bhopal,Mysore,3.5,Meeting
2023-11-05 17:29,2023-11-05 17:40,Business,Solapur,Faridabad,4.5,Meeting
2023-11-05 19:20,2023-11-05 19:28,Business,Bhopal,Chandigarh,3.5,Meeting
2023-11-06 10:50,2023-11-06 11:04,Business,Meerut,Hubli,3.9,Meeting
2023-11-06 16:05,2023-11-06 16:22,Business,Guwahati,Ahmedabad,4.5,Meeting
2023-11-06 16:27,2023-11-06 17:28,Business,Ranchi,Hubli,70.7,Customer Visit
2023-11-06 19:04,2023-11-06 19:12,Business,Dhanbad,Howrah,2.9,Meal/Entertain
2023-11-06 20:06,2023-11-06 20:21,Business,Indore,Mysore,5.3,Errand/Supplies
2023-11-07 12:28,2023-11-07 12:57,Business,Patna,Madurai,19.0,Between Offices
2023-11-07 19:17,2023-11-07 19:57,Business,Navi Mumbai,Indore,21.2,Between Offices
2023-11-08 10:29,2023-11-08 10:57,Business,Kalyan,Tiruchirappalli,19.6,Between Offices
2023-11-08 12:16,2023-11-08 12:49,Business,Raipur,Kalyan,18.2,Meeting
2023-11-08 13:41,2023-11-08 14:01,Business,Solapur,Hubli,5.8,Meeting
2023-11-08 16:21,2023-11-08 16:34,Business,Varanasi,Rajkot,4.8,Meeting
2023-11-09 13:08,2023-11-09 13:41,Business,Kota,Rajkot,18.3,Meal/Entertain
2023-11-09 15:58,2023-11-09 16:04,Business,Varanasi,Hyderabad,1.4,Meeting
2023-11-09 17:31,2023-11-09 18:03,Business,Solapur,Jabalpur,10.0,Meeting
2023-11-09 18:09,2023-11-09 18:14,Business,Rajkot,Visakhapatnam,1.1,Meeting
2023-11-09 18:21,2023-11-09 18:35,Business,Jabalpur,Nashik,8.9,Meeting
2023-11-09 18:40,2023-11-09 19:17,Business,Ghaziabad,Mysore,20.4,Customer Visit
2023-11-09 20:52,2023-11-09 21:02,Business,Amritsar,Kolkata,4.2,Meeting
2023-11-09 21:56,2023-11-09 22:02,Business,Nashik,Varanasi,1.8,Meal/Entertain
2023-11-10 09:46,2023-11-10 10:15,Business,Dhanbad,Solapur,20.3,Temporary Site
2023-11-10 10:20,2023-11-10 10:31,Business,Vadodara,Amritsar,1.9,Meeting
2023-11-10 14:57,2023-11-10 15:07,Business,Ranchi,Visakhapatnam,1.8,Customer Visit
2023-11-10 15:17,2023-11-10 15:22,Business,Meerut,Dhanbad,15.9,Temporary Site
2023-11-10 15:30,2023-11-10 15:53,Business,Bangalore,Dhanbad,9.7,Meeting
2023-11-10 19:18,2023-11-10 19:21,Business,Hyderabad,Ranchi,1.3,Meal/Entertain
2023-11-11 09:35,2023-11-11 10:23,Business,Meerut,Visakhapatnam,73.9,Customer Visit
2023-11-11 12:58,2023-11-11 13:13,Business,Vadodara,Ahmedabad,6.4,Meeting
2023-11-11 14:20,2023-11-11 14:32,Business,Mysore,Kolkata,4.0,Customer Visit
2023-11-11 14:39,2023-11-11 15:46,Business,Chennai,Chennai,58.9,Customer Visit
2023-11-11 18:30,2023-11-11 18:43,Business,Chennai,Chandigarh,4.7,Meeting
2023-11-11 21:08,2023-11-11 21:18,Business,Chennai,Solapur,4.2,Meeting
2023-11-12 10:32,2023-11-12 10:52,Business,Kalyan,Tiruchirappalli,3.7,Meal/Entertain
2023-11-12 10:55,2023-11-12 11:25,Business,Allahabad,Hyderabad,10.3,Errand/Supplies
2023-11-12 13:07,2023-11-12 13:15,Business,Ludhiana,Delhi,2.3,Meal/Entertain
2023-11-12 13:46,2023-11-12 13:50,Business,Solapur,Ghaziabad,1.0,Meeting
2023-11-12 14:22,2023-11-12 14:53,Business,Solapur,Gwalior,9.5,Meeting
2023-11-12 15:14,2023-11-12 15:21,Business,Madurai,Ghaziabad,1.3,Customer Visit
2023-11-12 15:25,2023-11-12 15:36,Business,Raipur,Chandigarh,2.1,Meeting
2023-11-12 15:40,2023-11-12 15:59,Business,Nagpur,Jabalpur,6.0,Errand/Supplies
2023-11-13 08:54,2023-11-13 09:02,Business,Vasai,Ranchi,3.7,Meeting
2023-11-13 09:27,2023-11-13 09:53,Business,Hyderabad,Agra,4.2,Meal/Entertain
2023-11-13 10:31,2023-11-13 10:37,Business,Ludhiana,Kanpur,3.1,Meal/Entertain
2023-11-13 11:04,2023-11-13 11:16,Business,Visakhapatnam,Faridabad,3.4,Customer Visit
2023-11-13 12:22,2023-11-13 12:51,Business,Delhi,Kanpur,6.4,Meeting
2023-11-13 13:05,2023-11-13 13:11,Business,Kolkata,Bangalore,1.4,Customer Visit
2023-11-13 13:14,2023-11-13 13:18,Business,Jabalpur,Raipur,1.4,Customer Visit
2023-11-13 14:35,2023-11-13 14:46,Business,Indore,Kanpur,3.9,Errand/Supplies
2023-11-13 15:14,2023-11-13 15:24,Business,Amritsar,Allahabad,3.1,Meeting
2023-11-13 15:47,2023-11-13 15:59,Business,Howrah,Kota,3.1,Meal/Entertain
2023-11-14 11:24,2023-11-14 12:13,Business,Kolkata,Chennai,71.8,Customer Visit
2023-11-14 13:40,2023-11-14 14:33,Business,Madurai,Gwalior,70.2,Customer Visit
2023-11-14 15:27,2023-11-14 15:36,Business,Dhanbad,Patna,4.0,Meal/Entertain
2023-11-14 20:19,2023-11-14 20:30,Business,Indore,Hubli,6.0,Errand/Supplies
2023-11-15 13:59,2023-11-15 14:06,Business,Amritsar,Meerut,8.2,Meeting
2023-11-15 14:09,2023-11-15 14:26,Business,Srinagar,Jodhpur,15.6,Temporary Site
2023-11-15 20:44,2023-11-15 21:00,Business,Faridabad,Jaipur,19.0,Temporary Site
2023-11-16 20:21,2023-11-16 20:27,Business,Mumbai,Visakhapatnam,3.7,Temporary Site
2023-11-16 22:52,2023-11-16 23:02,Business,Dhanbad,Rajkot,5.0,Meal/Entertain
2023-11-17 10:13,2023-11-17 10:44,Business,Guwahati,Kota,26.2,Customer Visit
2023-11-18 20:09,2023-11-18 20:19,Business,Chennai,Indore,5.0,Meal/Entertain
2023-11-18 21:23,2023-11-18 21:34,Business,Delhi,Gwalior,8.4,Meal/Entertain
2023-11-18 21:56,2023-11-18 22:21,Business,Allahabad,Amritsar,9.8,Meeting
2023-11-19 13:51,2023-11-19 14:10,Business,Agra,Ranchi,16.6,Meeting
2023-11-19 14:30,2023-11-19 14:51,Business,Lucknow,Chandigarh,16.9,Meeting
2023-11-19 16:01,2023-11-19 16:06,Business,Hubli,Nashik,2.4,Meeting
2023-11-19 16:27,2023-11-19 16:41,Business,Visakhapatnam,Gwalior,2.9,Customer Visit
2023-11-19 17:41,2023-11-19 17:54,Business,Delhi,Jabalpur,8.7,Errand/Supplies
2023-11-19 21:14,2023-11-19 21:35,Business,Mumbai,Faridabad,8.7,Customer Visit
2023-11-20 10:27,2023-11-20 11:32,Business,Hubli,Lucknow,63.1,Between Offices
2023-11-20 11:58,2023-11-20 12:28,Business,Jabalpur,Visakhapatnam,10.3,Customer Visit
2023-11-20 14:58,2023-11-20 15:07,Business,Hubli,Chandigarh,4.3,Meeting
2023-11-20 17:45,2023-11-20 18:37,Business,Mumbai,Kanpur,29.8,Errand/Supplies
2023-11-21 13:37,2023-11-21 13:49,Business,Gwalior,Nashik,4.0,Meal/Entertain
2023-11-21 14:34,2023-11-21 14:44,Business,Hubli,Jaipur,3.4,Meal/Entertain
2023-11-21 17:50,2023-11-21 18:04,Business,Varanasi,Chennai,10.8,Errand/Supplies
2023-11-21 18:18,2023-11-21 18:27,Business,Thane,Hubli,5.6,Meal/Entertain
2023-11-21 18:43,2023-11-21 18:51,Business,Jabalpur,Jodhpur,5.5,Errand/Supplies
2023-11-22 15:12,2023-11-22 15:27,Business,Ghaziabad,Coimbatore,8.9,Meeting
2023-11-22 15:31,2023-11-22 15:44,Business,Vasai,Mysore,6.6,Meeting
2023-11-22 15:51,2023-11-22 16:43,Business,Mysore,Howrah,20.4,Customer Visit
2023-11-22 18:18,2023-11-22 18:28,Business,Patna,Allahabad,4.8,Meal/Entertain
2023-11-22 21:02,2023-11-22 21:14,Business,Agra,Nagpur,5.6,Customer Visit
2023-11-23 15:34,2023-11-23 15:50,Business,Aurangabad,Ranchi,9.5,Meal/Entertain
2023-11-23 16:18,2023-11-23 16:29,Business,Solapur,Guwahati,3.1,Meeting
2023-11-23 16:49,2023-11-23 17:00,Business,Guwahati,Amritsar,5.3,Meeting
2023-11-23 18:37,2023-11-23 18:47,Business,Tiruchirappalli,Hyderabad,2.1,Meeting
2023-11-25 11:47,2023-11-25 12:04,Business,Delhi,Ranchi,16.6,Meeting
2023-11-25 13:13,2023-11-25 13:31,Business,Nashik,Hyderabad,17.9,Meeting
2023-11-26 15:54,2023-11-26 15:59,Business,Pune,Ghaziabad,2.3,Errand/Supplies
2023-11-26 17:00,2023-11-26 17:12,Business,Ludhiana,Hubli,8.2,Meeting
2023-11-26 17:36,2023-11-26 17:56,Business,Kalyan,Bangalore,14.5,Meeting
2023-11-26 18:29,2023-11-26 19:04,Business,Patna,Tiruchirappalli,21.4,Between Offices
2023-11-26 19:47,2023-11-26 19:54,Business,Vasai,Patna,4.0,Errand/Supplies
2023-11-27 15:59,2023-11-27 16:06,Business,Kalyan,Kota,5.3,Meal/Entertain
2023-11-27 18:55,2023-11-27 19:09,Business,Aurangabad,Vijayawada,4.7,Meal/Entertain
2023-11-30 11:03,2023-11-30 11:34,Business,Ranchi,Nagpur,13.7,Customer Visit
2023-11-30 11:53,2023-11-30 12:35,Business,Coimbatore,Ludhiana,10.8,Temporary Site
2023-11-30 12:43,2023-11-30 12:53,Business,Amritsar,Allahabad,5.0,Meeting
2023-12-01 07:44,2023-12-01 07:59,Business,Varanasi,Meerut,8.9,Meeting
2023-12-01 08:37,2023-12-01 08:53,Business,Agra,Varanasi,8.9,Errand/Supplies
2023-12-01 18:00,2023-12-01 18:12,Business,Howrah,Bhopal,4.7,Meal/Entertain
2023-12-01 20:36,2023-12-01 20:46,Business,Bhopal,Ghaziabad,4.7,Customer Visit
2023-12-02 12:12,2023-12-02 12:23,Business,Faridabad,Hubli,8.2,Meal/Entertain
2023-12-02 13:07,2023-12-02 13:22,Business,Nashik,Vasai,8.5,Customer Visit
2023-12-02 20:41,2023-12-02 20:48,Business,Ghaziabad,Gwalior,5.3,Meal/Entertain
2023-12-02 22:59,2023-12-02 23:07,Business,Visakhapatnam,Rajkot,4.8,Customer Visit
2023-12-03 18:35,2023-12-03 18:56,Business,Madurai,Lucknow,10.6,Errand/Supplies
2023-12-03 19:08,2023-12-03 19:15,Business,Kanpur,Vasai,2.9,Customer Visit
2023-12-03 20:31,2023-12-03 20:41,Business,Hubli,Thane,4.8,Customer Visit
2023-12-04 18:56,2023-12-04 19:03,Business,Thane,Ghaziabad,4.7,Meal/Entertain
2023-12-04 20:23,2023-12-04 20:34,Business,Agra,Aurangabad,5.5,Customer Visit
2023-12-05 18:04,2023-12-05 18:17,Business,Vijayawada,Ludhiana,6.6,Errand/Supplies
2023-12-05 19:22,2023-12-05 19:37,Business,Agra,Bangalore,6.1,Meal/Entertain
2023-12-07 12:03,2023-12-07 12:32,Business,Chandigarh,Nashik,10.6,Meeting
2023-12-07 12:35,2023-12-07 12:46,Business,Mumbai,Bhopal,6.4,Meeting
2023-12-07 19:53,2023-12-07 20:13,Business,Raipur,Delhi,11.3,Customer Visit
2023-12-07 21:13,2023-12-07 21:50,Business,Patna,Gwalior,11.1,Meal/Entertain
2023-12-08 14:19,2023-12-08 14:32,Business,Mumbai,Kolkata,5.5,Errand/Supplies
2023-12-08 14:53,2023-12-08 15:02,Business,Aurangabad,Nagpur,5.5,Errand/Supplies
2023-12-08 19:22,2023-12-08 19:27,Business,Guwahati,Guwahati,3.2,Meeting
2023-12-08 21:26,2023-12-08 21:31,Business,Thane,Bhopal,3.2,Errand/Supplies
2023-12-09 12:09,2023-12-09 12:24,Business,Nagpur,Jodhpur,8.2,Errand/Supplies
2023-12-09 13:15,2023-12-09 13:43,Business,Hyderabad,Kalyan,14.2,Temporary Site
2023-12-09 20:11,2023-12-09 20:34,Business,Chennai,Jabalpur,9.0,Meeting
2023-12-09 22:03,2023-12-09 22:57,Business,Coimbatore,Solapur,30.4,Customer Visit
2023-12-10 12:43,2023-12-10 13:16,Business,Patna,Nashik,25.1,Meeting
2023-12-10 14:42,2023-12-10 15:18,Business,Chandigarh,Faridabad,25.1,Errand/Supplies
2023-12-10 18:17,2023-12-10 18:27,Business,Vasai,Srinagar,4.8,Meal/Entertain
2023-12-10 22:09,2023-12-10 22:21,Business,Pune,Ludhiana,5.0,Customer Visit
2023-12-11 16:06,2023-12-11 16:16,Business,Srinagar,Hubli,4.8,Meal/Entertain
2023-12-11 19:05,2023-12-11 19:15,Business,Visakhapatnam,Howrah,7.7,Errand/Supplies
2023-12-11 21:48,2023-12-11 21:56,Business,Hyderabad,Mysore,3.4,Errand/Supplies
2023-12-12 13:22,2023-12-12 13:32,Business,Jaipur,Chennai,5.0,Errand/Supplies
2023-12-12 13:36,2023-12-12 13:51,Business,Indore,Jabalpur,7.1,Meal/Entertain
2023-12-12 14:26,2023-12-12 14:39,Business,Indore,Kolkata,7.6,Customer Visit
2023-12-12 17:51,2023-12-12 18:01,Business,Vadodara,Chandigarh,4.8,Meal/Entertain
2023-12-12 20:48,2023-12-12 20:57,Business,Kanpur,Kota,4.8,Customer Visit
2023-12-13 18:19,2023-12-13 18:29,Business,Vadodara,Lucknow,6.8,Errand/Supplies
2023-12-13 20:20,2023-12-13 20:29,Business,Allahabad,Vasai,6.6,Meal/Entertain
2023-12-14 16:52,2023-12-14 17:10,Business,Chandigarh,Vijayawada,5.5,Meeting
2023-12-14 17:22,2023-12-14 17:34,Business,Gwalior,Bangalore,5.3,Meal/Entertain
2023-12-14 17:50,2023-12-14 18:00,Business,Bangalore,Jaipur,4.8,Meal/Entertain
2023-12-14 20:24,2023-12-14 20:40,Business,Kota,Hubli,5.0,Customer Visit
2023-12-15 14:20,2023-12-15 14:54,Business,Hubli,Chandigarh,17.1,Meeting
2023-12-17 15:38,2023-12-17 16:12,Business,Patna,Aurangabad,7.7,Airport/Travel
2023-12-17 17:19,2023-12-17 17:59,Business,Coimbatore,Bhopal,8.5,Temporary Site
2023-12-18 13:03,2023-12-18 13:41,Business,Ghaziabad,Aurangabad,7.9,Errand/Supplies
2023-12-18 16:38,2023-12-18 17:25,Business,Jaipur,Ghaziabad,16.4,Errand/Supplies
2023-12-18 20:35,2023-12-18 21:04,Business,Rajkot,Delhi,14.8,Meeting
2023-12-19 09:08,2023-12-19 09:36,Business,Pune,Howrah,12.4,Errand/Supplies
2023-12-19 10:15,2023-12-19 10:34,Business,Solapur,Nashik,9.5,Temporary Site
2023-12-19 13:04,2023-12-19 13:08,Business,Aurangabad,Kanpur,1.1,Errand/Supplies
2023-12-19 13:24,2023-12-19 13:35,Business,Patna,Vadodara,2.1,Meal/Entertain
2023-12-19 14:07,2023-12-19 14:15,Business,Mumbai,Aurangabad,4.0,Customer Visit
2023-12-19 14:18,2023-12-19 14:32,Business,Srinagar,Chandigarh,8.5,Errand/Supplies
2023-12-19 14:37,2023-12-19 14:50,Business,Vasai,Srinagar,8.7,Meeting
2023-12-19 15:09,2023-12-19 15:38,Business,Vijayawada,Rajkot,16.4,Customer Visit
2023-12-19 16:50,2023-12-19 17:09,Business,Madurai,Ranchi,11.6,Customer Visit
2023-12-19 19:05,2023-12-19 19:17,Business,Jodhpur,Agra,3.5,Meeting
2023-12-19 19:55,2023-12-19 20:30,Business,Amritsar,Rajkot,17.7,Meeting
2023-12-20 08:49,2023-12-20 09:24,Business,Jabalpur,Ranchi,19.3,Customer Visit
2023-12-20 10:30,2023-12-20 10:48,Business,Howrah,Howrah,5.3,Errand/Supplies
2023-12-20 11:30,2023-12-20 12:17,Business,Kota,Chandigarh,31.2,Meeting
2023-12-20 13:14,2023-12-20 13:20,Business,Chandigarh,Pune,2.7,Errand/Supplies
2023-12-20 13:54,2023-12-20 14:17,Business,Thane,Pune,9.2,Temporary Site
2023-12-20 16:14,2023-12-20 16:24,Business,Bangalore,Ahmedabad,2.9,Errand/Supplies
2023-12-20 16:56,2023-12-20 17:07,Business,Bhopal,Raipur,2.3,Errand/Supplies
2023-12-20 18:47,2023-12-20 19:21,Business,Nashik,Coimbatore,16.6,Customer Visit
2023-12-21 07:42,2023-12-21 08:10,Business,Pune,Bhopal,18.5,Meeting
2023-12-21 10:14,2023-12-21 10:30,Business,Rajkot,Allahabad,7.9,Errand/Supplies
2023-12-21 11:35,2023-12-21 11:49,Business,Amritsar,Jodhpur,5.6,Meal/Entertain
2023-12-21 12:51,2023-12-21 13:33,Business,Ludhiana,Varanasi,26.1,Meeting
2023-12-21 15:38,2023-12-21 15:49,Business,Jaipur,Mumbai,3.2,Errand/Supplies
2023-12-21 15:55,2023-12-21 16:05,Business,Coimbatore,Bhopal,3.4,Errand/Supplies
2023-12-21 17:45,2023-12-21 17:54,Business,Mysore,Rajkot,3.4,Meeting
2023-12-21 17:59,2023-12-21 18:31,Business,Gwalior,Jodhpur,11.6,Customer Visit
2023-12-21 19:49,2023-12-21 20:35,Business,Jodhpur,Srinagar,19.3,Meeting
2023-12-21 20:56,2023-12-21 23:42,Business,Navi Mumbai,Ghaziabad,99.9,Meeting
2023-12-22 15:40,2023-12-22 16:38,Business,Kanpur,Faridabad,52.0,Meeting
2023-12-22 17:04,2023-12-22 17:20,Business,Tiruchirappalli,Chennai,8.5,Customer Visit
2023-12-22 17:27,2023-12-22 17:53,Business,Tiruchirappalli,Mumbai,18.7,Meeting
2023-12-22 17:56,2023-12-22 18:29,Business,Madurai,Bhopal,37.3,Meeting
2023-12-22 18:31,2023-12-22 18:37,Business,Srinagar,Ludhiana,5.1,Errand/Supplies
2023-12-22 18:38,2023-12-22 18:47,Business,Solapur,Indore,19.8,Temporary Site
2023-12-22 19:04,2023-12-22 19:50,Business,Lucknow,Bangalore,22.5,Meeting
2023-12-22 21:41,2023-12-22 21:53,Business,Indore,Kota,3.4,Meal/Entertain
2023-12-22 23:27,2023-12-22 23:32,Business,Jodhpur,Kolkata,3.4,Customer Visit
2023-12-23 09:21,2023-12-23 09:41,Business,Guwahati,Nashik,4.8,Meeting
2023-12-23 11:33,2023-12-23 11:58,Business,Srinagar,Dhanbad,10.0,Meeting
2023-12-23 14:15,2023-12-23 15:25,Business,Rajkot,Dhanbad,15.4,Meeting
2023-12-23 16:23,2023-12-23 16:34,Business,Pune,Srinagar,2.1,Errand/Supplies
2023-12-23 17:34,2023-12-23 18:27,Business,Nagpur,Nagpur,11.4,Meal/Entertain
2023-12-24 07:43,2023-12-24 08:04,Business,Thane,Mumbai,10.1,Meal/Entertain
2023-12-24 09:19,2023-12-24 09:55,Business,Jodhpur,Dhanbad,17.2,Meal/Entertain
2023-12-24 10:34,2023-12-24 10:53,Business,Indore,Dhanbad,8.5,Meal/Entertain
2023-12-24 12:51,2023-12-24 12:53,Business,Faridabad,Navi Mumbai,2.6,Errand/Supplies
2023-12-24 13:08,2023-12-24 13:29,Business,Ahmedabad,Ghaziabad,5.8,Errand/Supplies
2023-12-24 17:12,2023-12-24 17:27,Business,Ranchi,Howrah,2.7,Errand/Supplies
2023-12-24 19:12,2023-12-24 19:27,Business,Vasai,Nashik,4.7,Meal/Entertain
2023-12-24 22:04,2023-12-24 22:09,Business,Pune,Delhi,1.0,Errand/Supplies
2023-12-25 00:10,2023-12-25 00:14,Business,Raipur,Navi Mumbai,1.0,Errand/Supplies
2023-12-25 19:15,2023-12-25 19:26,Business,Vadodara,Delhi,3.7,Meal/Entertain
2023-12-25 21:58,2023-12-25 22:04,Business,Lucknow,Raipur,3.7,Meal/Entertain
2023-12-26 08:30,2023-12-26 08:41,Business,Vadodara,Kanpur,5.1,Meal/Entertain
2023-12-26 09:05,2023-12-26 09:19,Business,Amritsar,Ahmedabad,10.0,Customer Visit
2023-12-26 10:15,2023-12-26 10:36,Business,Solapur,Kanpur,12.4,Customer Visit
2023-12-26 11:29,2023-12-26 11:42,Business,Mysore,Vijayawada,6.1,Customer Visit
2023-12-26 13:09,2023-12-26 13:43,Business,Guwahati,Amritsar,12.7,Meeting
2023-12-27 07:02,2023-12-27 07:14,Business,Chandigarh,Vijayawada,7.9,Temporary Site
2023-12-27 08:37,2023-12-27 08:59,Business,Srinagar,Mysore,8.0,Meal/Entertain
2023-12-27 12:53,2023-12-27 12:57,Business,Lucknow,Vasai,1.0,Meal/Entertain
2023-12-27 14:49,2023-12-27 15:03,Business,Amritsar,Indore,5.0,Customer Visit
2023-12-27 16:34,2023-12-27 16:58,Business,Mysore,Rajkot,12.7,Meeting
2023-12-27 19:19,2023-12-27 19:50,Business,Ranchi,Srinagar,8.9,Customer Visit
2023-12-28 08:34,2023-12-28 09:06,Business,Howrah,Howrah,16.6,Meal/Entertain
2023-12-28 11:42,2023-12-28 12:12,Business,Thane,Hyderabad,16.7,Errand/Supplies
2023-12-28 13:53,2023-12-28 14:01,Business,Indore,Patna,3.2,Errand/Supplies
2023-12-28 15:04,2023-12-28 15:39,Business,Navi Mumbai,Gwalior,13.7,Meal/Entertain
2023-12-28 17:02,2023-12-28 17:16,Business,Nashik,Ludhiana,7.1,Errand/Supplies
2023-12-28 18:33,2023-12-28 18:56,Business,Allahabad,Aurangabad,6.1,Errand/Supplies
2023-12-28 22:44,2023-12-28 23:18,Business,Indore,Jaipur,8.2,Errand/Supplies
2023-12-29 00:49,2023-12-29 01:06,Business,Solapur,Pune,6.1,Errand/Supplies
2023-12-29 09:44,2023-12-29 10:07,Business,Coimbatore,Jabalpur,18.7,Meal/Entertain
2023-12-29 11:28,2023-12-29 12:00,Business,Guwahati,Lucknow,19.2,Meal/Entertain
2023-12-29 12:25,2023-12-29 12:33,Business,Agra,Rajkot,2.3,Errand/Supplies
2023-12-29 13:17,2023-12-29 13:24,Business,Thane,Hyderabad,1.8,Errand/Supplies
2023-12-29 13:56,2023-12-29 14:11,Business,Navi Mumbai,Indore,6.6,Airport/Travel
2023-12-29 14:42,2023-12-29 14:58,Business,Meerut,Nagpur,9.8,Between Offices
2023-12-29 15:05,2023-12-29 15:16,Business,Hyderabad,Rajkot,2.1,Errand/Supplies
2023-12-29 18:59,2023-12-29 19:14,Business,Dhanbad,Coimbatore,4.8,Meal/Entertain
2023-12-29 19:50,2023-12-29 20:10,Business,Kanpur,Allahabad,6.6,Customer Visit
2023-12-29 20:15,2023-12-29 20:45,Business,Howrah,Allahabad,11.6,Meeting
2023-12-29 20:53,2023-12-29 21:42,Business,Ahmedabad,Mysore,10.3,Meal/Entertain
2023-12-29 23:14,2023-12-29 23:47,Business,Nagpur,Jaipur,20.8,Meeting
2023-12-30 10:15,2023-12-30 10:33,Business,Indore,Faridabad,4.5,Errand/Supplies
2023-12-30 11:31,2023-12-30 11:56,Business,Patna,Vijayawada,4.7,Errand/Supplies
2023-12-30 15:41,2023-12-30 16:03,Business,Kalyan,Meerut,7.4,Errand/Supplies
2023-12-30 16:45,2023-12-30 17:08,Business,Bhopal,Coimbatore,7.4,Meeting
2023-12-30 23:06,2023-12-30 23:10,Business,Kota,Ghaziabad,1.3,Customer Visit
2023-12-31 01:07,2023-12-31 01:14,Business,Faridabad,Delhi,1.1,Meeting
2023-12-31 13:24,2023-12-31 13:42,Business,Hubli,Indore,6.3,Temporary Site
2023-12-31 15:03,2023-12-31 15:38,Business,Navi Mumbai,Varanasi,26.1,Meeting
2023-12-31 21:32,2023-12-31 21:50,Business,Lucknow,Nashik,10.3,Temporary Site
2023-12-31 22:08,2023-12-31 23:51,Business,Chennai,Hubli,77.6,Temporary Site
2023-04-25 04:47,2023-04-25 05:39,Business,Patna,Bhopal,4.7,Delivery Task
2023-01-16 02:13,2023-01-16 03:30,Business,Surat,Mumbai,6.8,Temporary Site
2023-12-26 17:26,2023-12-26 18:45,Business,Navi Mumbai,Ahmedabad,11.0,Meeting
2023-03-23 22:27,2023-03-24 00:08,Business,Nashik,Gwalior,15.3,Site Inspection
2023-02-17 12:06,2023-02-17 15:47,Business,Chandigarh,Dhanbad,66.9,Office Commute
2023-10-02 03:59,2023-10-02 05:40,Business,Navi Mumbai,Guwahati,40.6,Delivery Task
2023-07-05 18:12,2023-07-05 19:27,Personal,Mysore,Howrah,36.7,Meal/Entertain
2023-04-30 03:24,2023-04-30 06:59,Business,Raipur,Faridabad,49.5,Meal/Entertain
2023-04-18 21:17,2023-04-18 22:07,Business,Patna,Vasai,6.1,Customer Visit
2023-08-25 12:17,2023-08-25 14:17,Business,Patna,Chennai,4.3,Meal/Entertain
2023-04-28 01:51,2023-04-28 04:57,Business,Rajkot,Hyderabad,42.2,Meeting
2023-06-11 06:41,2023-06-11 10:31,Business,Gwalior,Aurangabad,14.2,Errand/Supplies
2023-10-15 17:16,2023-10-15 19:50,Business,Pune,Kota,2.8,Client Pickup
2023-09-18 15:05,2023-09-18 16:02,Business,Kalyan,Jaipur,15.0,Customer Visit
2023-08-05 19:04,2023-08-05 21:05,Business,Bhopal,Chandigarh,12.0,Meeting
2023-01-06 21:46,2023-01-06 22:49,Business,Navi Mumbai,Kota,14.6,Meeting
2023-03-22 14:00,2023-03-22 16:18,Business,Thiruvananthapuram,Pune,5.0,Delivery Task
2023-11-17 09:53,2023-11-17 11:39,Personal,Thane,Coimbatore,2.3,Client Pickup
2023-09-29 00:38,2023-09-29 03:50,Business,Chandigarh,Jaipur,33.9,Meeting
2023-06-07 07:03,2023-06-07 08:54,Business,Ahmedabad,Bhopal,45.8,Customer Visit
2023-09-30 04:08,2023-09-30 08:15,Business,Bangalore,Srinagar,1.8,Customer Visit
2023-08-05 06:59,2023-08-05 09:07,Business,Mysore,Chennai,13.2,Site Inspection
2023-07-11 14:57,2023-07-11 19:08,Business,Solapur,Hubli,10.3,Office Commute
2023-10-29 17:14,2023-10-29 17:25,Business,Bhopal,Ghaziabad,5.6,Customer Visit
2023-01-17 10:04,2023-01-17 12:13,Business,Aurangabad,Solapur,4.1,Meal/Entertain
2023-10-20 18:30,2023-10-20 20:48,Personal,Gwalior,Raipur,8.5,Airport Drop
2023-08-09 11:27,2023-08-09 13:31,Personal,Vadodara,Kanpur,2.2,Site Inspection
2023-11-27 03:03,2023-11-27 06:29,Business,Visakhapatnam,Srinagar,10.1,Site Inspection
2023-04-08 17:28,2023-04-08 19:09,Business,Indore,Vadodara,23.8,Meal/Entertain
2023-02-08 14:51,2023-02-08 16:07,Business,Coimbatore,Gwalior,13.2,Errand/Supplies
2023-02-17 07:10,2023-02-17 12:17,Business,Amritsar,Pune,91.7,Meal/Entertain
2023-03-26 12:00,2023-03-26 14:40,Personal,Lucknow,Dhanbad,46.6,Errand/Supplies
2023-10-12 21:45,2023-10-12 22:45,Business,Tiruchirappalli,Kota,10.7,Customer Visit
2023-10-05 01:47,2023-10-05 02:06,Business,Delhi,Howrah,1.6,Client Pickup
2023-09-29 05:03,2023-09-29 06:11,Business,Amritsar,Nashik,13.9,Delivery Task
2023-05-01 12:07,2023-05-01 14:18,Business,Vijayawada,Coimbatore,1.8,Meal/Entertain
2023-12-03 18:36,2023-12-03 21:22,Business,Nashik,Navi Mumbai,2.0,Client Pickup
2023-05-16 12:08,2023-05-16 14:15,Business,Guwahati,Dhanbad,5.3,Airport Drop
2023-11-15 18:06,2023-11-15 19:10,Business,Hyderabad,Thane,15.4,Meeting
2023-02-05 07:23,2023-02-05 08:31,Business,Dhanbad,Madurai,14.1,Meeting
2023-12-01 16:00,2023-12-01 18:43,Personal,Kolkata,Vasai,5.1,Office Commute
2023-03-01 03:47,2023-03-01 05:45,Business,Raipur,Bengaluru,19.8,Meeting
2023-04-15 21:40,2023-04-16 00:11,Business,Gwalior,Howrah,11.0,Errand/Supplies
2023-02-17 20:27,2023-02-17 22:07,Business,Ludhiana,Guwahati,44.6,Office Commute
2023-05-15 05:47,2023-05-15 09:22,Personal,Agra,Indore,37.3,Customer Visit
2023-12-20 04:34,2023-12-20 04:50,Business,Solapur,Kochi,2.4,Office Commute
2023-06-07 11:57,2023-06-07 12:13,Business,Nashik,Mysore,2.6,Temporary Site
2023-10-14 13:39,2023-10-14 14:14,Business,Dhanbad,Rajkot,2.3,Customer Visit
2023-07-31 00:11,2023-07-31 04:57,Business,Visakhapatnam,Chennai,90.5,Errand/Supplies
2023-05-17 05:50,2023-05-17 07:40,Business,Vadodara,Raipur,43.4,Meeting
2023-08-24 11:19,2023-08-24 12:32,Business,Visakhapatnam,Allahabad,22.9,Office Commute
2023-02-05 08:22,2023-02-05 11:57,Business,Ahmedabad,Raipur,5.5,Customer Visit
2023-03-01 08:11,2023-03-01 08:48,Personal,Rajkot,Vasai,14.1,Meal/Entertain
2023-06-10 13:38,2023-06-10 14:59,Business,Bengaluru,Navi Mumbai,11.1,Airport Drop
2023-08-12 00:33,2023-08-12 02:18,Business,Jodhpur,Nagpur,1.4,Meeting
2023-06-19 19:20,2023-06-19 20:18,Business,Jaipur,Kochi,10.2,Meeting
2023-12-23 09:35,2023-12-23 10:09,Personal,Madurai,Hubli,5.4,Client Pickup
2023-03-31 19:36,2023-03-31 22:36,Business,Kanpur,Raipur,38.7,Site Inspection
2023-08-09 18:38,2023-08-09 20:46,Personal,Mysore,Vasai,4.9,Meal/Entertain
2023-03-28 21:05,2023-03-28 23:31,Personal,Kolkata,Rajkot,7.5,Customer Visit
2023-05-01 21:19,2023-05-01 23:07,Personal,Raipur,Patna,2.1,Site Inspection
2023-09-01 19:54,2023-09-01 20:31,Business,Delhi,Chandigarh,4.3,Meeting
2023-07-16 15:25,2023-07-16 16:24,Business,Kanpur,Patna,11.0,Errand/Supplies
2023-02-24 13:14,2023-02-24 15:06,Personal,Pune,Ranchi,11.5,Site Inspection
2023-03-04 14:08,2023-03-04 17:06,Business,Meerut,Kota,4.3,Customer Visit
2023-08-15 19:52,2023-08-15 23:58,Business,Meerut,Mysore,14.3,Meal/Entertain
2023-09-01 14:16,2023-09-01 15:32,Business,Vasai,Mysore,3.1,Errand/Supplies
2023-08-14 02:45,2023-08-14 03:53,Personal,Thiruvananthapuram,Meerut,4.2,Errand/Supplies
2023-03-12 04:14,2023-03-12 07:28,Business,Gwalior,Indore,8.5,Office Commute
2023-06-19 17:29,2023-06-19 17:57,Business,Chandigarh,Solapur,6.7,Delivery Task
2023-10-27 22:01,2023-10-28 01:42,Personal,Dhanbad,Vasai,13.6,Meal/Entertain
2023-07-19 13:34,2023-07-19 16:17,Business,Lucknow,Agra,25.5,Meal/Entertain
2023-07-19 10:42,2023-07-19 14:02,Business,Ludhiana,Faridabad,7.7,Meeting
2023-11-15 17:01,2023-11-15 19:37,Business,Chennai,Vasai,2.6,Customer Visit
2023-03-11 14:11,2023-03-11 14:38,Business,Nagpur,Raipur,9.9,Meal/Entertain
2023-07-14 08:48,2023-07-14 10:02,Personal,Jodhpur,Hyderabad,5.4,Meal/Entertain
2023-01-27 11:14,2023-01-27 11:38,Business,Vasai,Bangalore,11.4,Customer Visit
2023-01-11 19:09,2023-01-11 20:25,Personal,Thane,Ahmedabad,22.1,Meal/Entertain
2023-08-27 22:16,2023-08-27 23:26,Business,Lucknow,Raipur,14.3,Airport Drop
2023-03-25 09:06,2023-03-25 10:39,Business,Navi Mumbai,Surat,42.2,Airport Drop
2023-04-12 02:37,2023-04-12 03:59,Business,Nagpur,Rajkot,28.2,Office Commute
2023-03-03 18:50,2023-03-03 19:22,Business,Ranchi,Thiruvananthapuram,10.5,Customer Visit
2023-11-28 10:00,2023-11-28 13:35,Business,Mumbai,Kochi,1.8,Client Pickup
2023-08-24 22:09,2023-08-24 23:05,Business,Ludhiana,Bengaluru,5.9,Meal/Entertain
2023-10-03 15:29,2023-10-03 21:07,Business,Srinagar,Meerut,63.6,Temporary Site
2023-02-14 08:56,2023-02-14 10:23,Business,Srinagar,Nashik,12.9,Meeting
2023-06-22 00:31,2023-06-22 01:37,Business,Thane,Kota,10.3,Meal/Entertain
2023-05-24 19:44,2023-05-24 22:15,Business,Ludhiana,Dhanbad,4.5,Meeting
2023-07-28 15:35,2023-07-28 18:12,Business,Agra,Meerut,18.1,Errand/Supplies
2023-02-17 09:14,2023-02-17 12:35,Personal,Pune,Solapur,12.1,Meeting
2023-10-11 16:22,2023-10-11 19:44,Business,Ghaziabad,Hubli,6.0,Meeting
2023-06-06 08:14,2023-06-06 08:52,Personal,Mysore,Indore,7.2,Site Inspection
2023-12-20 05:12,2023-12-20 08:22,Business,Hyderabad,Bhopal,48.3,Office Commute
2023-09-26 19:18,2023-09-26 21:49,Personal,Lucknow,Gwalior,49.2,Customer Visit
2023-01-08 22:34,2023-01-08 23:15,Business,Delhi,Howrah,3.3,Meal/Entertain
2023-03-06 20:55,2023-03-06 22:08,Business,Allahabad,Amritsar,10.7,Site Inspection
2023-08-14 10:11,2023-08-14 10:42,Personal,Visakhapatnam,Agra,7.5,Office Commute
2023-09-09 02:36,2023-09-09 02:50,Business,Visakhapatnam,Lucknow,1.7,Errand/Supplies
2023-05-08 03:35,2023-05-08 06:20,Business,Chandigarh,Vadodara,5.1,Site Inspection
2023-07-14 14:58,2023-07-14 16:37,Personal,Navi Mumbai,Tiruchirappalli,11.8,Airport Drop
2023-11-14 01:39,2023-11-14 04:37,Business,Visakhapatnam,Nashik,65.3,Meeting
2023-03-22 07:11,2023-03-22 08:09,Business,Dhanbad,Patna,10.2,Site Inspection
2023-08-29 09:02,2023-08-29 09:59,Business,Chennai,Agra,10.6,Meeting
2023-12-18 07:59,2023-12-18 09:50,Business,Solapur,Howrah,30.9,Office Commute
2023-05-17 04:04,2023-05-17 04:34,Business,Kochi,Bhopal,10.0,Meeting
2023-05-28 14:07,2023-05-28 17:28,Business,Tiruchirappalli,Hubli,12.5,Office Commute
2023-10-04 15:28,2023-10-04 16:15,Business,Hubli,Ranchi,4.7,Meal/Entertain
2023-01-14 02:14,2023-01-14 03:36,Business,Allahabad,Kochi,36.2,Meal/Entertain
2023-03-31 15:33,2023-03-31 17:54,Business,Thane,Rajkot,35.2,Airport Drop
2023-02-16 15:22,2023-02-16 17:11,Business,Coimbatore,Nashik,12.4,Client Pickup
2023-07-30 22:31,2023-07-31 00:19,Business,Hyderabad,Raipur,3.1,Temporary Site
2023-06-11 08:20,2023-06-11 09:25,Business,Varanasi,Thane,7.3,Errand/Supplies
2023-10-05 14:26,2023-10-05 15:08,Business,Visakhapatnam,Madurai,15.1,Meal/Entertain
2023-08-15 01:13,2023-08-15 03:48,Personal,Meerut,Jaipur,7.9,Errand/Supplies
2023-03-04 00:40,2023-03-04 01:41,Personal,Bhubaneswar,Howrah,10.7,Office Commute
2023-04-26 03:29,2023-04-26 04:01,Business,Hubli,Mysore,6.6,Customer Visit
2023-08-01 15:30,2023-08-01 17:47,Business,Ludhiana,Solapur,10.8,Customer Visit
2023-09-18 23:56,2023-09-19 00:31,Business,Mysore,Chandigarh,13.9,Airport Drop
2023-09-17 08:52,2023-09-17 09:53,Business,Gwalior,Thiruvananthapuram,29.6,Meeting
2023-12-04 15:55,2023-12-04 18:02,Business,Srinagar,Hubli,35.3,Meeting
2023-10-06 12:29,2023-10-06 13:34,Personal,Mumbai,Lucknow,8.6,Delivery Task
2023-07-30 01:20,2023-07-30 04:28,Personal,Ranchi,Ghaziabad,4.1,Errand/Supplies
2023-11-30 04:31,2023-11-30 04:55,Business,Vadodara,Jodhpur,10.2,Site Inspection
2023-08-14 03:33,2023-08-14 03:41,Business,Madurai,Nashik,2.2,Delivery Task
2023-03-21 02:30,2023-03-21 04:16,Personal,Srinagar,Chandigarh,10.1,Client Pickup
2023-06-18 21:54,2023-06-19 01:13,Business,Noida,Ranchi,1.9,Errand/Supplies
2023-10-05 01:39,2023-10-05 03:17,Personal,Hyderabad,Patna,41.6,Meal/Entertain
2023-02-16 13:06,2023-02-16 15:13,Business,Patna,Rajkot,49.9,Customer Visit
2023-06-16 01:18,2023-06-16 02:58,Personal,Chennai,Ranchi,1.2,Office Commute
2023-12-16 05:10,2023-12-16 05:33,Business,Kochi,Chandigarh,6.7,Meeting
2023-09-12 18:09,2023-09-12 19:29,Business,Noida,Visakhapatnam,10.5,Delivery Task
2023-08-27 09:43,2023-08-27 11:23,Business,Patna,Guwahati,10.3,Customer Visit
2023-06-03 20:27,2023-06-04 00:02,Personal,Aurangabad,Kolkata,49.6,Airport Drop
2023-09-05 03:15,2023-09-05 05:53,Business,Vijayawada,Hubli,6.3,Office Commute
2023-01-12 21:25,2023-01-12 21:48,Business,Jabalpur,Nagpur,10.7,Meal/Entertain
2023-01-26 19:47,2023-01-26 22:35,Personal,Nagpur,Visakhapatnam,11.4,Client Pickup
2023-04-23 20:12,2023-04-23 21:11,Personal,Thiruvananthapuram,Vadodara,12.2,Site Inspection
2023-06-08 14:02,2023-06-08 18:24,Business,Patna,Bengaluru,37.7,Customer Visit
2023-08-01 05:12,2023-08-01 07:14,Business,Bhubaneswar,Bangalore,26.5,Office Commute
2023-03-26 08:58,2023-03-26 13:14,Business,Jaipur,Meerut,4.7,Client Pickup
2023-02-28 14:04,2023-02-28 15:25,Personal,Vadodara,Howrah,26.9,Errand/Supplies
2023-10-13 11:05,2023-10-13 12:46,Business,Visakhapatnam,Rajkot,49.3,Meeting
2023-12-11 08:37,2023-12-11 11:32,Business,Guwahati,Mumbai,6.0,Meeting
2023-11-14 17:20,2023-11-14 18:57,Business,Jaipur,Bengaluru,7.5,Customer Visit
2023-06-04 20:26,2023-06-04 22:16,Business,Aurangabad,Patna,46.8,Temporary Site
2023-05-01 17:08,2023-05-01 20:55,Business,Allahabad,Hubli,55.9,Meeting
2023-10-04 13:37,2023-10-04 15:48,Personal,Jaipur,Raipur,39.4,Errand/Supplies
2023-05-24 01:44,2023-05-24 03:52,Business,Pune,Bengaluru,36.6,Customer Visit
2023-12-18 11:34,2023-12-18 12:26,Business,Kolkata,Ghaziabad,18.6,Meal/Entertain
2023-08-21 02:42,2023-08-21 04:09,Business,Kalyan,Gwalior,2.5,Meeting
2023-06-20 07:08,2023-06-20 10:38,Business,Patna,Navi Mumbai,52.6,Customer Visit
2023-04-21 07:21,2023-04-21 09:21,Business,Aurangabad,Vasai,22.3,Office Commute
2023-03-08 17:16,2023-03-08 18:10,Business,Agra,Gwalior,20.1,Delivery Task
2023-05-02 18:20,2023-05-02 18:27,Business,Raipur,Visakhapatnam,1.0,Errand/Supplies
2023-02-28 23:04,2023-03-01 01:11,Business,Guwahati,Amritsar,6.8,Meal/Entertain
2023-09-15 07:39,2023-09-15 08:07,Business,Thiruvananthapuram,Jaipur,2.3,Meeting
2023-11-26 00:03,2023-11-26 03:49,Business,Tiruchirappalli,Visakhapatnam,5.1,Delivery Task
2023-08-16 02:57,2023-08-16 03:32,Personal,Kalyan,Kochi,7.8,Office Commute
2023-11-21 18:35,2023-11-21 20:21,Business,Navi Mumbai,Chandigarh,4.7,Meeting
2023-08-09 03:50,2023-08-09 04:33,Business,Navi Mumbai,Meerut,8.0,Meal/Entertain
2023-08-21 12:26,2023-08-21 13:45,Business,Kochi,Kolkata,29.5,Office Commute
2023-03-20 21:59,2023-03-20 22:28,Business,Kochi,Hyderabad,6.1,Meal/Entertain
2023-07-10 04:35,2023-07-10 05:23,Personal,Bangalore,Vasai,6.9,Airport Drop
2023-12-07 13:55,2023-12-07 14:26,Business,Mysore,Indore,6.6,Office Commute
2023-04-19 04:42,2023-04-19 05:57,Business,Navi Mumbai,Hubli,9.0,Meal/Entertain
2023-02-28 08:36,2023-02-28 10:36,Business,Vijayawada,Bengaluru,8.7,Airport Drop
2023-11-15 19:43,2023-11-15 20:19,Business,Kochi,Vijayawada,11.7,Meeting
2023-04-03 08:44,2023-04-03 10:58,Business,Navi Mumbai,Raipur,24.4,Meeting
2023-12-03 12:04,2023-12-03 12:12,Personal,Jabalpur,Agra,2.8,Office Commute
2023-08-21 10:10,2023-08-21 11:41,Business,Bangalore,Surat,6.1,Meeting
2023-02-13 01:09,2023-02-13 03:37,Business,Srinagar,Hyderabad,34.9,Customer Visit
2023-08-06 15:38,2023-08-06 17:38,Business,Amritsar,Rajkot,7.1,Customer Visit
2023-08-09 03:18,2023-08-09 06:10,Business,Gwalior,Dhanbad,19.1,Office Commute
2023-11-03 01:00,2023-11-03 01:50,Business,Raipur,Hubli,6.4,Meeting
2023-06-17 03:00,2023-06-17 06:48,Business,Dhanbad,Thiruvananthapuram,4.4,Office Commute
2023-09-14 17:53,2023-09-14 18:32,Business,Coimbatore,Bhubaneswar,10.8,Client Pickup
2023-08-24 02:55,2023-08-24 06:22,Business,Kalyan,Visakhapatnam,30.3,Meeting
2023-05-29 03:25,2023-05-29 03:54,Business,Kochi,Nagpur,9.9,Office Commute
2023-12-20 11:05,2023-12-20 15:43,Business,Chennai,Vadodara,31.2,Temporary Site
2023-02-10 12:55,2023-02-10 14:34,Personal,Bengaluru,Ghaziabad,6.5,Temporary Site
2023-11-21 03:33,2023-11-21 05:47,Business,Faridabad,Indore,17.8,Office Commute
2023-11-27 04:15,2023-11-27 04:52,Business,Thiruvananthapuram,Jabalpur,14.4,Customer Visit
2023-12-02 02:11,2023-12-02 06:14,Personal,Guwahati,Delhi,3.0,Errand/Supplies
2023-10-17 20:40,2023-10-18 00:21,Personal,Thane,Nagpur,30.8,Site Inspection
2023-11-20 09:50,2023-11-20 10:19,Business,Hyderabad,Chandigarh,7.5,Meeting
2023-01-20 01:23,2023-01-20 01:56,Business,Jabalpur,Madurai,7.4,Meeting
2023-11-01 16:24,2023-11-01 20:41,Business,Pune,Visakhapatnam,54.6,Office Commute
2023-10-20 20:12,2023-10-20 23:19,Business,Mysore,Tiruchirappalli,16.5,Meal/Entertain
2023-02-22 10:45,2023-02-22 11:22,Personal,Lucknow,Madurai,1.7,Meeting
2023-08-13 16:33,2023-08-13 17:40,Personal,Pune,Coimbatore,10.8,Meal/Entertain
2023-12-14 19:03,2023-12-14 19:42,Business,Jaipur,Howrah,11.8,Office Commute
2023-05-10 23:54,2023-05-11 00:48,Business,Indore,Bengaluru,6.3,Site Inspection
2023-06-08 20:44,2023-06-08 21:44,Business,Bangalore,Nashik,13.8,Client Pickup
2023-07-12 20:50,2023-07-12 22:13,Business,Navi Mumbai,Solapur,25.9,Meeting
2023-12-17 16:05,2023-12-17 19:36,Business,Raipur,Ranchi,40.9,Client Pickup
2023-04-20 10:49,2023-04-20 11:44,Personal,Jaipur,Ahmedabad,3.4,Errand/Supplies
2023-02-21 16:49,2023-02-21 21:28,Business,Faridabad,Bhubaneswar,5.0,Airport Drop
2023-03-09 19:24,2023-03-09 20:07,Business,Allahabad,Raipur,11.7,Delivery Task
2023-03-26 23:28,2023-03-27 00:00,Personal,Coimbatore,Vasai,9.7,Errand/Supplies
2023-11-09 09:48,2023-11-09 12:24,Business,Jaipur,Rajkot,48.9,Airport Drop
2023-08-29 06:23,2023-08-29 10:32,Business,Mumbai,Ghaziabad,12.3,Site Inspection
2023-09-28 13:10,2023-09-28 15:04,Business,Kota,Thiruvananthapuram,6.2,Client Pickup
2023-09-04 11:35,2023-09-04 12:53,Business,Navi Mumbai,Bhubaneswar,16.9,Site Inspection
2023-03-24 08:28,2023-03-24 10:33,Business,Vijayawada,Meerut,25.0,Meeting
2023-08-19 11:59,2023-08-19 12:39,Personal,Vasai,Kochi,13.7,Meeting
2023-02-11 11:14,2023-02-11 11:32,Business,Amritsar,Kalyan,4.1,Delivery Task
2023-03-16 04:02,2023-03-16 06:55,Personal,Bengaluru,Vasai,26.8,Temporary Site
2023-08-18 19:00,2023-08-18 19:22,Business,Ranchi,Vasai,10.8,Customer Visit
2023-11-08 16:27,2023-11-08 18:24,Business,Guwahati,Dhanbad,34.3,Errand/Supplies
2023-08-03 20:50,2023-08-03 21:11,Business,Howrah,Ghaziabad,1.5,Airport Drop
2023-01-09 20:32,2023-01-09 23:46,Business,Bhopal,Vasai,35.9,Client Pickup
2023-06-30 07:36,2023-06-30 08:28,Business,Solapur,Chandigarh,0.8,Customer Visit
2023-09-27 17:32,2023-09-27 17:53,Business,Raipur,Bangalore,5.9,Customer Visit
2023-07-11 08:47,2023-07-11 09:11,Business,Jodhpur,Visakhapatnam,9.8,Site Inspection
2023-11-18 03:49,2023-11-18 04:45,Business,Tiruchirappalli,Aurangabad,11.2,Meeting
2023-03-31 21:29,2023-04-01 00:34,Business,Allahabad,Jabalpur,12.4,Airport Drop
2023-08-23 01:18,2023-08-23 01:45,Business,Coimbatore,Vadodara,11.0,Meeting
2023-06-08 16:25,2023-06-08 21:19,Business,Tiruchirappalli,Delhi,26.1,Office Commute
2023-07-02 01:55,2023-07-02 03:47,Business,Guwahati,Allahabad,21.8,Client Pickup
2023-08-14 12:21,2023-08-14 13:50,Business,Bhopal,Vadodara,13.4,Meeting
2023-05-17 02:46,2023-05-17 03:30,Business,Ranchi,Ludhiana,12.1,Delivery Task
2023-05-31 10:06,2023-05-31 12:24,Business,Kochi,Navi Mumbai,59.1,Errand/Supplies
2023-08-07 05:44,2023-08-07 07:31,Personal,Raipur,Howrah,9.4,Delivery Task
2023-11-11 13:17,2023-11-11 14:54,Personal,Kolkata,Allahabad,46.9,Airport Drop
2023-12-14 05:01,2023-12-14 06:34,Business,Raipur,Patna,8.1,Meeting
2023-05-01 20:23,2023-05-01 22:06,Business,Rajkot,Tiruchirappalli,2.6,Customer Visit
2023-07-09 11:28,2023-07-09 12:24,Business,Nagpur,Allahabad,10.4,Site Inspection
2023-05-23 07:07,2023-05-23 07:22,Business,Bhubaneswar,Meerut,5.3,Customer Visit
2023-05-15 08:45,2023-05-15 09:56,Business,Ludhiana,Meerut,8.8,Customer Visit
2023-04-13 03:08,2023-04-13 04:06,Business,Noida,Howrah,15.0,Meeting
2023-12-16 10:42,2023-12-16 13:48,Business,Coimbatore,Solapur,2.0,Office Commute
2023-03-22 22:45,2023-03-22 23:58,Business,Aurangabad,Mysore,13.5,Temporary Site
2023-03-13 07:50,2023-03-13 08:10,Personal,Madurai,Faridabad,3.7,Errand/Supplies
2023-10-10 04:39,2023-10-10 04:57,Business,Jaipur,Mysore,7.4,Site Inspection
2023-09-27 13:49,2023-09-27 20:10,Business,Hubli,Kalyan,85.9,Delivery Task
2023-02-07 14:29,2023-02-07 17:35,Business,Nagpur,Aurangabad,5.3,Delivery Task
2023-04-04 04:27,2023-04-04 06:09,Business,Bhubaneswar,Vasai,37.4,Site Inspection
2023-03-24 10:59,2023-03-24 11:53,Business,Vasai,Bhopal,5.1,Delivery Task
2023-11-22 17:17,2023-11-22 18:42,Business,Meerut,Howrah,23.8,Customer Visit
2023-10-31 18:09,2023-10-31 19:52,Personal,Noida,Mumbai,9.9,Customer Visit
2023-10-16 01:52,2023-10-16 02:47,Business,Noida,Srinagar,26.9,Office Commute
2023-04-18 18:26,2023-04-18 19:29,Business,Allahabad,Pune,24.3,Office Commute
2023-09-05 07:51,2023-09-05 09:35,Business,Patna,Mumbai,14.4,Site Inspection
2023-08-01 15:29,2023-08-01 16:18,Business,Kota,Aurangabad,3.0,Meal/Entertain
2023-06-26 12:08,2023-06-26 14:41,Personal,Navi Mumbai,Chandigarh,11.0,Site Inspection
2023-05-17 14:15,2023-05-17 14:41,Business,Mysore,Bengaluru,7.4,Office Commute
2023-08-03 07:55,2023-08-03 10:06,Business,Amritsar,Howrah,45.3,Meal/Entertain
2023-09-13 16:29,2023-09-13 19:29,Business,Nagpur,Srinagar,11.6,Errand/Supplies
2023-08-23 07:13,2023-08-23 07:37,Business,Ludhiana,Ahmedabad,6.4,Meeting
2023-12-01 21:30,2023-12-02 00:13,Personal,Amritsar,Howrah,13.3,Delivery Task
2023-05-16 23:23,2023-05-17 01:01,Business,Agra,Vijayawada,2.7,Customer Visit
2023-07-05 17:18,2023-07-05 17:59,Business,Allahabad,Kalyan,8.8,Client Pickup
2023-11-16 21:39,2023-11-16 22:44,Business,Madurai,Kolkata,24.9,Meeting
2023-10-13 11:48,2023-10-13 12:42,Personal,Bengaluru,Kalyan,14.8,Client Pickup
2023-01-20 04:45,2023-01-20 06:51,Personal,Navi Mumbai,Madurai,1.4,Airport Drop
2023-03-13 10:59,2023-03-13 12:07,Business,Meerut,Kota,13.5,Errand/Supplies
2023-06-22 16:53,2023-06-22 21:54,Personal,Kalyan,Noida,25.5,Site Inspection
2023-07-08 10:43,2023-07-08 11:33,Business,Solapur,Nagpur,12.4,Meeting
2023-12-19 20:01,2023-12-19 22:28,Business,Nashik,Hubli,40.4,Client Pickup
2023-04-27 23:03,2023-04-28 02:23,Personal,Pune,Tiruchirappalli,78.9,Meeting
2023-07-14 04:52,2023-07-14 06:24,Business,Meerut,Patna,42.1,Errand/Supplies
2023-06-10 13:09,2023-06-10 16:10,Personal,Nagpur,Ranchi,1.1,Client Pickup
2023-08-30 23:46,2023-08-31 00:13,Personal,Dhanbad,Kanpur,9.5,Customer Visit
2023-09-02 16:24,2023-09-02 17:38,Business,Meerut,Dhanbad,15.0,Meal/Entertain
2023-12-15 20:51,2023-12-15 23:05,Business,Kota,Mumbai,5.8,Site Inspection
2023-06-02 09:45,2023-06-02 11:23,Personal,Delhi,Ghaziabad,5.0,Delivery Task
2023-05-21 09:07,2023-05-21 13:56,Personal,Solapur,Ludhiana,5.8,Customer Visit
2023-03-16 09:02,2023-03-16 10:58,Business,Jodhpur,Kalyan,48.4,Delivery Task
2023-04-20 06:52,2023-04-20 09:32,Personal,Jabalpur,Kolkata,11.4,Meal/Entertain
2023-10-28 07:15,2023-10-28 07:41,Business,Mysore,Ranchi,2.4,Meeting
2023-07-31 10:45,2023-07-31 11:15,Personal,Meerut,Faridabad,1.5,Office Commute
2023-03-22 13:41,2023-03-22 16:12,Business,Rajkot,Thiruvananthapuram,14.5,Office Commute
2023-05-27 20:03,2023-05-27 21:34,Business,Pune,Delhi,25.1,Errand/Supplies
2023-01-20 05:26,2023-01-20 05:52,Business,Nagpur,Faridabad,11.1,Office Commute
2023-05-29 01:00,2023-05-29 04:08,Business,Vasai,Kalyan,21.6,Airport Drop
2023-08-21 20:34,2023-08-22 01:39,Business,Navi Mumbai,Bengaluru,26.8,Client Pickup
2023-02-27 10:10,2023-02-27 13:04,Business,Bhubaneswar,Vijayawada,4.7,Temporary Site
2023-06-01 18:43,2023-06-01 19:27,Personal,Guwahati,Solapur,11.3,Errand/Supplies
2023-08-07 16:20,2023-08-07 16:58,Business,Noida,Vijayawada,6.6,Meeting
2023-06-15 07:00,2023-06-15 08:43,Business,Raipur,Bengaluru,2.8,Office Commute
2023-06-04 18:46,2023-06-04 20:27,Business,Ghaziabad,Kolkata,48.4,Meal/Entertain
2023-12-08 03:29,2023-12-08 04:17,Business,Guwahati,Pune,4.2,Meeting
2023-12-27 09:44,2023-12-27 10:48,Business,Kalyan,Rajkot,13.5,Temporary Site
2023-09-02 04:29,2023-09-02 06:43,Business,Jaipur,Noida,14.4,Customer Visit
2023-12-07 06:48,2023-12-07 08:31,Personal,Ranchi,Mysore,41.5,Errand/Supplies
2023-10-16 03:03,2023-10-16 07:32,Business,Meerut,Kolkata,5.9,Client Pickup
2023-09-24 14:07,2023-09-24 15:44,Business,Delhi,Nagpur,3.1,Office Commute
2023-01-29 14:08,2023-01-29 17:56,Personal,Nashik,Ludhiana,8.0,Delivery Task
2023-06-07 23:01,2023-06-08 00:20,Business,Kota,Nagpur,7.4,Site Inspection
2023-01-24 13:22,2023-01-24 15:06,Business,Varanasi,Agra,35.3,Meal/Entertain
2023-05-27 13:11,2023-05-27 16:31,Business,Amritsar,Aurangabad,73.6,Delivery Task
2023-07-13 12:05,2023-07-13 13:40,Business,Jaipur,Jodhpur,13.8,Errand/Supplies
2023-10-03 12:33,2023-10-03 13:07,Business,Pune,Visakhapatnam,3.3,Meal/Entertain
2023-08-26 21:46,2023-08-27 03:01,Business,Vasai,Agra,49.2,Meeting
2023-06-27 04:17,2023-06-27 06:36,Business,Mumbai,Jodhpur,23.7,Meeting
2023-11-11 00:15,2023-11-11 00:43,Business,Thane,Bhopal,10.2,Office Commute
2023-12-27 01:15,2023-12-27 01:45,Business,Bengaluru,Navi Mumbai,9.3,Errand/Supplies
2023-01-29 04:32,2023-01-29 05:54,Personal,Kolkata,Faridabad,11.5,Customer Visit
2023-12-11 10:15,2023-12-11 11:09,Business,Varanasi,Srinagar,9.0,Meeting
2023-02-01 17:37,2023-02-01 19:07,Business,Raipur,Meerut,5.1,Meeting
2023-06-26 20:42,2023-06-26 23:01,Business,Rajkot,Kochi,1.5,Meal/Entertain
2023-07-12 05:48,2023-07-12 09:55,Business,Hyderabad,Ranchi,2.9,Meeting
2023-03-15 14:58,2023-03-15 15:50,Business,Ghaziabad,Vijayawada,13.0,Customer Visit
2023-05-11 06:21,2023-05-11 07:01,Business,Kanpur,Mysore,6.3,Errand/Supplies
2023-04-08 01:17,2023-04-08 04:31,Business,Vijayawada,Jaipur,11.1,Office Commute
2023-10-28 23:42,2023-10-29 02:16,Business,Navi Mumbai,Allahabad,21.7,Client Pickup
2023-01-08 06:59,2023-01-08 09:26,Business,Lucknow,Dhanbad,26.7,Meeting
2023-05-05 22:38,2023-05-06 01:56,Personal,Bhopal,Surat,74.0,Site Inspection
2023-08-27 17:41,2023-08-27 19:08,Business,Ghaziabad,Mysore,4.8,Meal/Entertain
2023-02-20 23:30,2023-02-21 00:37,Personal,Guwahati,Jaipur,7.9,Airport Drop
2023-04-24 23:09,2023-04-24 23:30,Business,Jaipur,Hyderabad,8.8,Meal/Entertain
2023-03-20 06:21,2023-03-20 07:22,Business,Mysore,Nashik,6.7,Customer Visit
2023-12-17 10:16,2023-12-17 14:44,Business,Nagpur,Vasai,8.6,Errand/Supplies
2023-03-13 23:34,2023-03-14 02:02,Business,Kota,Chennai,27.4,Airport Drop
2023-02-08 21:03,2023-02-08 23:41,Business,Mumbai,Pune,76.2,Meal/Entertain
2023-03-19 00:13,2023-03-19 04:11,Business,Bhubaneswar,Vasai,1.8,Site Inspection
2023-11-12 15:42,2023-11-12 16:06,Business,Jaipur,Amritsar,10.3,Customer Visit
2023-09-29 23:17,2023-09-30 01:48,Business,Agra,Mumbai,1.0,Customer Visit
2023-04-02 03:58,2023-04-02 05:48,Business,Ahmedabad,Madurai,38.6,Meal/Entertain
2023-07-01 08:50,2023-07-01 09:26,Business,Chandigarh,Ghaziabad,8.3,Errand/Supplies
2023-12-23 07:19,2023-12-23 08:08,Business,Jaipur,Kalyan,4.3,Errand/Supplies
2023-07-14 12:35,2023-07-14 13:25,Business,Vijayawada,Pune,18.4,Errand/Supplies
2023-08-11 20:50,2023-08-11 23:50,Business,Patna,Agra,18.0,Site Inspection
2023-04-28 06:57,2023-04-28 12:34,Business,Vijayawada,Bengaluru,47.2,Office Commute
2023-05-24 17:36,2023-05-24 18:59,Business,Gwalior,Allahabad,39.0,Customer Visit
2023-03-15 22:52,2023-03-15 23:18,Business,Vijayawada,Hyderabad,3.7,Customer Visit
2023-07-19 21:57,2023-07-20 01:03,Business,Hubli,Chennai,8.8,Airport Drop
2023-12-19 23:05,2023-12-20 03:27,Business,Jodhpur,Thane,42.7,Meeting
2023-06-24 19:49,2023-06-24 23:32,Business,Amritsar,Bengaluru,12.7,Errand/Supplies
2023-08-19 15:14,2023-08-19 17:58,Business,Hyderabad,Ahmedabad,11.9,Temporary Site
2023-07-14 02:49,2023-07-14 04:10,Business,Jodhpur,Kochi,9.1,Delivery Task
2023-12-31 20:09,2023-12-31 21:36,Business,Solapur,Aurangabad,3.0,Meal/Entertain
2023-08-16 11:48,2023-08-16 12:42,Business,Jaipur,Bengaluru,14.2,Meeting
2023-10-12 16:26,2023-10-12 16:41,Business,Bhubaneswar,Bangalore,7.2,Meeting
2023-06-16 12:00,2023-06-16 14:03,Business,Bangalore,Jabalpur,9.3,Meal/Entertain
2023-05-05 18:33,2023-05-05 20:27,Business,Jodhpur,Thiruvananthapuram,13.6,Site Inspection
2023-09-10 04:04,2023-09-10 05:09,Business,Jodhpur,Chennai,5.1,Customer Visit
2023-07-04 08:15,2023-07-04 10:18,Business,Gwalior,Kanpur,11.9,Delivery Task
2023-07-22 10:53,2023-07-22 12:22,Business,Kota,Bengaluru,0.9,Errand/Supplies
2023-11-30 19:08,2023-11-30 20:55,Personal,Kolkata,Indore,12.5,Site Inspection
2023-07-23 10:18,2023-07-23 12:32,Personal,Navi Mumbai,Ranchi,5.3,Meal/Entertain
2023-07-06 03:59,2023-07-06 06:05,Business,Hyderabad,Jodhpur,12.0,Office Commute
2023-01-14 23:29,2023-01-15 00:48,Personal,Nashik,Mumbai,11.7,Customer Visit
2023-07-29 21:31,2023-07-29 22:44,Business,Vadodara,Howrah,17.5,Meal/Entertain
2023-07-13 02:28,2023-07-13 05:19,Business,Ghaziabad,Guwahati,11.0,Meal/Entertain
2023-12-21 13:34,2023-12-21 14:12,Business,Kalyan,Mumbai,13.9,Errand/Supplies
2023-02-13 03:49,2023-02-13 05:38,Business,Ranchi,Vadodara,9.9,Meal/Entertain
2023-11-27 21:41,2023-11-28 01:10,Business,Chennai,Pune,8.8,Office Commute
2023-05-13 07:32,2023-05-13 09:30,Business,Indore,Tiruchirappalli,0.9,Temporary Site
2023-10-29 22:32,2023-10-29 23:39,Business,Kolkata,Jaipur,11.8,Customer Visit
2023-02-13 03:53,2023-02-13 04:50,Business,Ahmedabad,Lucknow,6.7,Meeting
2023-09-05 11:30,2023-09-05 12:05,Business,Hubli,Indore,3.7,Meeting
2023-01-23 22:07,2023-01-23 22:22,Business,Srinagar,Ranchi,1.8,Delivery Task
2023-05-05 16:11,2023-05-05 17:38,Business,Pune,Bengaluru,3.1,Client Pickup
2023-07-27 20:11,2023-07-27 21:46,Business,Indore,Mysore,7.4,Office Commute
2023-04-12 14:37,2023-04-12 16:38,Business,Raipur,Kochi,11.3,Temporary Site
2023-12-27 02:36,2023-12-27 03:36,Business,Agra,Solapur,4.8,Errand/Supplies
2023-08-23 03:16,2023-08-23 06:06,Business,Visakhapatnam,Mumbai,5.4,Site Inspection
2023-06-28 11:54,2023-06-28 14:50,Personal,Navi Mumbai,Jodhpur,9.1,Delivery Task
2023-11-11 18:05,2023-11-11 19:09,Business,Coimbatore,Varanasi,12.2,Airport Drop
2023-12-22 04:32,2023-12-22 06:25,Personal,Bhopal,Ghaziabad,3.4,Meal/Entertain
2023-09-07 20:34,2023-09-07 21:58,Business,Navi Mumbai,Bhubaneswar,6.8,Airport Drop
2023-08-19 19:03,2023-08-19 19:12,Business,Chennai,Ludhiana,3.5,Client Pickup
2023-10-15 16:41,2023-10-15 20:22,Business,Ludhiana,Bhubaneswar,6.3,Client Pickup
2023-09-08 05:05,2023-09-08 05:45,Business,Rajkot,Ludhiana,12.7,Meeting
2023-04-26 17:18,2023-04-26 18:21,Business,Tiruchirappalli,Thane,1.3,Client Pickup
2023-09-19 03:36,2023-09-19 05:14,Business,Nagpur,Surat,32.4,Customer Visit
2023-01-22 23:28,2023-01-23 02:14,Business,Thiruvananthapuram,Mumbai,27.9,Site Inspection
2023-05-07 09:55,2023-05-07 11:24,Business,Kochi,Bengaluru,37.9,Client Pickup
2023-03-02 07:13,2023-03-02 10:50,Business,Guwahati,Jabalpur,18.1,Errand/Supplies
2023-04-16 06:51,2023-04-16 07:32,Business,Noida,Patna,9.5,Meal/Entertain
2023-12-27 09:18,2023-12-27 11:40,Business,Mumbai,Gwalior,3.2,Customer Visit
2023-02-18 04:48,2023-02-18 07:50,Business,Vijayawada,Madurai,83.9,Site Inspection
2023-03-09 07:09,2023-03-09 08:33,Business,Gwalior,Visakhapatnam,10.8,Customer Visit
2023-10-23 20:17,2023-10-23 22:08,Personal,Thane,Vasai,7.8,Office Commute
2023-02-17 12:32,2023-02-17 14:32,Business,Kolkata,Aurangabad,13.3,Delivery Task
2023-02-17 23:29,2023-02-17 23:50,Business,Kota,Ludhiana,0.8,Errand/Supplies
2023-04-19 15:17,2023-04-19 16:58,Business,Tiruchirappalli,Mumbai,14.5,Client Pickup
2023-09-06 10:57,2023-09-06 11:15,Business,Indore,Mysore,8.8,Customer Visit
2023-03-05 05:28,2023-03-05 06:30,Personal,Bengaluru,Patna,31.1,Client Pickup
2023-11-29 09:10,2023-11-29 12:43,Business,Kochi,Delhi,95.4,Meal/Entertain
2023-11-29 05:03,2023-11-29 07:55,Business,Pune,Jaipur,6.1,Airport Drop
2023-12-02 02:45,2023-12-02 02:53,Business,Hubli,Srinagar,4.1,Temporary Site
2023-09-23 21:28,2023-09-23 21:46,Business,Dhanbad,Lucknow,9.2,Site Inspection
2023-08-05 22:08,2023-08-06 00:05,Business,Ranchi,Indore,49.6,Client Pickup
2023-02-22 10:23,2023-02-22 11:22,Business,Faridabad,Jodhpur,12.2,Client Pickup
2023-11-25 21:09,2023-11-25 23:13,Business,Jodhpur,Thiruvananthapuram,45.6,Errand/Supplies
2023-06-29 23:13,2023-06-30 00:11,Business,Nagpur,Agra,3.1,Meeting
2023-02-21 04:48,2023-02-21 05:44,Business,Noida,Rajkot,3.9,Airport Drop
2023-05-22 20:05,2023-05-22 21:22,Business,Jabalpur,Kochi,2.8,Office Commute
2023-06-04 06:33,2023-06-04 08:34,Business,Thiruvananthapuram,Ranchi,12.8,Customer Visit
2023-05-03 15:24,2023-05-03 15:44,Business,Surat,Kalyan,1.6,Errand/Supplies
2023-01-07 11:59,2023-01-07 12:48,Business,Ludhiana,Patna,8.3,Site Inspection
2023-10-07 21:11,2023-10-08 02:14,Business,Jodhpur,Visakhapatnam,29.8,Errand/Supplies
2023-05-15 06:02,2023-05-15 06:32,Business,Thiruvananthapuram,Aurangabad,1.8,Delivery Task
2023-08-01 13:44,2023-08-01 14:20,Business,Madurai,Howrah,7.9,Temporary Site
2023-02-12 09:05,2023-02-12 10:55,Business,Patna,Mumbai,3.0,Office Commute
2023-11-21 20:43,2023-11-21 21:14,Business,Vadodara,Chandigarh,6.3,Site Inspection
2023-01-30 07:05,2023-01-30 09:03,Personal,Ranchi,Kochi,44.6,Temporary Site
2023-12-03 23:11,2023-12-03 23:22,Business,Kota,Noida,5.2,Site Inspection
2023-06-27 16:33,2023-06-27 17:56,Business,Solapur,Bhubaneswar,20.8,Meeting
2023-03-02 00:21,2023-03-02 03:01,Business,Jaipur,Bhubaneswar,45.6,Office Commute
2023-11-18 02:31,2023-11-18 05:10,Business,Meerut,Aurangabad,14.6,Airport Drop
2023-07-08 05:16,2023-07-08 06:30,Personal,Jaipur,Amritsar,8.8,Site Inspection
2023-09-18 00:02,2023-09-18 00:51,Business,Nagpur,Rajkot,23.1,Meeting
2023-04-02 01:35,2023-04-02 02:59,Personal,Allahabad,Lucknow,13.9,Client Pickup
2023-05-19 02:36,2023-05-19 03:28,Business,Hyderabad,Ghaziabad,11.0,Site Inspection
2023-09-22 01:25,2023-09-22 02:36,Personal,Madurai,Rajkot,21.4,Customer Visit
2023-02-14 17:29,2023-02-14 18:25,Business,Visakhapatnam,Howrah,25.9,Errand/Supplies
2023-11-15 07:29,2023-11-15 10:10,Business,Delhi,Howrah,5.1,Errand/Supplies
2023-10-07 07:09,2023-10-07 08:36,Personal,Ludhiana,Thiruvananthapuram,40.7,Meeting
2023-12-22 00:21,2023-12-22 00:45,Business,Ahmedabad,Faridabad,9.8,Errand/Supplies
2023-04-16 16:15,2023-04-16 19:11,Business,Jodhpur,Vijayawada,25.8,Site Inspection
2023-04-29 16:26,2023-04-29 18:59,Business,Amritsar,Chandigarh,18.3,Errand/Supplies
2023-11-23 12:04,2023-11-23 12:51,Business,Surat,Bangalore,8.0,Customer Visit
2023-05-14 10:59,2023-05-14 16:01,Business,Kochi,Raipur,61.9,Customer Visit
2023-04-30 02:12,2023-04-30 03:40,Business,Vasai,Surat,7.2,Meeting
2023-06-10 13:07,2023-06-10 16:24,Business,Bengaluru,Chandigarh,7.2,Errand/Supplies
2023-03-03 02:10,2023-03-03 04:58,Personal,Thiruvananthapuram,Dhanbad,7.4,Errand/Supplies
2023-02-16 22:15,2023-02-17 00:49,Business,Allahabad,Dhanbad,26.5,Office Commute
2023-03-31 00:25,2023-03-31 02:56,Business,Madurai,Amritsar,4.5,Office Commute
2023-03-13 03:00,2023-03-13 03:28,Business,Surat,Mysore,7.4,Delivery Task
2023-11-19 20:05,2023-11-19 21:20,Business,Bhubaneswar,Delhi,28.1,Errand/Supplies
2023-03-07 02:57,2023-03-07 03:48,Business,Ahmedabad,Aurangabad,10.0,Delivery Task
2023-08-10 23:25,2023-08-11 00:07,Business,Allahabad,Kota,13.9,Temporary Site
2023-04-06 08:17,2023-04-06 12:14,Business,Jodhpur,Rajkot,5.8,Airport Drop
2023-11-28 09:31,2023-11-28 12:10,Business,Chandigarh,Allahabad,9.6,Site Inspection
2023-08-03 06:41,2023-08-03 09:00,Business,Lucknow,Amritsar,6.2,Meal/Entertain
2023-07-15 22:22,2023-07-16 00:46,Business,Patna,Vadodara,1.1,Customer Visit
2023-06-14 12:17,2023-06-14 12:37,Business,Tiruchirappalli,Ludhiana,8.8,Meeting
2023-05-24 01:51,2023-05-24 04:33,Business,Hyderabad,Navi Mumbai,13.5,Customer Visit
2023-03-23 03:15,2023-03-23 04:31,Business,Jabalpur,Thiruvananthapuram,4.1,Customer Visit
2023-04-23 18:54,2023-04-23 21:45,Business,Mumbai,Varanasi,40.8,Customer Visit
2023-06-12 23:44,2023-06-13 02:23,Business,Vasai,Vijayawada,4.2,Meal/Entertain
2023-10-16 04:36,2023-10-16 07:15,Personal,Ahmedabad,Solapur,48.2,Delivery Task
2023-01-29 07:38,2023-01-29 07:45,Business,Mumbai,Hubli,1.3,Meal/Entertain
2023-04-14 04:21,2023-04-14 05:29,Business,Meerut,Lucknow,13.8,Errand/Supplies
2023-03-14 03:54,2023-03-14 07:21,Business,Amritsar,Ahmedabad,10.8,Meeting
2023-10-28 03:21,2023-10-28 05:59,Business,Aurangabad,Jaipur,38.2,Office Commute
2023-11-24 15:41,2023-11-24 17:25,Business,Bhubaneswar,Chennai,30.3,Meal/Entertain
2023-07-02 07:42,2023-07-02 08:58,Business,Solapur,Mysore,14.0,Office Commute
2023-01-01 22:36,2023-01-02 01:58,Business,Hubli,Srinagar,2.6,Meeting
2023-11-10 07:40,2023-11-10 08:43,Business,Nagpur,Allahabad,5.3,Meeting
2023-06-27 10:10,2023-06-27 11:00,Business,Ludhiana,Chandigarh,1.9,Meal/Entertain
2023-01-06 08:13,2023-01-06 09:23,Business,Raipur,Patna,26.8,Meal/Entertain
2023-01-25 12:28,2023-01-25 14:30,Business,Jabalpur,Guwahati,40.2,Client Pickup
2023-07-12 03:53,2023-07-12 08:08,Personal,Kanpur,Ludhiana,27.4,Errand/Supplies
2023-03-25 14:04,2023-03-25 14:34,Business,Visakhapatnam,Nagpur,10.6,Meal/Entertain
2023-06-25 05:56,2023-06-25 06:42,Business,Ahmedabad,Hyderabad,2.3,Site Inspection
2023-02-17 10:38,2023-02-17 14:05,Business,Srinagar,Aurangabad,13.6,Meeting
2023-08-11 05:03,2023-08-11 06:05,Business,Ahmedabad,Kochi,20.9,Meeting
2023-10-04 08:42,2023-10-04 10:15,Business,Dhanbad,Delhi,8.7,Temporary Site
2023-09-09 04:03,2023-09-09 04:20,Business,Ghaziabad,Bengaluru,8.9,Site Inspection
2023-11-04 15:12,2023-11-04 15:33,Personal,Kochi,Bangalore,10.2,Errand/Supplies
2023-08-31 03:19,2023-08-31 05:48,Business,Dhanbad,Chennai,14.7,Errand/Supplies
2023-07-18 05:23,2023-07-18 07:16,Business,Ludhiana,Raipur,9.9,Meal/Entertain
2023-05-15 07:53,2023-05-15 08:22,Business,Coimbatore,Kolkata,7.0,Errand/Supplies
2023-12-09 11:51,2023-12-09 15:27,Business,Chandigarh,Thane,2.2,Customer Visit
2023-07-18 16:26,2023-07-18 20:34,Business,Thane,Nashik,1.7,Delivery Task
2023-01-18 16:36,2023-01-18 17:56,Business,Nagpur,Ghaziabad,1.9,Meeting
2023-03-27 06:51,2023-03-27 07:35,Personal,Bhopal,Thane,14.3,Customer Visit
2023-04-14 20:09,2023-04-14 21:51,Personal,Allahabad,Kochi,10.5,Client Pickup
2023-07-23 17:20,2023-07-23 19:45,Business,Srinagar,Vadodara,6.3,Meeting
2023-10-28 16:50,2023-10-28 17:39,Business,Kota,Visakhapatnam,10.7,Customer Visit
2023-02-21 03:36,2023-02-21 04:44,Business,Kanpur,Chandigarh,9.1,Meal/Entertain
2023-07-30 08:24,2023-07-30 11:01,Business,Howrah,Visakhapatnam,5.7,Client Pickup
2023-03-15 19:38,2023-03-15 19:56,Personal,Navi Mumbai,Lucknow,4.7,Customer Visit
2023-09-01 08:57,2023-09-01 09:07,Business,Kalyan,Indore,1.5,Meal/Entertain
2023-09-09 22:43,2023-09-10 00:30,Business,Indore,Varanasi,26.0,Site Inspection
2023-06-14 08:46,2023-06-14 11:42,Business,Faridabad,Bhubaneswar,11.4,Temporary Site
2023-07-28 23:31,2023-07-29 02:49,Business,Pune,Bangalore,3.8,Customer Visit
2023-06-09 22:32,2023-06-09 23:12,Business,Varanasi,Amritsar,3.1,Client Pickup
2023-03-30 06:56,2023-03-30 09:00,Business,Thiruvananthapuram,Vijayawada,8.9,Meeting
2023-07-04 22:12,2023-07-04 23:51,Business,Amritsar,Ghaziabad,1.5,Site Inspection
2023-03-05 21:01,2023-03-05 22:55,Personal,Varanasi,Kota,9.8,Temporary Site
2023-08-31 18:35,2023-08-31 20:31,Business,Ludhiana,Navi Mumbai,14.4,Office Commute
2023-12-19 02:18,2023-12-19 03:52,Business,Chennai,Vasai,41.2,Site Inspection
2023-04-20 07:41,2023-04-20 10:31,Business,Amritsar,Chennai,42.3,Errand/Supplies
2023-12-16 00:30,2023-12-16 01:08,Business,Dhanbad,Gwalior,8.1,Meeting
2023-06-06 22:45,2023-06-07 00:41,Business,Navi Mumbai,Vadodara,4.4,Airport Drop
2023-08-27 09:43,2023-08-27 13:14,Business,Jodhpur,Vijayawada,4.4,Office Commute
2023-07-11 17:41,2023-07-11 19:27,Business,Nashik,Bengaluru,15.0,Errand/Supplies
2023-05-22 20:20,2023-05-22 21:37,Business,Rajkot,Bengaluru,5.6,Errand/Supplies
2023-04-07 04:33,2023-04-07 07:32,Business,Pune,Solapur,82.5,Meal/Entertain
2023-12-05 10:43,2023-12-05 11:58,Business,Vadodara,Vijayawada,36.0,Customer Visit
2023-08-03 12:24,2023-08-03 14:48,Business,Pune,Ludhiana,63.0,Delivery Task
2023-04-24 21:34,2023-04-25 02:20,Business,Solapur,Nagpur,27.1,Meal/Entertain
2023-12-03 17:11,2023-12-03 18:00,Business,Raipur,Jabalpur,12.8,Meal/Entertain
2023-10-14 05:43,2023-10-14 09:50,Business,Lucknow,Bhubaneswar,40.4,Meeting
2023-06-07 13:50,2023-06-07 15:47,Business,Bangalore,Faridabad,11.4,Temporary Site
2023-08-29 01:55,2023-08-29 02:50,Business,Guwahati,Nashik,12.9,Airport Drop
2023-09-29 09:26,2023-09-29 09:56,Business,Delhi,Madurai,10.5,Meeting
2023-08-23 04:20,2023-08-23 04:59,Business,Bhubaneswar,Delhi,14.8,Customer Visit
2023-11-21 01:00,2023-11-21 02:16,Business,Ludhiana,Indore,3.3,Customer Visit
2023-03-23 15:50,2023-03-23 17:08,Business,Dhanbad,Thane,35.2,Client Pickup
2023-09-02 12:00,2023-09-02 12:30,Business,Noida,Kochi,6.5,Office Commute
2023-06-14 16:12,2023-06-14 16:27,Business,Delhi,Srinagar,1.0,Temporary Site
2023-06-26 09:08,2023-06-26 10:18,Business,Agra,Patna,23.0,Meeting
2023-01-24 09:18,2023-01-24 12:29,Personal,Madurai,Nashik,1.7,Meeting
2023-12-18 04:21,2023-12-18 07:38,Personal,Meerut,Navi Mumbai,7.0,Customer Visit
2023-07-26 00:14,2023-07-26 02:14,Business,Thane,Delhi,13.7,Customer Visit
2023-03-28 03:23,2023-03-28 04:46,Personal,Bhubaneswar,Dhanbad,35.7,Airport Drop
2023-11-01 01:42,2023-11-01 03:36,Personal,Patna,Guwahati,36.8,Office Commute
2023-08-16 12:07,2023-08-16 14:21,Business,Vasai,Ahmedabad,2.4,Client Pickup
2023-11-19 00:19,2023-11-19 03:29,Business,Lucknow,Ranchi,10.7,Customer Visit
2023-12-25 04:26,2023-12-25 05:17,Business,Bengaluru,Raipur,9.6,Delivery Task
2023-02-24 15:12,2023-02-24 16:56,Personal,Srinagar,Noida,2.4,Meeting
2023-12-27 13:18,2023-12-27 13:30,Business,Guwahati,Vasai,3.7,Site Inspection
2023-09-04 10:15,2023-09-04 11:33,Business,Mysore,Ludhiana,39.1,Temporary Site
2023-12-09 15:09,2023-12-09 17:26,Personal,Raipur,Bangalore,44.2,Meeting
2023-05-12 20:14,2023-05-12 22:06,Business,Madurai,Aurangabad,18.6,Meal/Entertain
2023-01-21 09:23,2023-01-21 11:36,Personal,Guwahati,Kota,12.3,Delivery Task
2023-01-24 00:54,2023-01-24 01:38,Personal,Surat,Bhopal,11.6,Customer Visit
2023-05-18 23:05,2023-05-19 02:08,Personal,Indore,Jabalpur,48.4,Client Pickup
2023-05-20 12:44,2023-05-20 16:37,Business,Coimbatore,Bhopal,14.5,Client Pickup
2023-03-09 22:46,2023-03-09 23:37,Business,Kanpur,Pune,20.9,Temporary Site
2023-10-19 21:28,2023-10-19 23:49,Business,Bengaluru,Kanpur,31.9,Meeting
2023-12-17 23:57,2023-12-18 01:03,Business,Jodhpur,Thiruvananthapuram,1.2,Office Commute
2023-02-02 08:41,2023-02-02 09:45,Business,Ludhiana,Bhopal,30.5,Airport Drop
2023-10-23 23:36,2023-10-24 01:24,Business,Solapur,Visakhapatnam,11.7,Meal/Entertain
2023-11-13 03:27,2023-11-13 05:51,Business,Visakhapatnam,Indore,10.6,Client Pickup
2023-10-13 19:03,2023-10-13 19:25,Business,Jabalpur,Raipur,6.3,Office Commute
2023-03-26 02:48,2023-03-26 07:01,Personal,Chennai,Madurai,44.8,Office Commute
2023-04-25 17:41,2023-04-25 21:09,Business,Ghaziabad,Indore,52.6,Meeting
2023-10-21 14:05,2023-10-21 18:07,Personal,Varanasi,Ghaziabad,7.1,Meeting
2023-01-10 03:25,2023-01-10 06:28,Personal,Hyderabad,Bhopal,87.2,Customer Visit
2023-11-13 20:19,2023-11-13 23:29,Personal,Mysore,Agra,42.7,Client Pickup
2023-01-28 07:54,2023-01-28 09:29,Personal,Pune,Raipur,5.6,Errand/Supplies
2023-12-03 11:45,2023-12-03 12:29,Business,Mysore,Thiruvananthapuram,7.5,Errand/Supplies
2023-07-01 20:51,2023-07-01 23:16,Business,Bengaluru,Thane,0.8,Office Commute
2023-03-26 15:08,2023-03-26 16:08,Personal,Meerut,Jaipur,16.7,Delivery Task
2023-07-21 06:29,2023-07-21 08:05,Business,Guwahati,Noida,2.5,Errand/Supplies
2023-11-21 21:37,2023-11-21 23:07,Business,Indore,Bengaluru,16.7,Airport Drop
2023-09-13 00:33,2023-09-13 01:06,Business,Kota,Raipur,8.0,Meeting
2023-04-01 22:37,2023-04-02 00:37,Business,Kochi,Vasai,13.9,Meal/Entertain
2023-11-07 10:32,2023-11-07 12:39,Business,Varanasi,Bhubaneswar,10.1,Meal/Entertain
2023-06-25 09:28,2023-06-25 10:34,Business,Navi Mumbai,Ranchi,24.6,Meeting
2023-06-03 22:35,2023-06-04 02:18,Personal,Kanpur,Navi Mumbai,41.2,Errand/Supplies
2023-05-29 21:22,2023-05-29 22:03,Business,Patna,Dhanbad,9.7,Office Commute
2023-03-01 11:35,2023-03-01 14:14,Business,Madurai,Mumbai,5.4,Delivery Task
2023-10-01 09:56,2023-10-01 14:39,Business,Nagpur,Raipur,38.6,Meeting
2023-01-28 21:03,2023-01-28 21:49,Business,Agra,Meerut,6.2,Site Inspection
2023-05-09 04:53,2023-05-09 05:20,Personal,Thane,Tiruchirappalli,4.9,Customer Visit
2023-08-20 03:39,2023-08-20 05:44,Business,Dhanbad,Thane,5.9,Meeting
2023-12-23 09:44,2023-12-23 10:21,Personal,Surat,Pune,4.2,Meal/Entertain
2023-06-10 17:03,2023-06-10 20:31,Personal,Jodhpur,Kanpur,98.7,Office Commute
2023-08-15 07:58,2023-08-15 11:34,Business,Guwahati,Delhi,11.9,Customer Visit
2023-04-10 09:28,2023-04-10 11:39,Business,Nashik,Mumbai,22.0,Meeting
2023-03-03 12:02,2023-03-03 16:06,Business,Aurangabad,Coimbatore,86.7,Meal/Entertain
2023-05-11 00:21,2023-05-11 03:40,Business,Mysore,Guwahati,9.1,Errand/Supplies
2023-01-27 20:39,2023-01-27 22:54,Business,Chandigarh,Allahabad,5.4,Delivery Task
2023-12-29 10:33,2023-12-29 11:01,Personal,Tiruchirappalli,Nagpur,1.8,Site Inspection
2023-10-06 17:25,2023-10-06 18:28,Personal,Meerut,Aurangabad,20.7,Meeting
2023-05-31 06:48,2023-05-31 11:02,Business,Faridabad,Dhanbad,5.5,Airport Drop
2023-02-28 21:22,2023-02-28 23:38,Business,Mysore,Varanasi,37.8,Meeting
2023-01-21 21:56,2023-01-22 00:20,Personal,Pune,Noida,23.6,Meal/Entertain
2023-05-25 00:58,2023-05-25 04:26,Business,Tiruchirappalli,Bhopal,8.5,Customer Visit
2023-06-01 20:12,2023-06-01 22:38,Business,Madurai,Vadodara,7.7,Temporary Site
2023-10-03 17:00,2023-10-03 17:41,Business,Bangalore,Bengaluru,14.4,Site Inspection
2023-08-06 03:13,2023-08-06 08:25,Business,Raipur,Patna,45.3,Meeting
2023-03-20 00:29,2023-03-20 02:00,Personal,Pune,Varanasi,41.2,Delivery Task
2023-10-13 02:36,2023-10-13 04:56,Personal,Bangalore,Aurangabad,12.1,Client Pickup
2023-08-10 10:01,2023-08-10 13:12,Business,Guwahati,Kanpur,9.7,Customer Visit
2023-02-02 23:37,2023-02-03 00:21,Business,Bhopal,Mumbai,11.0,Errand/Supplies
2023-05-29 21:19,2023-05-29 21:52,Business,Vijayawada,Aurangabad,7.9,Meal/Entertain
2023-01-16 15:10,2023-01-16 17:27,Business,Thane,Kolkata,12.5,Customer Visit
2023-10-07 09:40,2023-10-07 10:42,Business,Bhubaneswar,Surat,12.1,Meal/Entertain
2023-01-06 17:55,2023-01-06 20:22,Business,Rajkot,Tiruchirappalli,37.7,Meeting
2023-10-03 17:05,2023-10-03 18:16,Personal,Bhopal,Allahabad,9.3,Customer Visit
2023-11-27 16:09,2023-11-27 16:45,Business,Surat,Srinagar,6.7,Temporary Site
2023-04-03 21:51,2023-04-03 23:01,Personal,Faridabad,Noida,21.9,Errand/Supplies
2023-08-25 20:35,2023-08-25 22:32,Business,Vijayawada,Thane,49.8,Temporary Site
2023-10-25 15:21,2023-10-25 16:00,Business,Raipur,Aurangabad,3.6,Site Inspection
2023-02-05 06:20,2023-02-05 08:24,Business,Raipur,Pune,4.8,Office Commute
2023-03-20 18:36,2023-03-20 20:17,Personal,Indore,Noida,10.6,Site Inspection
2023-04-24 22:47,2023-04-25 00:05,Business,Kochi,Chennai,4.3,Client Pickup
2023-09-03 14:28,2023-09-03 16:08,Business,Vasai,Jaipur,11.2,Office Commute
2023-02-11 08:54,2023-02-11 10:22,Business,Ludhiana,Mysore,10.0,Airport Drop
2023-02-08 00:54,2023-02-08 02:23,Business,Delhi,Guwahati,37.0,Site Inspection
2023-04-19 01:35,2023-04-19 04:16,Personal,Varanasi,Nashik,11.7,Meeting
2023-04-25 18:46,2023-04-25 20:15,Personal,Lucknow,Pune,27.9,Meeting
2023-09-15 00:42,2023-09-15 01:36,Business,Kota,Madurai,6.4,Airport Drop
2023-10-17 18:42,2023-10-17 19:49,Business,Thane,Madurai,3.1,Client Pickup
2023-02-02 08:23,2023-02-02 08:43,Personal,Jabalpur,Allahabad,7.7,Customer Visit
2023-07-18 15:58,2023-07-18 20:07,Business,Raipur,Dhanbad,12.0,Meal/Entertain
2023-09-24 20:53,2023-09-24 22:21,Business,Allahabad,Pune,10.8,Delivery Task
2023-07-13 11:37,2023-07-13 12:22,Business,Nashik,Mumbai,6.1,Meal/Entertain
2023-07-27 11:52,2023-07-27 15:58,Business,Guwahati,Jodhpur,61.2,Customer Visit
2023-03-13 14:10,2023-03-13 14:49,Business,Tiruchirappalli,Lucknow,15.3,Meeting
2023-03-22 11:38,2023-03-22 12:12,Business,Madurai,Pune,2.9,Customer Visit
2023-12-12 15:30,2023-12-12 16:50,Personal,Kanpur,Vadodara,2.4,Errand/Supplies
2023-01-23 04:36,2023-01-23 05:24,Business,Chennai,Pune,15.9,Delivery Task
2023-01-29 05:16,2023-01-29 06:39,Business,Patna,Madurai,8.9,Delivery Task
2023-12-05 09:05,2023-12-05 12:45,Business,Kalyan,Navi Mumbai,81.9,Meeting
2023-07-30 19:09,2023-07-30 21:10,Business,Navi Mumbai,Lucknow,21.1,Office Commute
2023-06-25 14:38,2023-06-25 15:14,Business,Raipur,Madurai,11.1,Temporary Site
2023-09-16 21:26,2023-09-16 22:50,Business,Jodhpur,Bhubaneswar,3.7,Office Commute
2023-01-20 17:32,2023-01-20 18:02,Business,Bengaluru,Coimbatore,9.5,Site Inspection
2023-01-01 21:41,2023-01-02 00:12,Personal,Lucknow,Raipur,9.4,Delivery Task
2023-08-08 07:51,2023-08-08 12:31,Business,Kanpur,Jaipur,39.4,Meeting
2023-12-23 18:06,2023-12-23 19:04,Business,Thiruvananthapuram,Jodhpur,12.2,Meeting
2023-02-12 09:38,2023-02-12 14:40,Business,Guwahati,Lucknow,46.9,Errand/Supplies
2023-01-04 18:33,2023-01-04 18:55,Business,Guwahati,Delhi,11.4,Airport Drop
2023-07-29 11:06,2023-07-29 12:24,Business,Jodhpur,Pune,12.2,Customer Visit
2023-08-05 18:23,2023-08-05 20:29,Business,Pune,Nashik,12.9,Delivery Task
2023-09-05 05:23,2023-09-05 10:30,Business,Thane,Dhanbad,11.9,Customer Visit
2023-12-28 12:47,2023-12-28 15:39,Business,Lucknow,Guwahati,78.9,Client Pickup
2023-03-24 03:13,2023-03-24 06:59,Business,Surat,Faridabad,10.7,Meal/Entertain
2023-12-17 22:03,2023-12-18 00:05,Business,Tiruchirappalli,Indore,36.5,Office Commute
2023-08-30 19:27,2023-08-30 20:58,Business,Patna,Agra,43.8,Meal/Entertain
2023-07-16 12:39,2023-07-16 15:23,Personal,Guwahati,Faridabad,9.4,Meeting
2023-03-31 20:31,2023-03-31 20:56,Business,Solapur,Navi Mumbai,11.8,Delivery Task
2023-05-27 06:02,2023-05-27 10:50,Business,Delhi,Vijayawada,12.2,Office Commute
2023-07-04 07:41,2023-07-04 08:02,Business,Ranchi,Faridabad,10.4,Meal/Entertain
2023-07-22 12:37,2023-07-22 14:37,Personal,Bangalore,Gwalior,27.4,Errand/Supplies
2023-10-09 09:46,2023-10-09 14:18,Personal,Agra,Surat,47.2,Meal/Entertain
2023-04-10 14:59,2023-04-10 17:44,Business,Jabalpur,Varanasi,9.4,Meeting
2023-10-14 02:32,2023-10-14 04:15,Business,Agra,Guwahati,8.0,Errand/Supplies
2023-10-03 18:16,2023-10-03 20:01,Personal,Bhopal,Vadodara,4.5,Customer Visit
2023-08-23 21:29,2023-08-23 23:07,Personal,Nagpur,Lucknow,41.5,Meal/Entertain
2023-04-23 21:44,2023-04-23 23:45,Personal,Bhopal,Guwahati,9.8,Airport Drop
2023-01-05 22:53,2023-01-06 02:27,Business,Hyderabad,Kanpur,75.8,Client Pickup
2023-06-25 02:35,2023-06-25 03:57,Business,Howrah,Bangalore,11.4,Office Commute
2023-04-04 23:43,2023-04-05 01:03,Business,Hyderabad,Jabalpur,8.9,Meeting
2023-05-16 06:14,2023-05-16 08:08,Personal,Surat,Delhi,4.2,Office Commute
2023-02-24 03:58,2023-02-24 04:47,Business,Ghaziabad,Vasai,3.0,Customer Visit
2023-10-05 01:54,2023-10-05 03:52,Business,Raipur,Ludhiana,11.7,Meeting
2023-10-22 08:31,2023-10-22 10:37,Business,Noida,Hyderabad,14.8,Customer Visit
2023-03-07 01:33,2023-03-07 03:58,Business,Madurai,Gwalior,11.5,Customer Visit
2023-12-18 05:29,2023-12-18 06:47,Business,Mumbai,Allahabad,6.4,Temporary Site
2023-04-18 12:37,2023-04-18 13:02,Business,Kota,Hyderabad,1.0,Client Pickup
2023-05-15 07:17,2023-05-15 12:05,Business,Jaipur,Noida,21.6,Customer Visit
2023-04-18 13:44,2023-04-18 15:32,Business,Noida,Indore,7.9,Meeting
2023-03-09 18:43,2023-03-09 20:33,Business,Vijayawada,Kalyan,3.4,Customer Visit
2023-08-10 12:12,2023-08-10 12:39,Business,Bengaluru,Srinagar,4.1,Meal/Entertain
2023-03-10 20:33,2023-03-10 23:27,Business,Lucknow,Vadodara,6.8,Site Inspection
2023-10-18 01:25,2023-10-18 02:26,Business,Tiruchirappalli,Ludhiana,8.8,Meeting
2023-11-19 03:28,2023-11-19 04:42,Business,Chennai,Amritsar,4.4,Meeting
2023-06-26 00:26,2023-06-26 01:34,Business,Jaipur,Mysore,12.3,Delivery Task
2023-10-22 20:41,2023-10-23 00:10,Business,Visakhapatnam,Rajkot,60.0,Customer Visit
2023-09-07 23:28,2023-09-08 00:12,Business,Thiruvananthapuram,Howrah,10.4,Office Commute
2023-03-27 20:51,2023-03-27 23:06,Business,Noida,Howrah,14.4,Meeting
2023-02-06 02:10,2023-02-06 03:33,Business,Patna,Noida,12.9,Customer Visit
2023-11-27 12:17,2023-11-27 15:45,Business,Hyderabad,Pune,4.6,Errand/Supplies
2023-08-19 13:10,2023-08-19 14:18,Business,Visakhapatnam,Jaipur,33.3,Meeting
2023-12-25 23:05,2023-12-25 23:34,Business,Bhubaneswar,Srinagar,4.4,Meeting
2023-08-31 17:03,2023-08-31 17:43,Business,Kalyan,Bengaluru,14.1,Office Commute
2023-11-13 04:05,2023-11-13 07:14,Personal,Meerut,Thane,55.3,Meal/Entertain
2023-03-06 04:33,2023-03-06 05:37,Business,Faridabad,Ghaziabad,30.6,Meeting
2023-09-01 14:55,2023-09-01 17:41,Business,Allahabad,Raipur,13.8,Office Commute
2023-10-04 05:37,2023-10-04 08:46,Business,Mysore,Kolkata,14.3,Delivery Task
2023-11-24 20:34,2023-11-24 23:02,Business,Surat,Patna,30.3,Customer Visit
2023-06-07 11:26,2023-06-07 12:10,Business,Lucknow,Mumbai,2.1,Site Inspection
2023-03-11 11:18,2023-03-11 13:58,Business,Hubli,Agra,12.4,Client Pickup
2023-09-02 09:00,2023-09-02 14:00,Business,Agra,Ranchi,48.1,Client Pickup
2023-07-11 06:26,2023-07-11 10:14,Business,Howrah,Navi Mumbai,0.9,Site Inspection
2023-07-19 12:14,2023-07-19 12:56,Business,Kalyan,Ghaziabad,11.3,Client Pickup
2023-11-10 22:43,2023-11-11 00:18,Business,Kochi,Patna,11.7,Office Commute
2023-04-07 02:11,2023-04-07 02:57,Business,Pune,Surat,4.6,Airport Drop
2023-12-25 19:31,2023-12-25 20:26,Business,Bhopal,Patna,7.2,Meeting
2023-04-06 03:18,2023-04-06 04:06,Business,Ahmedabad,Chandigarh,8.4,Meeting
2023-03-19 00:31,2023-03-19 02:00,Personal,Solapur,Kolkata,23.2,Meal/Entertain
2023-07-10 14:44,2023-07-10 15:59,Personal,Kanpur,Hubli,32.5,Errand/Supplies
2023-05-17 12:04,2023-05-17 16:44,Business,Bangalore,Vasai,20.2,Client Pickup
2023-07-15 00:07,2023-07-15 02:32,Business,Coimbatore,Delhi,23.8,Customer Visit
2023-04-12 14:47,2023-04-12 15:49,Business,Thiruvananthapuram,Kolkata,14.9,Office Commute
2023-06-09 10:10,2023-06-09 10:54,Business,Raipur,Dhanbad,10.5,Delivery Task
2023-06-02 06:23,2023-06-02 06:51,Personal,Mysore,Meerut,7.6,Office Commute
2023-03-27 08:37,2023-03-27 09:37,Business,Bhopal,Ghaziabad,5.4,Office Commute
2023-12-20 15:44,2023-12-20 16:36,Business,Tiruchirappalli,Ghaziabad,1.4,Meeting
2023-12-18 19:21,2023-12-18 19:39,Business,Thiruvananthapuram,Bangalore,7.9,Customer Visit
2023-02-24 04:31,2023-02-24 05:27,Personal,Jabalpur,Pune,8.4,Airport Drop
2023-08-13 23:12,2023-08-13 23:35,Business,Mysore,Tiruchirappalli,5.7,Errand/Supplies
2023-09-06 22:28,2023-09-07 01:25,Business,Jabalpur,Srinagar,13.6,Errand/Supplies
2023-10-06 11:20,2023-10-06 12:47,Personal,Mumbai,Ranchi,8.8,Meeting
2023-03-24 02:33,2023-03-24 03:56,Personal,Visakhapatnam,Vasai,13.0,Temporary Site
2023-01-01 20:32,2023-01-01 23:51,Business,Howrah,Varanasi,6.0,Airport Drop
2023-11-14 07:20,2023-11-14 08:06,Business,Coimbatore,Ahmedabad,6.0,Site Inspection
2023-10-10 04:39,2023-10-10 06:22,Personal,Varanasi,Jodhpur,10.5,Errand/Supplies
2023-12-04 02:02,2023-12-04 02:29,Business,Kanpur,Pune,2.2,Temporary Site
2023-02-20 01:36,2023-02-20 04:39,Personal,Visakhapatnam,Allahabad,7.7,Meal/Entertain
2023-01-26 11:14,2023-01-26 11:32,Business,Ludhiana,Meerut,9.2,Office Commute
2023-02-10 14:51,2023-02-10 15:40,Business,Dhanbad,Pune,13.4,Meeting
2023-07-08 22:03,2023-07-09 01:17,Business,Mysore,Surat,29.6,Site Inspection
2023-04-21 16:06,2023-04-21 17:02,Business,Allahabad,Srinagar,5.1,Meal/Entertain
2023-12-03 07:36,2023-12-03 08:54,Personal,Faridabad,Mumbai,3.5,Meal/Entertain
2023-11-23 18:22,2023-11-23 21:26,Personal,Surat,Mysore,2.3,Customer Visit
2023-04-03 17:25,2023-04-03 20:58,Business,Raipur,Kochi,20.9,Site Inspection
2023-06-30 10:35,2023-06-30 12:28,Business,Raipur,Chennai,9.3,Customer Visit
2023-06-15 19:15,2023-06-16 00:19,Business,Kanpur,Thane,12.5,Temporary Site
2023-05-11 11:28,2023-05-11 14:43,Business,Dhanbad,Jodhpur,47.4,Errand/Supplies
2023-01-09 16:08,2023-01-09 16:18,Personal,Agra,Srinagar,4.8,Meal/Entertain
2023-12-20 08:58,2023-12-20 13:29,Business,Hubli,Faridabad,5.3,Errand/Supplies
2023-01-20 14:22,2023-01-20 15:20,Business,Mysore,Nagpur,20.5,Meeting
2023-05-12 09:05,2023-05-12 13:16,Personal,Guwahati,Jaipur,23.8,Customer Visit
2023-09-05 05:31,2023-09-05 07:39,Business,Nagpur,Dhanbad,40.4,Meeting
2023-10-23 12:05,2023-10-23 12:48,Business,Navi Mumbai,Pune,11.2,Customer Visit
2023-03-03 07:47,2023-03-03 08:25,Business,Jabalpur,Varanasi,14.0,Client Pickup
2023-01-22 10:34,2023-01-22 12:00,Business,Thiruvananthapuram,Patna,5.1,Meal/Entertain
2023-12-11 23:25,2023-12-12 02:43,Business,Hyderabad,Madurai,3.0,Office Commute
2023-05-29 12:09,2023-05-29 13:00,Business,Navi Mumbai,Nagpur,4.0,Meeting
2023-07-24 08:05,2023-07-24 10:18,Business,Bangalore,Lucknow,1.5,Airport Drop
2023-09-04 17:12,2023-09-04 19:16,Business,Kochi,Thiruvananthapuram,11.6,Customer Visit
2023-09-26 07:15,2023-09-26 07:51,Personal,Pune,Nagpur,9.5,Client Pickup
2023-02-15 03:42,2023-02-15 05:57,Business,Thiruvananthapuram,Kochi,13.9,Site Inspection
2023-12-02 00:49,2023-12-02 01:43,Business,Jaipur,Jabalpur,5.7,Meeting
2023-11-16 04:28,2023-11-16 06:20,Business,Jabalpur,Noida,43.1,Meeting
2023-02-13 03:47,2023-02-13 04:08,Business,Faridabad,Delhi,3.0,Delivery Task
2023-01-08 10:44,2023-01-08 12:30,Business,Noida,Chandigarh,43.7,Meeting
2023-10-03 06:13,2023-10-03 10:47,Business,Kolkata,Lucknow,3.8,Delivery Task
2023-03-14 22:44,2023-03-14 23:09,Business,Thane,Guwahati,9.6,Customer Visit
2023-01-31 09:12,2023-01-31 09:33,Business,Nashik,Raipur,4.4,Meeting
2023-12-05 08:42,2023-12-05 09:43,Personal,Kota,Pune,17.4,Delivery Task
2023-04-29 12:32,2023-04-29 14:07,Business,Ahmedabad,Howrah,37.8,Delivery Task
2023-04-12 16:29,2023-04-12 16:45,Business,Ludhiana,Visakhapatnam,2.0,Site Inspection
2023-09-08 12:47,2023-09-08 13:40,Business,Allahabad,Ghaziabad,25.7,Customer Visit
2023-05-01 16:17,2023-05-01 16:52,Business,Jabalpur,Rajkot,9.7,Office Commute
2023-05-24 07:09,2023-05-24 12:03,Business,Jodhpur,Varanasi,97.1,Meeting
2023-12-14 19:55,2023-12-14 21:00,Business,Raipur,Bhubaneswar,6.2,Office Commute
2023-11-06 10:28,2023-11-06 12:04,Business,Ghaziabad,Nagpur,14.6,Office Commute
2023-04-14 04:19,2023-04-14 05:45,Personal,Dhanbad,Pune,8.5,Meeting
2023-03-22 10:04,2023-03-22 15:04,Business,Kochi,Thiruvananthapuram,14.0,Customer Visit
2023-03-16 23:01,2023-03-17 01:11,Personal,Srinagar,Bhopal,12.7,Meeting
2023-11-23 23:17,2023-11-24 00:09,Business,Kanpur,Hubli,14.1,Client Pickup
2023-11-10 19:17,2023-11-10 21:38,Personal,Bengaluru,Bhubaneswar,11.6,Office Commute
2023-02-10 22:49,2023-02-10 23:28,Business,Navi Mumbai,Faridabad,1.2,Office Commute
2023-07-11 05:54,2023-07-11 08:20,Personal,Madurai,Vijayawada,10.9,Temporary Site
2023-07-29 00:59,2023-07-29 02:52,Business,Lucknow,Bhubaneswar,4.0,Delivery Task
2023-04-15 02:11,2023-04-15 05:59,Business,Faridabad,Surat,3.7,Office Commute
2023-05-07 13:25,2023-05-07 14:10,Business,Noida,Ludhiana,13.1,Office Commute
2023-11-10 23:36,2023-11-11 04:14,Business,Surat,Varanasi,5.2,Office Commute
2023-08-20 14:52,2023-08-20 16:05,Business,Pune,Solapur,33.3,Office Commute
2023-10-13 12:33,2023-10-13 13:01,Personal,Meerut,Mumbai,11.2,Meeting
2023-05-27 14:10,2023-05-27 15:35,Personal,Howrah,Kolkata,5.1,Errand/Supplies
2023-08-26 20:28,2023-08-26 21:41,Personal,Noida,Amritsar,13.6,Client Pickup
2023-12-23 17:08,2023-12-23 19:11,Business,Madurai,Bhopal,9.1,Airport Drop
2023-12-31 06:56,2023-12-31 07:33,Personal,Hyderabad,Kolkata,7.2,Errand/Supplies
2023-03-25 22:46,2023-03-25 23:24,Business,Guwahati,Hyderabad,13.7,Office Commute
2023-09-26 22:24,2023-09-26 23:57,Personal,Bhopal,Solapur,6.0,Airport Drop
2023-06-21 18:55,2023-06-21 19:38,Business,Jodhpur,Mysore,11.7,Customer Visit
2023-08-03 09:19,2023-08-03 10:53,Personal,Visakhapatnam,Chandigarh,10.9,Meeting
2023-04-14 00:39,2023-04-14 00:47,Business,Patna,Coimbatore,2.7,Meeting
2023-01-03 19:56,2023-01-03 23:05,Business,Kota,Ludhiana,34.1,Errand/Supplies
2023-08-15 02:38,2023-08-15 02:55,Business,Dhanbad,Nashik,7.2,Office Commute
2023-04-17 01:11,2023-04-17 01:35,Business,Mysore,Gwalior,8.7,Customer Visit
2023-12-08 18:53,2023-12-08 20:42,Business,Pune,Jabalpur,12.9,Errand/Supplies
2023-03-24 21:18,2023-03-25 02:34,Business,Bangalore,Amritsar,14.9,Meeting
2023-01-19 02:49,2023-01-19 05:06,Business,Coimbatore,Kota,27.7,Office Commute
2023-10-09 02:18,2023-10-09 04:15,Business,Jaipur,Jodhpur,41.6,Customer Visit
2023-07-31 16:13,2023-07-31 18:24,Business,Bhopal,Ranchi,26.6,Site Inspection
2023-09-28 02:30,2023-09-28 04:48,Business,Amritsar,Bengaluru,14.7,Customer Visit
2023-11-16 11:59,2023-11-16 13:18,Business,Navi Mumbai,Vijayawada,8.3,Errand/Supplies
2023-04-03 19:14,2023-04-03 20:18,Business,Meerut,Srinagar,7.8,Errand/Supplies
2023-03-02 23:54,2023-03-03 01:55,Business,Agra,Bhopal,9.7,Customer Visit
2023-10-14 20:13,2023-10-14 20:34,Business,Noida,Kanpur,5.5,Airport Drop
2023-06-07 09:32,2023-06-07 12:41,Personal,Delhi,Ranchi,12.0,Office Commute
2023-07-22 23:36,2023-07-22 23:52,Personal,Thiruvananthapuram,Agra,5.5,Meeting
2023-09-03 15:51,2023-09-03 17:45,Business,Delhi,Indore,47.3,Meeting
2023-10-02 10:29,2023-10-02 13:53,Business,Bhubaneswar,Lucknow,7.3,Site Inspection
2023-12-14 10:35,2023-12-14 11:01,Business,Amritsar,Vasai,8.8,Site Inspection
2023-07-01 02:09,2023-07-01 02:40,Business,Dhanbad,Nagpur,12.2,Delivery Task
2023-10-20 19:24,2023-10-20 21:05,Business,Indore,Jodhpur,12.8,Meeting
2023-06-11 22:02,2023-06-12 00:38,Business,Bhopal,Visakhapatnam,25.9,Meal/Entertain
2023-06-04 06:33,2023-06-04 08:13,Business,Bangalore,Ludhiana,28.1,Meal/Entertain
2023-02-17 14:32,2023-02-17 16:11,Personal,Bhopal,Jaipur,42.2,Customer Visit
2023-09-26 09:49,2023-09-26 10:52,Business,Madurai,Chandigarh,13.9,Office Commute
2023-09-22 21:08,2023-09-22 23:09,Business,Thiruvananthapuram,Visakhapatnam,14.7,Meal/Entertain
2023-03-01 00:19,2023-03-01 01:06,Business,Allahabad,Kota,13.1,Meeting
2023-01-24 03:33,2023-01-24 04:31,Business,Vijayawada,Navi Mumbai,26.7,Office Commute
2023-06-14 06:12,2023-06-14 07:49,Business,Nagpur,Thane,13.5,Customer Visit
2023-05-20 04:10,2023-05-20 05:56,Business,Mumbai,Hyderabad,38.5,Meeting
2023-10-05 11:35,2023-10-05 12:49,Business,Agra,Noida,2.3,Meal/Entertain
2023-03-29 02:19,2023-03-29 05:47,Personal,Chandigarh,Solapur,35.1,Customer Visit
2023-12-12 01:06,2023-12-12 01:34,Personal,Kolkata,Amritsar,7.5,Customer Visit
2023-10-31 20:53,2023-10-31 23:51,Business,Bangalore,Kochi,10.8,Office Commute
2023-12-10 17:05,2023-12-10 19:37,Personal,Jabalpur,Hubli,3.6,Office Commute
2023-08-28 03:29,2023-08-28 07:02,Personal,Bhubaneswar,Bangalore,47.2,Site Inspection
2023-11-12 08:58,2023-11-12 11:18,Business,Lucknow,Faridabad,20.1,Meal/Entertain
2023-06-16 14:31,2023-06-16 15:26,Business,Coimbatore,Ranchi,26.6,Errand/Supplies
2023-03-29 09:49,2023-03-29 12:37,Personal,Lucknow,Bhopal,7.3,Site Inspection
2023-02-24 10:35,2023-02-24 11:07,Business,Nagpur,Bhubaneswar,6.6,Meal/Entertain
2023-11-14 07:35,2023-11-14 08:49,Business,Mumbai,Kota,6.7,Meal/Entertain
2023-10-30 13:50,2023-10-30 16:39,Personal,Jodhpur,Aurangabad,12.4,Errand/Supplies
2023-12-06 21:04,2023-12-07 01:21,Business,Tiruchirappalli,Indore,4.2,Meeting
2023-02-19 14:11,2023-02-19 16:04,Business,Bhopal,Nashik,5.4,Customer Visit
2023-07-14 10:31,2023-07-14 11:00,Business,Aurangabad,Navi Mumbai,12.4,Meeting
2023-11-22 00:48,2023-11-22 01:25,Business,Dhanbad,Varanasi,9.0,Site Inspection
2023-08-17 06:13,2023-08-17 07:48,Business,Kolkata,Mumbai,9.5,Meeting
2023-08-11 22:58,2023-08-12 00:11,Business,Nagpur,Tiruchirappalli,25.7,Office Commute
2023-03-07 09:03,2023-03-07 11:39,Business,Nashik,Agra,8.0,Customer Visit
2023-07-03 03:55,2023-07-03 05:29,Business,Amritsar,Agra,43.7,Errand/Supplies
2023-06-12 22:24,2023-06-13 00:58,Business,Ghaziabad,Kochi,28.9,Customer Visit
2023-03-13 06:35,2023-03-13 08:13,Personal,Kochi,Mumbai,3.3,Meeting
2023-12-10 04:08,2023-12-10 04:39,Business,Vasai,Kanpur,15.0,Errand/Supplies
2023-12-03 13:08,2023-12-03 13:42,Business,Pune,Ahmedabad,13.4,Office Commute
2023-12-23 19:59,2023-12-23 22:52,Business,Pune,Vadodara,7.3,Delivery Task
2023-08-19 12:22,2023-08-19 13:02,Business,Coimbatore,Kota,8.6,Meeting
2023-05-02 22:32,2023-05-03 00:32,Business,Kochi,Navi Mumbai,7.9,Temporary Site
2023-10-18 15:45,2023-10-18 16:42,Business,Mumbai,Nagpur,14.7,Meeting
2023-09-27 08:29,2023-09-27 10:57,Business,Nashik,Lucknow,54.1,Site Inspection
2023-12-06 21:04,2023-12-06 23:58,Business,Meerut,Noida,7.5,Errand/Supplies
2023-01-06 15:29,2023-01-06 20:36,Business,Noida,Amritsar,33.8,Errand/Supplies
2023-05-31 09:10,2023-05-31 09:43,Business,Nagpur,Srinagar,5.8,Customer Visit
2023-05-14 01:40,2023-05-14 04:31,Business,Navi Mumbai,Surat,11.9,Client Pickup
2023-11-16 00:18,2023-11-16 01:08,Business,Chennai,Nagpur,14.9,Customer Visit
2023-05-10 04:39,2023-05-10 06:12,Personal,Bhubaneswar,Madurai,11.9,Office Commute
2023-03-31 18:47,2023-03-31 19:49,Business,Vijayawada,Guwahati,2.4,Errand/Supplies
2023-05-01 15:11,2023-05-01 15:50,Business,Jaipur,Vadodara,11.9,Office Commute
2023-03-20 15:48,2023-03-20 21:44,Personal,Indore,Bangalore,79.8,Office Commute
2023-03-27 06:36,2023-03-27 07:11,Business,Jodhpur,Ghaziabad,11.1,Airport Drop
2023-03-27 14:25,2023-03-27 16:20,Business,Pune,Guwahati,19.1,Meeting
2023-04-30 12:43,2023-04-30 16:18,Business,Lucknow,Surat,47.3,Delivery Task
2023-05-28 14:24,2023-05-28 16:53,Business,Guwahati,Chandigarh,7.0,Office Commute
2023-07-01 13:39,2023-07-01 15:20,Business,Rajkot,Allahabad,8.3,Customer Visit
2023-07-20 14:49,2023-07-20 15:58,Business,Gwalior,Vadodara,10.1,Customer Visit
2023-06-10 17:00,2023-06-10 17:30,Business,Meerut,Indore,14.9,Errand/Supplies
2023-08-17 11:14,2023-08-17 12:23,Business,Agra,Kanpur,2.3,Client Pickup
2023-11-01 21:57,2023-11-01 23:18,Personal,Delhi,Allahabad,2.1,Meal/Entertain
2023-11-06 04:24,2023-11-06 06:36,Business,Patna,Bhopal,19.3,Meeting
2023-12-05 02:40,2023-12-05 06:46,Personal,Bhopal,Ranchi,5.0,Site Inspection
2023-06-15 08:10,2023-06-15 08:54,Business,Gwalior,Thiruvananthapuram,13.6,Client Pickup
2023-01-31 08:52,2023-01-31 09:48,Business,Thiruvananthapuram,Amritsar,5.5,Office Commute
2023-11-09 12:11,2023-11-09 13:34,Business,Kolkata,Aurangabad,14.0,Airport Drop
2023-11-26 03:58,2023-11-26 07:46,Business,Chandigarh,Mumbai,22.7,Client Pickup
2023-05-09 14:01,2023-05-09 15:22,Business,Guwahati,Bengaluru,1.8,Office Commute
2023-07-19 08:09,2023-07-19 09:54,Business,Pune,Patna,1.3,Meal/Entertain
2023-09-09 15:27,2023-09-09 19:01,Business,Nagpur,Agra,14.1,Errand/Supplies
2023-01-02 12:44,2023-01-02 14:23,Business,Thiruvananthapuram,Vadodara,34.0,Delivery Task
2023-12-16 09:25,2023-12-16 10:25,Business,Nagpur,Mumbai,27.6,Meal/Entertain
2023-08-24 09:41,2023-08-24 10:57,Business,Jaipur,Mumbai,27.0,Customer Visit
2023-06-03 22:24,2023-06-04 01:50,Business,Mysore,Allahabad,83.0,Customer Visit
2023-08-13 23:12,2023-08-13 23:42,Personal,Ranchi,Jabalpur,13.4,Customer Visit
2023-09-08 12:04,2023-09-08 15:52,Personal,Delhi,Ahmedabad,35.8,Client Pickup
2023-01-09 01:21,2023-01-09 04:43,Business,Ludhiana,Mumbai,90.5,Delivery Task
2023-12-01 21:33,2023-12-02 00:31,Business,Tiruchirappalli,Srinagar,2.5,Client Pickup
2023-02-06 01:47,2023-02-06 03:07,Business,Visakhapatnam,Mumbai,9.0,Site Inspection
2023-01-24 07:44,2023-01-24 08:12,Personal,Pune,Ahmedabad,13.8,Client Pickup
2023-02-19 14:39,2023-02-19 16:04,Business,Coimbatore,Patna,5.2,Meal/Entertain
2023-11-01 19:14,2023-11-01 20:04,Business,Aurangabad,Varanasi,19.1,Errand/Supplies
2023-12-14 12:20,2023-12-14 14:15,Business,Kochi,Indore,49.4,Office Commute
2023-01-24 18:11,2023-01-24 20:28,Business,Hyderabad,Vasai,60.7,Delivery Task
2023-12-23 11:35,2023-12-23 12:44,Business,Bhopal,Gwalior,6.7,Client Pickup
2023-11-20 19:24,2023-11-20 19:31,Business,Ghaziabad,Nashik,2.2,Site Inspection
2023-02-15 22:41,2023-02-16 00:33,Personal,Ludhiana,Bangalore,3.3,Customer Visit
2023-03-06 06:09,2023-03-06 09:25,Business,Ranchi,Vadodara,31.7,Airport Drop
2023-12-21 01:38,2023-12-21 03:15,Business,Kolkata,Kanpur,3.3,Customer Visit
2023-06-04 11:26,2023-06-04 14:11,Business,Ludhiana,Noida,81.3,Meeting
2023-11-13 11:55,2023-11-13 19:31,Business,Delhi,Bhopal,98.7,Meeting
2023-05-22 01:12,2023-05-22 03:18,Business,Faridabad,Kota,38.1,Meeting
2023-09-12 05:10,2023-09-12 06:44,Personal,Chandigarh,Rajkot,46.9,Customer Visit
2023-06-21 19:51,2023-06-21 20:16,Personal,Pune,Jaipur,7.0,Customer Visit
2023-03-22 00:31,2023-03-22 01:46,Business,Bengaluru,Surat,8.4,Customer Visit
2023-06-16 13:12,2023-06-16 15:21,Business,Aurangabad,Ghaziabad,35.8,Meeting
2023-07-31 06:24,2023-07-31 06:38,Business,Thiruvananthapuram,Bhopal,2.2,Meal/Entertain
2023-03-16 06:59,2023-03-16 08:10,Business,Lucknow,Nashik,13.4,Office Commute
2023-11-20 11:17,2023-11-20 12:21,Business,Jodhpur,Jaipur,11.0,Meeting
2023-03-11 03:54,2023-03-11 05:56,Business,Bhubaneswar,Allahabad,1.6,Customer Visit
2023-06-01 19:10,2023-06-01 21:08,Business,Kanpur,Chennai,22.8,Delivery Task
2023-09-25 15:55,2023-09-25 17:23,Business,Mysore,Vijayawada,6.6,Office Commute
2023-08-08 23:55,2023-08-09 01:03,Personal,Lucknow,Vasai,1.0,Meal/Entertain
2023-10-30 04:58,2023-10-30 05:27,Business,Hyderabad,Kochi,13.5,Meeting
2023-09-16 01:27,2023-09-16 05:03,Business,Kanpur,Allahabad,7.5,Meeting
2023-08-20 15:15,2023-08-20 17:17,Business,Lucknow,Vadodara,43.8,Meeting
2023-04-22 04:22,2023-04-22 05:36,Business,Thane,Agra,6.6,Delivery Task
2023-03-24 22:29,2023-03-24 23:01,Personal,Pune,Bangalore,10.3,Office Commute
2023-04-05 11:40,2023-04-05 15:01,Business,Kota,Thiruvananthapuram,10.8,Office Commute
2023-12-20 10:33,2023-12-20 11:17,Business,Patna,Agra,17.6,Errand/Supplies
2023-10-05 18:50,2023-10-05 20:58,Business,Kochi,Thane,14.2,Site Inspection
2023-01-29 16:58,2023-01-29 17:22,Business,Rajkot,Bangalore,5.6,Meal/Entertain
2023-07-07 11:11,2023-07-07 12:04,Business,Bhopal,Jodhpur,9.6,Errand/Supplies
2023-06-21 07:34,2023-06-21 09:14,Personal,Mysore,Solapur,19.9,Airport Drop
2023-04-18 23:48,2023-04-19 00:57,Business,Surat,Thane,14.4,Meeting
2023-01-28 02:23,2023-01-28 04:31,Business,Jabalpur,Gwalior,6.8,Customer Visit
2023-12-30 17:43,2023-12-30 20:17,Business,Ludhiana,Madurai,2.5,Meal/Entertain
2023-12-21 02:12,2023-12-21 02:54,Business,Kolkata,Noida,10.4,Meeting
2023-02-09 03:10,2023-02-09 04:28,Business,Bangalore,Kalyan,25.2,Meal/Entertain
2023-09-24 20:01,2023-09-24 22:13,Business,Ranchi,Chandigarh,13.2,Meal/Entertain
2023-08-04 14:47,2023-08-04 15:59,Personal,Rajkot,Mumbai,31.6,Client Pickup
2023-09-24 20:21,2023-09-24 23:13,Personal,Delhi,Aurangabad,12.2,Customer Visit
2023-10-31 21:44,2023-11-01 01:41,Business,Indore,Pune,5.4,Customer Visit
2023-06-06 05:50,2023-06-06 07:15,Business,Kota,Hubli,13.6,Client Pickup
2023-01-25 04:22,2023-01-25 09:14,Business,Lucknow,Jaipur,88.4,Customer Visit
2023-05-27 05:11,2023-05-27 06:50,Business,Chennai,Noida,39.9,Errand/Supplies
2023-03-06 14:16,2023-03-06 15:13,Business,Ghaziabad,Bhopal,5.3,Customer Visit
2023-06-26 04:23,2023-06-26 07:57,Business,Dhanbad,Mysore,38.3,Errand/Supplies
2023-07-27 15:49,2023-07-27 17:14,Business,Chennai,Mumbai,13.9,Client Pickup
2023-09-17 10:41,2023-09-17 13:04,Personal,Hyderabad,Chandigarh,11.3,Delivery Task
2023-03-17 18:46,2023-03-17 22:49,Business,Howrah,Thane,78.7,Meal/Entertain
2023-03-13 21:35,2023-03-13 23:47,Business,Ranchi,Bhopal,46.5,Customer Visit
2023-07-02 02:20,2023-07-02 02:39,Business,Ahmedabad,Kalyan,3.9,Client Pickup
2023-05-23 06:01,2023-05-23 07:03,Business,Nashik,Meerut,14.1,Site Inspection
2023-09-20 12:12,2023-09-20 15:22,Business,Vijayawada,Kolkata,14.4,Office Commute
2023-07-04 12:09,2023-07-04 15:16,Business,Navi Mumbai,Madurai,46.8,Site Inspection
2023-06-07 14:55,2023-06-07 15:50,Business,Jodhpur,Jaipur,5.7,Office Commute
2023-08-01 14:18,2023-08-01 16:34,Business,Dhanbad,Srinagar,41.0,Customer Visit
2023-02-14 04:13,2023-02-14 06:32,Business,Srinagar,Kanpur,9.1,Airport Drop
2023-10-30 12:05,2023-10-30 13:57,Business,Visakhapatnam,Meerut,53.4,Office Commute
2023-12-30 18:48,2023-12-30 19:30,Business,Patna,Gwalior,8.7,Meeting
2023-01-22 09:53,2023-01-22 12:16,Business,Coimbatore,Vasai,8.7,Meeting
2023-01-02 04:16,2023-01-02 06:21,Business,Mysore,Surat,1.2,Meeting
2023-04-02 15:58,2023-04-02 16:14,Personal,Bhopal,Pune,4.9,Airport Drop
2023-02-04 19:47,2023-02-04 22:44,Business,Bhopal,Thane,14.9,Meal/Entertain
2023-12-18 15:44,2023-12-18 16:40,Business,Lucknow,Nagpur,4.5,Airport Drop
2023-03-25 18:03,2023-03-25 19:08,Business,Madurai,Srinagar,12.8,Meal/Entertain
2023-05-20 11:26,2023-05-20 11:44,Business,Kota,Ranchi,3.1,Meeting
2023-04-10 20:11,2023-04-10 20:54,Business,Howrah,Meerut,1.9,Airport Drop
2023-12-17 09:17,2023-12-17 10:07,Business,Thane,Chennai,13.2,Meeting
2023-03-12 16:18,2023-03-12 18:27,Business,Mumbai,Nashik,2.8,Delivery Task
2023-04-22 04:32,2023-04-22 06:59,Business,Kanpur,Indore,20.8,Airport Drop
2023-09-27 17:45,2023-09-27 19:56,Business,Delhi,Tiruchirappalli,36.5,Errand/Supplies
2023-03-09 00:30,2023-03-09 02:27,Business,Kanpur,Kota,19.2,Meeting
2023-11-02 16:48,2023-11-02 17:46,Business,Ranchi,Jaipur,7.1,Airport Drop
2023-04-24 04:54,2023-04-24 05:47,Business,Solapur,Hubli,12.4,Customer Visit
2023-08-06 22:48,2023-08-06 23:21,Business,Hubli,Bhubaneswar,14.7,Delivery Task
2023-04-11 03:02,2023-04-11 03:45,Business,Ahmedabad,Thiruvananthapuram,6.9,Meal/Entertain
2023-06-04 21:00,2023-06-04 22:23,Personal,Lucknow,Bhopal,16.6,Office Commute
2023-04-05 21:22,2023-04-05 21:51,Business,Bhopal,Navi Mumbai,13.6,Airport Drop
2023-10-24 11:22,2023-10-24 13:15,Personal,Chandigarh,Vijayawada,24.8,Office Commute
2023-02-04 03:52,2023-02-04 04:16,Business,Thiruvananthapuram,Srinagar,8.0,Errand/Supplies
2023-10-03 00:46,2023-10-03 01:08,Personal,Dhanbad,Solapur,4.8,Meal/Entertain
2023-10-29 05:28,2023-10-29 06:34,Business,Madurai,Vijayawada,27.9,Customer Visit
2023-09-21 07:26,2023-09-21 10:36,Business,Vasai,Jabalpur,71.2,Office Commute
2023-09-11 11:45,2023-09-11 14:23,Personal,Hyderabad,Bhopal,8.2,Meal/Entertain
2023-07-17 09:29,2023-07-17 11:37,Business,Srinagar,Allahabad,7.8,Meal/Entertain
2023-08-08 06:54,2023-08-08 07:53,Personal,Faridabad,Mysore,14.8,Office Commute
2023-09-09 21:06,2023-09-09 23:28,Business,Rajkot,Jaipur,15.0,Client Pickup
2023-07-22 12:44,2023-07-22 13:36,Personal,Meerut,Raipur,2.5,Client Pickup
2023-04-13 19:54,2023-04-13 20:32,Personal,Chennai,Aurangabad,3.6,Meal/Entertain
2023-10-25 18:17,2023-10-25 20:03,Business,Faridabad,Vasai,7.9,Customer Visit
2023-09-06 16:17,2023-09-06 17:28,Personal,Lucknow,Raipur,6.5,Airport Drop
2023-11-18 04:01,2023-11-18 05:03,Business,Bengaluru,Bhopal,7.9,Office Commute
2023-04-02 12:38,2023-04-02 13:37,Business,Amritsar,Vasai,10.4,Customer Visit
2023-12-05 16:49,2023-12-05 21:10,Personal,Hubli,Noida,11.6,Delivery Task
2023-05-14 17:21,2023-05-14 22:15,Business,Delhi,Howrah,7.8,Meeting
2023-03-02 12:28,2023-03-02 14:17,Business,Ahmedabad,Thane,6.9,Airport Drop
2023-12-04 09:56,2023-12-04 11:04,Personal,Kolkata,Kota,3.3,Meal/Entertain
2023-02-26 18:43,2023-02-26 22:55,Business,Kochi,Bhubaneswar,6.3,Client Pickup
2023-07-20 08:31,2023-07-20 12:13,Business,Lucknow,Mysore,32.8,Customer Visit
2023-02-01 00:37,2023-02-01 01:31,Business,Rajkot,Jabalpur,25.0,Customer Visit
2023-01-14 20:21,2023-01-14 21:07,Business,Vasai,Jaipur,11.3,Temporary Site
2023-01-29 21:15,2023-01-30 00:36,Business,Kochi,Jabalpur,70.6,Site Inspection
2023-02-03 09:07,2023-02-03 10:17,Business,Pune,Hubli,13.7,Airport Drop
2023-08-05 18:32,2023-08-05 19:54,Business,Ahmedabad,Mumbai,7.3,Customer Visit
2023-06-12 12:36,2023-06-12 14:03,Business,Ahmedabad,Ranchi,1.1,Meal/Entertain
2023-12-12 06:21,2023-12-12 11:15,Business,Nagpur,Bengaluru,18.6,Delivery Task
2023-06-03 11:27,2023-06-03 12:36,Business,Vadodara,Thane,3.2,Errand/Supplies
2023-10-02 06:18,2023-10-02 08:17,Personal,Patna,Vijayawada,53.9,Meal/Entertain
2023-02-17 22:54,2023-02-17 23:39,Business,Hubli,Nagpur,4.0,Airport Drop
2023-09-01 13:13,2023-09-01 13:56,Business,Indore,Gwalior,12.2,Meal/Entertain
2023-08-10 21:34,2023-08-10 22:49,Business,Pune,Varanasi,12.2,Client Pickup
2023-12-10 17:11,2023-12-10 17:37,Business,Kanpur,Kalyan,8.1,Meeting
2023-04-20 21:52,2023-04-21 00:10,Business,Solapur,Meerut,35.2,Meeting
2023-08-11 18:46,2023-08-11 20:48,Business,Patna,Mumbai,44.9,Meal/Entertain
2023-12-17 09:54,2023-12-17 11:47,Personal,Delhi,Jaipur,4.2,Errand/Supplies
2023-04-15 13:17,2023-04-15 14:32,Business,Hyderabad,Visakhapatnam,17.3,Meeting
2023-02-28 04:12,2023-02-28 04:32,Business,Guwahati,Rajkot,6.6,Site Inspection
2023-08-12 13:41,2023-08-12 14:02,Personal,Vadodara,Varanasi,7.7,Errand/Supplies
2023-05-23 21:35,2023-05-23 23:06,Business,Chennai,Gwalior,4.5,Airport Drop
2023-01-11 01:55,2023-01-11 04:43,Personal,Vijayawada,Allahabad,74.3,Temporary Site
2023-07-28 11:42,2023-07-28 13:40,Business,Navi Mumbai,Hubli,46.5,Errand/Supplies
2023-10-20 23:32,2023-10-21 01:24,Business,Vasai,Srinagar,23.3,Meeting
2023-09-26 08:31,2023-09-26 09:09,Business,Raipur,Vasai,11.8,Errand/Supplies
2023-10-27 23:24,2023-10-28 02:15,Business,Navi Mumbai,Bhopal,26.0,Meeting
2023-05-21 14:26,2023-05-21 14:46,Business,Kochi,Dhanbad,3.3,Customer Visit
2023-06-12 17:27,2023-06-12 20:49,Business,Ludhiana,Mumbai,14.3,Meeting
2023-07-05 15:45,2023-07-05 18:38,Business,Ghaziabad,Gwalior,47.8,Temporary Site
2023-12-06 01:44,2023-12-06 05:28,Business,Ahmedabad,Pune,80.3,Office Commute
2023-07-05 21:07,2023-07-05 23:36,Business,Mysore,Jodhpur,14.4,Client Pickup
2023-07-21 08:19,2023-07-21 09:34,Business,Vijayawada,Kolkata,13.7,Client Pickup
2023-08-13 20:20,2023-08-14 00:08,Business,Ghaziabad,Hubli,13.4,Meeting
2023-09-09 15:47,2023-09-09 20:49,Business,Allahabad,Gwalior,43.8,Errand/Supplies
2023-02-21 05:44,2023-02-21 08:20,Business,Indore,Solapur,13.8,Office Commute
2023-10-08 23:20,2023-10-09 02:39,Business,Aurangabad,Jabalpur,11.2,Customer Visit
2023-11-19 14:50,2023-11-19 15:09,Business,Ahmedabad,Thane,9.9,Meeting
2023-02-12 03:10,2023-02-12 05:32,Business,Kalyan,Delhi,5.3,Customer Visit
2023-11-01 21:26,2023-11-02 00:44,Business,Solapur,Thiruvananthapuram,41.7,Meal/Entertain
2023-12-18 18:52,2023-12-18 20:52,Business,Lucknow,Visakhapatnam,24.2,Airport Drop
2023-07-13 18:14,2023-07-13 18:20,Personal,Delhi,Bangalore,3.4,Delivery Task
2023-02-15 14:12,2023-02-15 15:03,Business,Mysore,Pune,4.0,Errand/Supplies
2023-03-18 02:23,2023-03-18 03:53,Business,Amritsar,Kalyan,9.3,Client Pickup
2023-08-21 21:31,2023-08-21 22:59,Business,Bhopal,Agra,30.3,Errand/Supplies
2023-05-17 09:47,2023-05-17 13:28,Personal,Solapur,Dhanbad,13.0,Errand/Supplies
2023-05-25 23:43,2023-05-26 01:48,Business,Bhubaneswar,Kochi,36.0,Temporary Site
2023-05-15 07:39,2023-05-15 12:03,Business,Coimbatore,Kanpur,16.1,Errand/Supplies
2023-02-13 00:30,2023-02-13 01:31,Business,Ghaziabad,Jaipur,10.0,Meeting
2023-12-29 13:47,2023-12-29 14:26,Business,Ranchi,Kalyan,10.9,Client Pickup
2023-05-01 15:58,2023-05-01 18:44,Business,Bengaluru,Mysore,5.5,Customer Visit
2023-01-24 00:16,2023-01-24 03:53,Business,Raipur,Vadodara,11.4,Delivery Task
2023-10-14 01:37,2023-10-14 02:15,Business,Hubli,Kalyan,2.7,Errand/Supplies
2023-08-28 04:05,2023-08-28 06:31,Personal,Chennai,Madurai,5.6,Client Pickup
2023-03-07 15:55,2023-03-07 17:37,Business,Kochi,Chandigarh,5.2,Client Pickup
2023-05-16 16:20,2023-05-16 20:56,Business,Kochi,Howrah,24.3,Customer Visit
2023-03-19 17:54,2023-03-19 19:11,Business,Chennai,Hyderabad,32.2,Meeting
2023-08-29 08:10,2023-08-29 10:07,Business,Delhi,Chandigarh,3.4,Customer Visit
2023-12-30 17:31,2023-12-30 19:48,Business,Bhopal,Ludhiana,5.9,Airport Drop
2023-06-28 02:13,2023-06-28 03:39,Business,Bhopal,Vijayawada,20.3,Meeting
2023-10-16 21:37,2023-10-17 00:18,Business,Vasai,Chennai,43.8,Meeting
2023-02-09 07:49,2023-02-09 09:19,Business,Agra,Meerut,21.4,Office Commute
2023-03-04 12:23,2023-03-04 13:45,Personal,Indore,Ahmedabad,14.7,Meeting
2023-12-29 21:30,2023-12-30 00:24,Business,Hyderabad,Chandigarh,7.3,Meal/Entertain
2023-01-23 20:39,2023-01-23 22:13,Business,Gwalior,Navi Mumbai,5.5,Meal/Entertain
2023-01-25 20:18,2023-01-25 20:39,Personal,Srinagar,Vadodara,3.8,Meal/Entertain
2023-02-17 12:16,2023-02-17 13:04,Business,Surat,Aurangabad,9.4,Airport Drop
2023-04-17 05:24,2023-04-17 06:41,Business,Thiruvananthapuram,Visakhapatnam,1.1,Airport Drop
2023-06-02 15:51,2023-06-02 20:54,Business,Pune,Thane,57.8,Customer Visit
2023-07-03 21:06,2023-07-04 00:29,Business,Vadodara,Hubli,36.2,Meeting
2023-05-18 18:38,2023-05-18 19:13,Personal,Delhi,Ludhiana,6.3,Meeting
2023-08-11 20:27,2023-08-11 21:42,Business,Thane,Kochi,36.5,Errand/Supplies
2023-11-28 21:45,2023-11-29 01:35,Business,Madurai,Indore,83.8,Site Inspection
2023-08-28 13:05,2023-08-28 14:26,Business,Meerut,Patna,2.0,Office Commute
2023-05-08 16:27,2023-05-08 19:02,Personal,Chandigarh,Bhubaneswar,5.1,Temporary Site
2023-02-25 16:27,2023-02-25 16:56,Personal,Amritsar,Mysore,1.4,Meeting
2023-07-01 08:37,2023-07-01 10:36,Business,Kota,Raipur,43.5,Meal/Entertain
2023-04-04 12:02,2023-04-04 13:30,Business,Ahmedabad,Bhopal,31.3,Delivery Task
2023-12-10 14:39,2023-12-10 16:28,Business,Solapur,Hubli,11.1,Office Commute
2023-11-06 08:55,2023-11-06 09:28,Business,Visakhapatnam,Vadodara,3.4,Temporary Site
2023-03-29 20:30,2023-03-29 23:32,Business,Mumbai,Ahmedabad,2.5,Delivery Task
2023-09-07 09:39,2023-09-07 12:57,Business,Kalyan,Visakhapatnam,11.4,Errand/Supplies
2023-02-14 04:08,2023-02-14 04:35,Business,Rajkot,Ranchi,12.2,Meeting
2023-01-14 06:30,2023-01-14 07:29,Business,Bhopal,Varanasi,14.6,Meal/Entertain
2023-04-08 02:19,2023-04-08 03:20,Personal,Kochi,Vasai,12.0,Temporary Site
2023-03-20 23:44,2023-03-21 01:54,Business,Lucknow,Kochi,3.2,Meeting
2023-04-14 09:36,2023-04-14 11:00,Personal,Lucknow,Ahmedabad,35.5,Airport Drop
2023-08-10 13:54,2023-08-10 16:47,Business,Indore,Agra,12.8,Office Commute
2023-11-10 21:57,2023-11-10 23:12,Business,Allahabad,Ludhiana,8.1,Meeting
2023-06-11 17:04,2023-06-11 19:03,Business,Solapur,Amritsar,6.8,Customer Visit
2023-06-27 14:44,2023-06-27 15:17,Business,Lucknow,Bhopal,14.1,Delivery Task
2023-08-13 07:32,2023-08-13 09:50,Personal,Chennai,Howrah,31.5,Office Commute
2023-12-03 14:08,2023-12-03 17:16,Business,Rajkot,Indore,44.9,Errand/Supplies
2023-07-04 15:51,2023-07-04 18:25,Business,Kanpur,Vasai,37.9,Customer Visit
2023-09-05 04:11,2023-09-05 04:36,Business,Dhanbad,Howrah,2.0,Customer Visit
2023-09-10 09:15,2023-09-10 10:39,Personal,Navi Mumbai,Ludhiana,6.7,Customer Visit
2023-12-13 05:11,2023-12-13 05:36,Business,Amritsar,Ahmedabad,4.5,Client Pickup
2023-04-27 03:35,2023-04-27 04:42,Business,Vadodara,Aurangabad,2.4,Meal/Entertain
2023-10-13 08:57,2023-10-13 11:26,Business,Guwahati,Indore,42.0,Errand/Supplies
2023-08-13 14:53,2023-08-13 15:04,Business,Navi Mumbai,Raipur,1.5,Customer Visit
2023-02-22 17:02,2023-02-22 18:21,Business,Tiruchirappalli,Noida,13.0,Site Inspection
2023-07-05 05:46,2023-07-05 07:46,Personal,Chennai,Patna,3.7,Site Inspection
2023-03-20 20:23,2023-03-20 21:24,Business,Thane,Madurai,13.2,Customer Visit
2023-01-04 07:53,2023-01-04 09:49,Personal,Bhopal,Vijayawada,14.6,Airport Drop
2023-08-01 11:40,2023-08-01 12:27,Business,Howrah,Madurai,4.6,Meeting
2023-08-08 13:58,2023-08-08 16:03,Business,Thane,Meerut,4.0,Site Inspection
2023-01-16 14:09,2023-01-16 15:12,Business,Vijayawada,Meerut,27.7,Customer Visit
2023-03-26 13:03,2023-03-26 16:30,Business,Aurangabad,Bangalore,6.5,Office Commute
2023-10-22 01:40,2023-10-22 04:51,Personal,Allahabad,Raipur,20.4,Errand/Supplies
2023-06-05 23:47,2023-06-06 02:34,Business,Kanpur,Kalyan,39.6,Delivery Task
2023-03-17 22:25,2023-03-18 01:25,Business,Agra,Varanasi,8.3,Customer Visit
2023-08-15 22:22,2023-08-16 01:59,Business,Dhanbad,Mumbai,9.6,Client Pickup
2023-07-19 23:46,2023-07-20 01:08,Business,Delhi,Hubli,8.4,Office Commute
2023-06-09 16:21,2023-06-09 16:39,Business,Mumbai,Howrah,8.1,Errand/Supplies
2023-06-05 23:27,2023-06-06 00:32,Personal,Ahmedabad,Tiruchirappalli,4.5,Customer Visit
2023-09-17 11:07,2023-09-17 12:19,Business,Srinagar,Amritsar,24.2,Office Commute
2023-01-03 14:21,2023-01-03 16:21,Business,Pune,Bhopal,8.9,Meal/Entertain
2023-11-18 21:34,2023-11-18 22:45,Personal,Surat,Nashik,13.5,Site Inspection
2023-10-21 21:08,2023-10-21 23:45,Business,Hubli,Howrah,12.4,Delivery Task
2023-04-09 11:29,2023-04-09 11:54,Business,Surat,Ghaziabad,8.1,Meal/Entertain
2023-02-01 13:56,2023-02-01 15:32,Business,Solapur,Kochi,18.0,Site Inspection
2023-07-26 18:35,2023-07-26 22:17,Business,Dhanbad,Kolkata,10.4,Meeting
2023-08-14 22:59,2023-08-15 02:51,Business,Visakhapatnam,Guwahati,9.8,Office Commute
2023-12-31 14:08,2023-12-31 15:13,Business,Varanasi,Chennai,2.6,Site Inspection
2023-03-22 17:23,2023-03-22 18:20,Personal,Ranchi,Dhanbad,1.3,Customer Visit
2023-03-20 03:23,2023-03-20 05:03,Personal,Bhopal,Jaipur,1.4,Errand/Supplies
2023-03-14 18:26,2023-03-14 19:19,Personal,Hubli,Howrah,12.0,Office Commute
2023-09-08 00:07,2023-09-08 03:29,Business,Hubli,Howrah,12.4,Meeting
2023-06-08 18:28,2023-06-08 20:19,Personal,Aurangabad,Visakhapatnam,7.6,Errand/Supplies
2023-03-12 16:40,2023-03-12 21:06,Business,Lucknow,Vasai,36.2,Meeting
2023-06-16 02:51,2023-06-16 04:56,Business,Kolkata,Raipur,13.1,Customer Visit
2023-12-10 14:47,2023-12-10 15:14,Business,Faridabad,Kalyan,1.5,Site Inspection
2023-12-29 09:35,2023-12-29 10:55,Business,Visakhapatnam,Chennai,35.1,Airport Drop
2023-10-19 16:12,2023-10-19 18:43,Business,Delhi,Noida,11.6,Client Pickup
2023-01-10 08:50,2023-01-10 09:37,Personal,Ahmedabad,Bhopal,8.4,Customer Visit
2023-02-13 17:38,2023-02-13 20:30,Business,Vasai,Solapur,35.3,Meal/Entertain
2023-06-24 13:11,2023-06-24 13:45,Business,Nashik,Allahabad,14.1,Client Pickup
2023-02-28 03:34,2023-02-28 04:19,Business,Visakhapatnam,Meerut,4.5,Errand/Supplies
2023-06-07 13:43,2023-06-07 13:55,Business,Chandigarh,Coimbatore,2.1,Client Pickup
2023-06-02 12:06,2023-06-02 13:03,Business,Noida,Hyderabad,10.9,Meeting
2023-03-03 01:12,2023-03-03 02:40,Business,Kanpur,Hyderabad,14.2,Client Pickup
2023-02-28 08:03,2023-02-28 10:58,Business,Ludhiana,Madurai,28.5,Meal/Entertain
2023-11-21 07:58,2023-11-21 08:07,Business,Mysore,Kanpur,1.2,Errand/Supplies
2023-10-12 20:50,2023-10-12 21:36,Business,Mysore,Nashik,4.3,Airport Drop
2023-09-14 06:50,2023-09-14 08:02,Business,Nagpur,Kanpur,12.8,Office Commute
2023-08-05 17:28,2023-08-05 18:35,Business,Mumbai,Chennai,33.9,Client Pickup
2023-12-01 05:00,2023-12-01 08:12,Business,Varanasi,Kota,81.0,Delivery Task
2023-06-29 20:13,2023-06-29 22:58,Business,Gwalior,Navi Mumbai,10.5,Meeting
2023-06-03 02:25,2023-06-03 03:51,Business,Allahabad,Chennai,34.8,Errand/Supplies
2023-04-18 19:32,2023-04-19 00:06,Business,Srinagar,Mysore,93.8,Meeting
2023-05-20 07:42,2023-05-20 11:59,Business,Patna,Guwahati,85.3,Client Pickup
2023-12-21 04:41,2023-12-21 06:58,Business,Dhanbad,Kota,66.5,Client Pickup
2023-07-31 17:57,2023-07-31 22:35,Business,Lucknow,Agra,38.6,Office Commute
2023-02-09 17:01,2023-02-09 21:08,Business,Mumbai,Bangalore,37.8,Customer Visit
2023-11-04 11:24,2023-11-04 15:10,Business,Bhopal,Jabalpur,68.8,Meal/Entertain
2023-08-16 00:14,2023-08-16 00:50,Business,Agra,Bhopal,14.1,Meal/Entertain
2023-11-11 20:19,2023-11-11 20:53,Business,Rajkot,Solapur,2.1,Delivery Task
2023-12-27 22:38,2023-12-27 22:53,Personal,Ludhiana,Jaipur,7.8,Airport Drop
2023-05-23 18:32,2023-05-23 20:04,Business,Delhi,Varanasi,2.4,Office Commute
2023-12-16 19:36,2023-12-16 20:01,Business,Mysore,Delhi,8.8,Site Inspection
2023-10-19 07:56,2023-10-19 10:55,Business,Nashik,Bhubaneswar,19.5,Temporary Site
2023-12-21 21:34,2023-12-21 23:59,Business,Delhi,Vijayawada,14.9,Customer Visit
2023-01-27 10:27,2023-01-27 12:05,Business,Agra,Kochi,14.2,Site Inspection
2023-09-22 01:56,2023-09-22 02:17,Business,Bhopal,Rajkot,7.8,Errand/Supplies
2023-07-20 06:21,2023-07-20 07:07,Personal,Gwalior,Kanpur,5.3,Meeting
2023-12-20 13:04,2023-12-20 15:56,Business,Vadodara,Ahmedabad,61.3,Meeting
2023-02-19 00:30,2023-02-19 04:15,Business,Chennai,Indore,9.7,Site Inspection
2023-05-09 07:06,2023-05-09 09:42,Business,Ahmedabad,Nashik,47.7,Client Pickup
2023-05-02 02:49,2023-05-02 06:15,Business,Indore,Vasai,5.5,Site Inspection
2023-02-01 01:24,2023-02-01 01:45,Business,Bengaluru,Patna,2.6,Client Pickup
2023-01-29 09:39,2023-01-29 10:19,Business,Tiruchirappalli,Bhubaneswar,12.2,Delivery Task
2023-07-15 12:06,2023-07-15 13:10,Business,Bengaluru,Rajkot,1.5,Meal/Entertain
2023-08-21 12:29,2023-08-21 16:20,Personal,Visakhapatnam,Navi Mumbai,36.9,Meal/Entertain
2023-01-14 14:33,2023-01-14 17:31,Personal,Noida,Bengaluru,14.1,Meeting
2023-02-04 18:50,2023-02-04 20:21,Business,Delhi,Bengaluru,9.3,Customer Visit
2023-09-04 23:39,2023-09-05 00:37,Business,Bhubaneswar,Patna,5.8,Meal/Entertain
2023-06-09 18:27,2023-06-09 22:04,Business,Ghaziabad,Bhubaneswar,17.2,Customer Visit
2023-03-17 15:19,2023-03-17 17:57,Business,Hubli,Nashik,42.2,Temporary Site
2023-03-16 01:15,2023-03-16 02:02,Business,Jaipur,Agra,10.1,Meal/Entertain
2023-04-14 02:21,2023-04-14 03:53,Business,Kochi,Jabalpur,3.6,Meeting
2023-12-21 10:54,2023-12-21 13:59,Personal,Lucknow,Ranchi,7.4,Client Pickup
2023-08-21 01:31,2023-08-21 03:34,Business,Noida,Hubli,3.1,Temporary Site
2023-11-16 06:15,2023-11-16 09:31,Personal,Agra,Patna,4.1,Meal/Entertain
2023-04-16 12:11,2023-04-16 12:38,Business,Thiruvananthapuram,Varanasi,11.3,Meal/Entertain
2023-03-14 09:28,2023-03-14 11:05,Business,Agra,Aurangabad,8.7,Meeting
2023-04-12 06:18,2023-04-12 07:15,Business,Nashik,Thane,14.6,Delivery Task
2023-05-06 05:12,2023-05-06 05:42,Personal,Guwahati,Srinagar,12.8,Customer Visit
2023-12-13 04:24,2023-12-13 05:16,Business,Vasai,Guwahati,15.8,Client Pickup
2023-07-10 21:10,2023-07-11 01:04,Business,Dhanbad,Hubli,6.0,Meeting
2023-03-08 06:12,2023-03-08 09:51,Business,Solapur,Aurangabad,13.3,Site Inspection
2023-11-22 07:58,2023-11-22 08:35,Business,Ranchi,Jaipur,6.9,Client Pickup
2023-03-18 10:15,2023-03-18 10:48,Personal,Noida,Nashik,8.4,Temporary Site
2023-09-08 06:46,2023-09-08 08:53,Business,Visakhapatnam,Bhubaneswar,48.9,Customer Visit
2023-07-18 20:48,2023-07-19 00:05,Business,Tiruchirappalli,Raipur,3.2,Customer Visit
2023-07-11 16:44,2023-07-11 19:57,Business,Ludhiana,Meerut,5.4,Office Commute
2023-10-26 20:02,2023-10-26 20:43,Personal,Ludhiana,Lucknow,6.5,Customer Visit
2023-06-06 13:56,2023-06-06 17:19,Business,Delhi,Kolkata,28.9,Office Commute
2023-03-10 02:18,2023-03-10 04:47,Business,Chennai,Vasai,8.6,Office Commute
2023-11-15 10:27,2023-11-15 12:40,Business,Jabalpur,Faridabad,7.4,Customer Visit
2023-05-20 12:01,2023-05-20 13:12,Business,Kochi,Kanpur,7.9,Errand/Supplies
2023-02-12 09:53,2023-02-12 10:44,Business,Faridabad,Guwahati,5.9,Office Commute
2023-02-06 11:02,2023-02-06 13:21,Personal,Tiruchirappalli,Gwalior,18.5,Office Commute
2023-12-16 08:12,2023-12-16 09:29,Business,Indore,Delhi,4.4,Customer Visit
2023-06-27 12:25,2023-06-27 13:21,Business,Guwahati,Agra,24.9,Meeting
2023-07-23 07:14,2023-07-23 11:29,Business,Pune,Madurai,97.5,Errand/Supplies
2023-08-28 23:52,2023-08-29 01:36,Business,Faridabad,Meerut,8.6,Meeting
2023-12-24 13:13,2023-12-24 15:15,Business,Tiruchirappalli,Bangalore,3.5,Meal/Entertain
2023-03-07 09:47,2023-03-07 09:59,Personal,Vijayawada,Mysore,2.8,Errand/Supplies
2023-08-03 13:43,2023-08-03 17:52,Business,Vadodara,Raipur,27.0,Meal/Entertain
2023-01-12 18:50,2023-01-12 19:04,Business,Thiruvananthapuram,Ranchi,5.4,Meal/Entertain
2023-11-08 18:55,2023-11-08 20:56,Business,Chandigarh,Indore,12.1,Customer Visit
2023-09-01 03:21,2023-09-01 07:24,Business,Dhanbad,Kalyan,6.3,Meeting
2023-10-11 05:02,2023-10-11 05:20,Business,Patna,Hubli,2.3,Meeting
2023-05-26 06:14,2023-05-26 08:57,Business,Coimbatore,Delhi,14.5,Errand/Supplies
2023-03-29 10:55,2023-03-29 12:51,Personal,Aurangabad,Kota,8.2,Temporary Site
2023-02-05 12:57,2023-02-05 13:26,Business,Chennai,Bhopal,6.7,Meal/Entertain
2023-12-07 15:10,2023-12-07 18:12,Personal,Visakhapatnam,Dhanbad,12.4,Errand/Supplies
2023-05-22 06:00,2023-05-22 07:18,Business,Nashik,Delhi,10.5,Office Commute
2023-09-27 10:58,2023-09-27 15:33,Business,Aurangabad,Varanasi,12.3,Errand/Supplies
2023-11-27 14:22,2023-11-27 16:07,Business,Kota,Nagpur,2.1,Site Inspection
2023-05-08 05:57,2023-05-08 08:36,Business,Noida,Varanasi,21.2,Office Commute
2023-07-21 22:02,2023-07-21 22:59,Personal,Jodhpur,Raipur,8.9,Meeting
2023-02-04 22:46,2023-02-05 01:02,Business,Gwalior,Patna,10.3,Errand/Supplies
2023-07-08 02:48,2023-07-08 05:55,Business,Ludhiana,Kanpur,77.6,Errand/Supplies
2023-04-17 16:02,2023-04-17 16:14,Personal,Thiruvananthapuram,Hyderabad,3.1,Office Commute
2023-07-15 10:47,2023-07-15 11:58,Business,Aurangabad,Patna,11.4,Meal/Entertain
2023-03-11 10:42,2023-03-11 12:51,Personal,Kalyan,Allahabad,2.4,Delivery Task
2023-08-13 04:30,2023-08-13 05:31,Personal,Kota,Aurangabad,10.1,Meeting
2023-05-31 03:34,2023-05-31 04:22,Business,Chennai,Vasai,2.2,Meeting
2023-03-20 14:22,2023-03-20 16:06,Business,Aurangabad,Raipur,38.7,Meeting
2023-08-15 22:03,2023-08-16 00:02,Business,Solapur,Allahabad,33.7,Office Commute
2023-01-03 01:49,2023-01-03 05:10,Business,Jodhpur,Ranchi,1.5,Errand/Supplies
2023-02-16 00:26,2023-02-16 00:34,Business,Delhi,Ghaziabad,4.2,Errand/Supplies
2023-04-23 03:51,2023-04-23 04:32,Business,Indore,Varanasi,10.3,Errand/Supplies
2023-06-15 17:40,2023-06-15 19:23,Business,Allahabad,Kanpur,12.4,Meeting
2023-04-29 06:06,2023-04-29 07:41,Business,Dhanbad,Mumbai,6.9,Errand/Supplies
2023-07-19 06:29,2023-07-19 06:47,Personal,Coimbatore,Agra,5.3,Office Commute
2023-01-23 02:56,2023-01-23 04:07,Business,Raipur,Varanasi,9.7,Errand/Supplies
2023-02-22 22:34,2023-02-23 00:30,Business,Hubli,Thiruvananthapuram,14.8,Meeting
2023-12-23 12:43,2023-12-23 13:54,Business,Guwahati,Bengaluru,14.7,Site Inspection
2023-12-08 15:04,2023-12-08 16:26,Business,Coimbatore,Patna,39.1,Site Inspection
2023-04-30 16:37,2023-04-30 16:56,Business,Navi Mumbai,Nashik,8.1,Meeting
2023-05-02 23:27,2023-05-03 00:25,Personal,Ahmedabad,Noida,19.4,Meeting
2023-03-19 12:13,2023-03-19 12:30,Business,Amritsar,Bhubaneswar,5.0,Meeting
2023-06-18 04:17,2023-06-18 09:25,Business,Srinagar,Navi Mumbai,72.2,Errand/Supplies
2023-08-01 20:52,2023-08-01 21:22,Business,Tiruchirappalli,Thane,12.0,Customer Visit
2023-04-16 17:03,2023-04-16 18:53,Business,Faridabad,Vijayawada,27.1,Meeting
2023-08-15 20:00,2023-08-15 20:41,Business,Navi Mumbai,Visakhapatnam,5.4,Customer Visit
2023-04-15 04:05,2023-04-15 05:49,Business,Aurangabad,Delhi,14.9,Airport Drop
2023-09-17 02:27,2023-09-17 04:30,Business,Mysore,Vasai,22.2,Client Pickup
2023-11-07 07:19,2023-11-07 09:59,Business,Chennai,Srinagar,6.8,Errand/Supplies
2023-09-04 02:23,2023-09-04 04:25,Business,Kolkata,Patna,13.0,Meal/Entertain
2023-08-10 04:52,2023-08-10 05:13,Business,Chennai,Lucknow,8.0,Client Pickup
2023-06-03 19:34,2023-06-03 20:49,Business,Thane,Jodhpur,2.0,Client Pickup
2023-08-21 09:24,2023-08-21 13:44,Personal,Srinagar,Coimbatore,7.4,Client Pickup
2023-03-21 06:00,2023-03-21 06:23,Personal,Aurangabad,Indore,7.5,Customer Visit
2023-07-22 23:23,2023-07-23 01:55,Business,Srinagar,Jaipur,13.9,Temporary Site
2023-01-20 03:24,2023-01-20 06:34,Business,Hubli,Pune,53.6,Office Commute
2023-06-28 16:45,2023-06-28 20:01,Business,Delhi,Thane,4.4,Office Commute
2023-05-07 07:30,2023-05-07 08:09,Business,Ranchi,Amritsar,14.0,Meeting
2023-11-27 04:16,2023-11-27 07:31,Business,Patna,Solapur,10.7,Meeting
2023-12-06 05:00,2023-12-06 05:29,Personal,Chandigarh,Guwahati,9.0,Errand/Supplies
2023-10-28 02:33,2023-10-28 04:25,Business,Pune,Solapur,29.0,Meeting
2023-09-14 17:42,2023-09-14 20:33,Business,Chennai,Vasai,10.6,Office Commute
2023-02-15 03:40,2023-02-15 07:02,Business,Hubli,Srinagar,13.2,Meeting
2023-07-23 22:19,2023-07-23 22:28,Business,Varanasi,Chandigarh,3.8,Meal/Entertain
2023-12-23 13:33,2023-12-23 16:25,Business,Varanasi,Ludhiana,1.8,Office Commute
2023-04-06 22:08,2023-04-06 23:16,Business,Howrah,Srinagar,3.3,Meal/Entertain
2023-04-19 05:12,2023-04-19 06:24,Personal,Coimbatore,Madurai,30.8,Customer Visit
2023-07-29 14:40,2023-07-29 16:04,Business,Vadodara,Thane,14.8,Meeting
2023-03-05 08:04,2023-03-05 08:16,Business,Patna,Chennai,2.0,Meeting
2023-02-21 00:03,2023-02-21 00:24,Business,Nashik,Ghaziabad,10.4,Delivery Task
2023-04-19 16:50,2023-04-19 17:29,Business,Raipur,Nashik,16.6,Meeting
2023-09-06 15:48,2023-09-06 21:18,Business,Navi Mumbai,Meerut,88.0,Errand/Supplies
2023-06-11 07:23,2023-06-11 09:25,Business,Kochi,Indore,13.4,Meeting
2023-02-21 00:29,2023-02-21 06:41,Business,Noida,Amritsar,93.6,Customer Visit
2023-09-29 08:44,2023-09-29 10:23,Business,Vasai,Bhubaneswar,2.5,Site Inspection
2023-09-21 13:42,2023-09-21 14:08,Business,Kolkata,Noida,13.2,Delivery Task
2023-01-24 23:20,2023-01-25 00:38,Business,Patna,Varanasi,9.8,Site Inspection
2023-02-11 11:27,2023-02-11 14:34,Business,Navi Mumbai,Ludhiana,9.5,Client Pickup
2023-05-31 19:12,2023-05-31 21:39,Personal,Vijayawada,Ranchi,40.7,Meal/Entertain
2023-03-07 15:50,2023-03-07 17:14,Personal,Nagpur,Tiruchirappalli,32.7,Errand/Supplies
2023-08-28 05:57,2023-08-28 09:44,Business,Vasai,Rajkot,99.3,Errand/Supplies
2023-03-29 21:44,2023-03-29 21:58,Business,Lucknow,Raipur,4.3,Meeting
2023-06-17 12:49,2023-06-17 14:13,Business,Kochi,Solapur,14.0,Customer Visit
2023-12-10 03:42,2023-12-10 05:18,Business,Srinagar,Guwahati,14.3,Client Pickup
2023-06-20 07:59,2023-06-20 08:56,Business,Patna,Srinagar,12.1,Meal/Entertain
2023-07-15 20:41,2023-07-16 00:46,Business,Pune,Indore,11.0,Meal/Entertain
2023-02-14 03:05,2023-02-14 05:41,Business,Vadodara,Faridabad,2.4,Errand/Supplies
2023-03-07 10:24,2023-03-07 11:34,Business,Delhi,Surat,35.1,Delivery Task
2023-07-18 13:20,2023-07-18 16:20,Business,Hubli,Amritsar,3.5,Errand/Supplies
2023-04-24 03:25,2023-04-24 03:51,Business,Tiruchirappalli,Bhubaneswar,9.3,Meeting
2023-06-01 07:31,2023-06-01 08:32,Business,Vijayawada,Kota,12.4,Office Commute
2023-12-26 01:38,2023-12-26 03:17,Business,Navi Mumbai,Howrah,10.2,Errand/Supplies
2023-12-28 18:30,2023-12-28 20:03,Personal,Madurai,Ranchi,15.0,Site Inspection
2023-06-20 04:52,2023-06-20 08:26,Business,Howrah,Solapur,53.0,Temporary Site
2023-04-02 15:46,2023-04-02 17:24,Business,Srinagar,Vadodara,11.2,Meal/Entertain
2023-01-12 17:25,2023-01-12 19:54,Business,Varanasi,Raipur,20.7,Meeting
2023-07-20 02:33,2023-07-20 06:40,Business,Rajkot,Lucknow,87.8,Customer Visit
2023-02-19 04:20,2023-02-19 05:47,Business,Ranchi,Delhi,34.2,Delivery Task
2023-12-23 15:18,2023-12-23 15:49,Personal,Kota,Pune,2.8,Airport Drop
2023-01-05 11:46,2023-01-05 13:59,Business,Dhanbad,Vadodara,40.8,Site Inspection
2023-08-07 21:53,2023-08-07 23:55,Business,Rajkot,Tiruchirappalli,57.5,Client Pickup
2023-01-27 03:32,2023-01-27 08:01,Business,Bengaluru,Jabalpur,59.0,Client Pickup
2023-01-18 03:15,2023-01-18 05:33,Business,Kochi,Chandigarh,6.5,Site Inspection
2023-07-12 22:50,2023-07-12 23:45,Personal,Hubli,Ranchi,3.2,Meeting
2023-11-20 20:28,2023-11-20 21:26,Business,Kota,Visakhapatnam,28.4,Delivery Task
2023-09-18 07:01,2023-09-18 12:13,Business,Bhopal,Bangalore,9.9,Site Inspection
2023-10-31 05:24,2023-10-31 08:14,Business,Lucknow,Gwalior,2.1,Errand/Supplies
2023-06-16 02:45,2023-06-16 04:24,Business,Ranchi,Kochi,2.6,Meal/Entertain
2023-10-02 16:31,2023-10-02 18:01,Business,Kalyan,Varanasi,28.8,Errand/Supplies
2023-11-30 03:48,2023-11-30 05:36,Business,Vasai,Nashik,12.4,Customer Visit
2023-01-03 17:28,2023-01-03 19:17,Business,Bhopal,Coimbatore,39.4,Site Inspection
2023-02-14 17:16,2023-02-14 17:38,Personal,Allahabad,Bhubaneswar,10.1,Errand/Supplies
2023-03-29 13:42,2023-03-29 14:12,Personal,Bhopal,Madurai,14.5,Airport Drop
2023-05-31 21:34,2023-05-31 23:15,Business,Hubli,Allahabad,33.2,Delivery Task
2023-06-30 19:34,2023-06-30 21:37,Business,Nagpur,Ludhiana,8.2,Meeting
2023-01-19 06:09,2023-01-19 07:09,Personal,Ranchi,Bengaluru,1.4,Customer Visit
2023-05-23 04:46,2023-05-23 05:23,Personal,Bhubaneswar,Navi Mumbai,9.2,Site Inspection
2023-03-25 12:29,2023-03-25 13:05,Business,Mysore,Guwahati,10.0,Site Inspection
2023-04-15 02:40,2023-04-15 04:09,Business,Rajkot,Kochi,20.1,Customer Visit
2023-09-19 19:10,2023-09-19 23:00,Business,Solapur,Jaipur,10.0,Site Inspection
2023-01-14 19:15,2023-01-14 21:55,Business,Chandigarh,Hyderabad,71.7,Customer Visit
2023-02-03 10:40,2023-02-03 11:20,Business,Bhopal,Mumbai,8.6,Airport Drop
2023-04-26 08:00,2023-04-26 08:50,Business,Indore,Thiruvananthapuram,13.1,Meeting
2023-03-05 05:33,2023-03-05 11:01,Business,Faridabad,Jodhpur,89.1,Errand/Supplies
2023-12-25 18:55,2023-12-25 21:32,Personal,Varanasi,Vadodara,8.3,Meal/Entertain
2023-06-12 12:11,2023-06-12 15:09,Business,Gwalior,Navi Mumbai,1.5,Delivery Task
2023-07-26 15:37,2023-07-26 16:36,Business,Tiruchirappalli,Mumbai,13.3,Delivery Task
2023-03-06 04:24,2023-03-06 06:46,Business,Agra,Rajkot,3.0,Client Pickup
2023-05-08 21:38,2023-05-09 00:50,Business,Amritsar,Srinagar,6.1,Meeting
2023-08-28 16:18,2023-08-28 18:18,Business,Kota,Coimbatore,5.8,Client Pickup
2023-06-06 20:54,2023-06-06 22:40,Business,Meerut,Solapur,43.5,Meeting
2023-02-10 02:46,2023-02-10 03:14,Business,Kanpur,Thiruvananthapuram,2.1,Airport Drop
2023-10-11 15:51,2023-10-11 16:19,Business,Chennai,Nagpur,11.4,Airport Drop
2023-09-12 16:43,2023-09-12 18:25,Personal,Rajkot,Madurai,19.9,Office Commute
2023-01-04 22:27,2023-01-05 01:50,Business,Kalyan,Agra,13.7,Customer Visit
2023-09-28 21:38,2023-09-28 22:24,Business,Ghaziabad,Surat,13.9,Errand/Supplies
2023-09-26 07:11,2023-09-26 08:00,Business,Kolkata,Chennai,13.3,Meeting
2023-08-05 15:24,2023-08-05 16:39,Business,Vasai,Bhubaneswar,14.3,Meeting
2023-10-04 03:18,2023-10-04 06:08,Personal,Bhopal,Indore,23.8,Delivery Task
2023-10-19 12:13,2023-10-19 14:46,Business,Howrah,Guwahati,11.3,Delivery Task
2023-09-07 01:22,2023-09-07 03:01,Business,Varanasi,Allahabad,46.2,Meal/Entertain
2023-04-06 12:22,2023-04-06 12:28,Business,Indore,Hubli,0.9,Customer Visit
2023-03-20 13:07,2023-03-20 13:24,Business,Kochi,Ludhiana,8.3,Office Commute
2023-07-22 11:19,2023-07-22 13:16,Business,Chandigarh,Thiruvananthapuram,4.0,Meeting
2023-08-13 21:53,2023-08-13 23:11,Business,Coimbatore,Mumbai,18.9,Meal/Entertain
2023-12-30 06:07,2023-12-30 07:13,Business,Bhubaneswar,Jabalpur,15.3,Meal/Entertain
2023-01-17 05:42,2023-01-17 07:05,Personal,Allahabad,Bhubaneswar,11.4,Site Inspection
2023-09-11 21:45,2023-09-11 22:41,Business,Raipur,Gwalior,7.7,Site Inspection
2023-07-19 04:07,2023-07-19 06:02,Business,Thane,Thiruvananthapuram,32.6,Customer Visit
2023-12-17 07:03,2023-12-17 09:07,Business,Ahmedabad,Bhubaneswar,7.9,Office Commute
2023-05-25 15:05,2023-05-25 16:23,Personal,Navi Mumbai,Surat,7.6,Office Commute
2023-05-24 03:55,2023-05-24 05:41,Business,Noida,Chandigarh,21.6,Office Commute
2023-02-22 22:46,2023-02-23 00:33,Business,Raipur,Varanasi,7.5,Site Inspection
2023-04-28 03:08,2023-04-28 03:36,Business,Delhi,Vijayawada,9.8,Customer Visit
2023-11-12 06:05,2023-11-12 07:29,Business,Gwalior,Delhi,30.0,Office Commute
2023-04-29 07:21,2023-04-29 09:42,Business,Kanpur,Meerut,9.8,Office Commute
2023-02-26 08:23,2023-02-26 09:57,Business,Amritsar,Madurai,1.5,Office Commute
2023-04-04 01:00,2023-04-04 01:47,Personal,Solapur,Kanpur,13.5,Client Pickup
2023-02-21 13:11,2023-02-21 15:43,Business,Dhanbad,Howrah,13.7,Customer Visit
2023-01-07 21:35,2023-01-07 22:22,Business,Jaipur,Indore,2.2,Airport Drop
2023-10-29 16:38,2023-10-29 19:00,Business,Jaipur,Surat,41.0,Customer Visit
2023-02-24 04:40,2023-02-24 04:57,Business,Pune,Gwalior,6.3,Meeting
2023-08-17 03:04,2023-08-17 06:42,Business,Nashik,Pune,21.8,Meeting
2023-10-01 23:09,2023-10-01 23:36,Business,Hubli,Srinagar,11.6,Meal/Entertain
2023-10-14 11:57,2023-10-14 13:59,Business,Delhi,Kanpur,4.4,Customer Visit
2023-09-05 13:33,2023-09-05 13:58,Business,Patna,Solapur,7.0,Meal/Entertain
2023-05-29 01:36,2023-05-29 02:17,Business,Chennai,Navi Mumbai,14.5,Meeting
2023-09-20 02:10,2023-09-20 05:43,Personal,Surat,Varanasi,10.5,Meeting
2023-11-07 08:13,2023-11-07 08:25,Business,Madurai,Jodhpur,6.3,Airport Drop
2023-09-20 14:32,2023-09-20 17:05,Business,Chennai,Nagpur,10.7,Meeting
2023-10-10 03:10,2023-10-10 03:36,Business,Hubli,Vijayawada,10.9,Meal/Entertain
2023-05-23 04:17,2023-05-23 04:51,Personal,Mumbai,Ghaziabad,9.9,Meal/Entertain
2023-06-27 20:38,2023-06-27 22:06,Business,Varanasi,Dhanbad,0.8,Site Inspection
2023-03-10 13:57,2023-03-10 16:08,Business,Bangalore,Solapur,24.3,Site Inspection
2023-04-23 23:17,2023-04-24 01:16,Business,Amritsar,Patna,43.9,Delivery Task
2023-10-26 03:46,2023-10-26 06:59,Business,Ahmedabad,Mumbai,13.1,Office Commute
2023-04-16 14:14,2023-04-16 15:40,Business,Guwahati,Visakhapatnam,9.4,Errand/Supplies
2023-07-22 04:28,2023-07-22 06:27,Business,Dhanbad,Nashik,13.0,Office Commute
2023-02-17 15:11,2023-02-17 16:25,Business,Srinagar,Kochi,13.6,Meeting
2023-04-03 20:18,2023-04-03 20:44,Business,Varanasi,Visakhapatnam,8.9,Office Commute
2023-04-07 02:09,2023-04-07 03:54,Personal,Chennai,Coimbatore,39.1,Airport Drop
2023-02-21 23:33,2023-02-22 01:12,Personal,Ghaziabad,Kota,49.0,Office Commute
2023-01-07 20:59,2023-01-07 21:08,Business,Navi Mumbai,Bengaluru,1.1,Meeting
2023-11-18 19:00,2023-11-18 19:06,Business,Ghaziabad,Thiruvananthapuram,2.8,Office Commute
2023-02-13 06:08,2023-02-13 10:51,Business,Mumbai,Surat,44.9,Errand/Supplies
2023-09-03 04:15,2023-09-03 05:23,Personal,Nagpur,Kolkata,25.8,Customer Visit
2023-02-22 17:18,2023-02-22 18:15,Business,Patna,Mumbai,12.5,Customer Visit
2023-01-13 07:27,2023-01-13 08:31,Business,Vasai,Kanpur,13.8,Errand/Supplies
2023-12-17 12:43,2023-12-17 13:41,Business,Jabalpur,Pune,13.9,Meeting
2023-05-25 11:04,2023-05-25 12:02,Business,Chennai,Bhopal,14.4,Errand/Supplies
2023-04-02 13:33,2023-04-02 17:18,Personal,Jaipur,Bangalore,36.2,Client Pickup
2023-12-18 09:39,2023-12-18 11:35,Business,Coimbatore,Rajkot,13.5,Office Commute
2023-05-16 22:51,2023-05-17 00:07,Business,Bengaluru,Gwalior,38.2,Site Inspection
2023-03-17 12:28,2023-03-17 16:36,Business,Visakhapatnam,Chandigarh,20.2,Office Commute
2023-05-23 04:05,2023-05-23 05:05,Business,Aurangabad,Bhopal,14.4,Meal/Entertain
2023-08-06 15:44,2023-08-06 18:28,Business,Coimbatore,Thiruvananthapuram,5.3,Office Commute
2023-12-01 07:24,2023-12-01 10:08,Business,Tiruchirappalli,Patna,12.2,Meal/Entertain
2023-04-28 12:05,2023-04-28 14:35,Business,Ludhiana,Mumbai,8.4,Errand/Supplies
2023-12-26 02:15,2023-12-26 02:37,Business,Nagpur,Thiruvananthapuram,11.4,Meal/Entertain
2023-03-10 03:03,2023-03-10 04:52,Personal,Dhanbad,Vijayawada,8.7,Meal/Entertain
2023-08-24 04:53,2023-08-24 09:08,Business,Vijayawada,Visakhapatnam,20.0,Meeting
2023-03-12 03:44,2023-03-12 05:06,Business,Ghaziabad,Dhanbad,17.0,Customer Visit
2023-01-28 22:06,2023-01-28 22:49,Business,Srinagar,Ahmedabad,6.8,Client Pickup
2023-07-07 04:05,2023-07-07 04:56,Business,Vasai,Navi Mumbai,16.2,Errand/Supplies
2023-04-04 15:47,2023-04-04 17:53,Business,Agra,Nagpur,29.6,Meeting
2023-08-16 20:44,2023-08-16 21:10,Business,Ranchi,Hubli,11.1,Errand/Supplies
2023-11-06 05:32,2023-11-06 05:52,Business,Bhopal,Chandigarh,9.9,Errand/Supplies
2023-08-21 17:45,2023-08-21 20:21,Business,Kalyan,Vasai,14.3,Temporary Site
2023-05-20 02:33,2023-05-20 03:33,Business,Hubli,Solapur,14.0,Customer Visit
2023-07-20 05:52,2023-07-20 06:36,Personal,Surat,Dhanbad,1.6,Customer Visit
2023-11-25 12:52,2023-11-25 13:44,Business,Varanasi,Ranchi,5.2,Meal/Entertain
2023-05-19 03:06,2023-05-19 03:42,Business,Amritsar,Vadodara,6.8,Airport Drop
2023-05-25 05:34,2023-05-25 06:10,Business,Navi Mumbai,Thiruvananthapuram,16.1,Delivery Task
2023-04-07 17:12,2023-04-07 17:46,Business,Dhanbad,Navi Mumbai,13.7,Meeting
2023-10-16 15:02,2023-10-16 17:48,Business,Gwalior,Bangalore,78.2,Client Pickup
2023-05-25 12:32,2023-05-25 13:23,Business,Bangalore,Hubli,5.9,Meal/Entertain
2023-12-26 21:06,2023-12-27 00:28,Business,Thane,Kalyan,49.1,Meal/Entertain
2023-03-18 00:37,2023-03-18 03:03,Business,Surat,Madurai,12.3,Customer Visit
2023-03-19 21:29,2023-03-19 22:59,Business,Nashik,Visakhapatnam,25.2,Errand/Supplies
2023-12-15 20:09,2023-12-15 21:20,Business,Bangalore,Solapur,3.9,Meal/Entertain
2023-06-24 14:50,2023-06-24 15:49,Business,Meerut,Srinagar,8.2,Delivery Task
2023-01-21 22:49,2023-01-22 00:18,Personal,Howrah,Jaipur,14.2,Meeting
2023-10-18 20:31,2023-10-18 21:50,Personal,Dhanbad,Noida,14.4,Client Pickup
2023-02-14 15:06,2023-02-14 17:17,Business,Agra,Chandigarh,25.9,Customer Visit
2023-07-06 11:05,2023-07-06 11:25,Business,Chennai,Howrah,4.8,Meal/Entertain
2023-05-12 14:41,2023-05-12 15:25,Business,Solapur,Thiruvananthapuram,14.8,Meal/Entertain
2023-07-25 13:54,2023-07-25 15:16,Business,Nagpur,Ludhiana,13.0,Customer Visit
2023-07-11 02:43,2023-07-11 06:28,Business,Jaipur,Madurai,48.3,Customer Visit
2023-01-22 19:41,2023-01-22 21:35,Business,Kolkata,Guwahati,49.7,Delivery Task
2023-02-23 09:24,2023-02-23 10:42,Personal,Ranchi,Varanasi,3.0,Client Pickup
2023-08-25 21:05,2023-08-25 23:16,Personal,Kalyan,Vijayawada,6.3,Customer Visit
2023-02-25 02:11,2023-02-25 03:33,Personal,Kota,Pune,12.4,Meeting
2023-02-03 10:21,2023-02-03 11:28,Business,Kalyan,Thiruvananthapuram,6.5,Meal/Entertain
2023-01-20 17:09,2023-01-20 17:55,Business,Ranchi,Surat,4.8,Meeting
2023-11-04 12:03,2023-11-04 13:58,Business,Patna,Dhanbad,1.2,Client Pickup
2023-12-17 13:17,2023-12-17 14:28,Business,Lucknow,Dhanbad,13.1,Meeting
2023-06-02 22:28,2023-06-03 00:55,Personal,Bangalore,Chandigarh,6.6,Office Commute
2023-01-28 02:57,2023-01-28 05:07,Business,Dhanbad,Raipur,21.5,Office Commute
2023-08-03 15:30,2023-08-03 17:03,Business,Thane,Hubli,5.8,Errand/Supplies
2023-07-19 00:35,2023-07-19 01:05,Personal,Ranchi,Kochi,10.6,Meal/Entertain
2023-12-07 23:47,2023-12-07 23:55,Business,Srinagar,Raipur,2.9,Site Inspection
2023-06-12 03:50,2023-06-12 06:02,Business,Chandigarh,Kota,32.5,Meeting
2023-03-06 20:28,2023-03-06 20:44,Business,Meerut,Srinagar,7.2,Meeting
2023-10-07 05:38,2023-10-07 08:55,Business,Dhanbad,Surat,71.0,Customer Visit
2023-10-23 00:23,2023-10-23 03:44,Business,Jabalpur,Dhanbad,98.5,Delivery Task
2023-09-13 20:29,2023-09-13 22:53,Business,Hubli,Madurai,19.5,Meal/Entertain
2023-06-21 03:59,2023-06-21 05:13,Business,Jabalpur,Vasai,8.2,Office Commute
2023-10-05 13:24,2023-10-05 15:33,Business,Kochi,Jaipur,9.2,Meal/Entertain
2023-02-20 02:51,2023-02-20 04:31,Personal,Patna,Howrah,47.8,Customer Visit
2023-09-12 23:48,2023-09-13 00:52,Business,Pune,Ahmedabad,6.6,Customer Visit
2023-12-08 09:54,2023-12-08 11:12,Business,Patna,Kolkata,12.2,Meeting
2023-04-11 15:07,2023-04-11 17:17,Business,Faridabad,Thiruvananthapuram,6.2,Meal/Entertain
2023-07-22 00:23,2023-07-22 01:50,Business,Kanpur,Varanasi,11.9,Client Pickup
2023-08-01 21:15,2023-08-01 22:09,Personal,Howrah,Gwalior,24.3,Client Pickup
2023-09-23 23:38,2023-09-24 01:27,Personal,Allahabad,Agra,12.0,Meal/Entertain
2023-07-20 06:39,2023-07-20 08:56,Personal,Chennai,Nagpur,62.1,Meal/Entertain
2023-07-19 23:11,2023-07-20 01:00,Personal,Vadodara,Nagpur,14.1,Delivery Task
2023-03-06 16:07,2023-03-06 19:32,Business,Meerut,Chennai,2.2,Delivery Task
2023-10-11 05:20,2023-10-11 05:40,Business,Vasai,Thane,4.5,Meal/Entertain
2023-10-31 04:01,2023-10-31 05:00,Business,Bangalore,Ahmedabad,9.7,Temporary Site
2023-08-21 20:40,2023-08-21 21:49,Business,Nagpur,Jodhpur,11.2,Office Commute
2023-10-02 07:46,2023-10-02 11:54,Personal,Ghaziabad,Pune,25.5,Meal/Entertain
2023-03-15 20:01,2023-03-15 20:13,Business,Guwahati,Raipur,2.0,Site Inspection
2023-05-15 05:05,2023-05-15 05:41,Personal,Kota,Navi Mumbai,2.8,Delivery Task
2023-02-21 15:50,2023-02-21 16:47,Business,Vijayawada,Jaipur,22.4,Delivery Task
2023-12-18 13:24,2023-12-18 17:53,Business,Aurangabad,Ludhiana,53.9,Meeting
2023-04-02 21:36,2023-04-02 21:49,Business,Kolkata,Vadodara,5.0,Office Commute
2023-10-07 00:10,2023-10-07 02:39,Business,Indore,Jabalpur,9.5,Office Commute
2023-09-23 16:48,2023-09-23 17:31,Business,Bhopal,Delhi,8.4,Meeting
2023-06-17 04:14,2023-06-17 05:07,Business,Visakhapatnam,Jaipur,3.9,Airport Drop
2023-02-17 11:45,2023-02-17 14:30,Business,Ranchi,Bhubaneswar,7.6,Meeting
2023-07-24 06:16,2023-07-24 07:41,Business,Kota,Surat,30.3,Errand/Supplies
2023-07-21 03:37,2023-07-21 05:08,Personal,Rajkot,Vijayawada,24.9,Meal/Entertain
2023-08-17 13:38,2023-08-17 17:27,Business,Tiruchirappalli,Dhanbad,74.4,Meal/Entertain
2023-10-18 11:23,2023-10-18 12:04,Business,Noida,Bengaluru,6.9,Client Pickup
2023-07-29 09:38,2023-07-29 14:43,Business,Chennai,Allahabad,62.7,Meeting
2023-08-08 05:22,2023-08-08 06:04,Business,Kalyan,Ahmedabad,12.3,Meeting
2023-06-10 03:00,2023-06-10 03:07,Business,Dhanbad,Raipur,2.9,Office Commute
2023-06-14 07:35,2023-06-14 08:16,Business,Solapur,Indore,8.9,Meal/Entertain
2023-10-15 08:45,2023-10-15 09:28,Business,Howrah,Navi Mumbai,3.9,Site Inspection
2023-06-13 06:12,2023-06-13 06:51,Personal,Pune,Kanpur,7.0,Meeting
2023-03-05 14:10,2023-03-05 19:03,Business,Ludhiana,Allahabad,71.1,Errand/Supplies
2023-11-26 18:00,2023-11-26 19:21,Business,Jodhpur,Ghaziabad,4.8,Airport Drop
2023-10-01 16:02,2023-10-01 20:30,Personal,Bhubaneswar,Vasai,51.9,Delivery Task
2023-08-01 23:19,2023-08-02 01:05,Business,Ahmedabad,Aurangabad,12.6,Errand/Supplies
2023-06-10 15:39,2023-06-10 16:08,Business,Thane,Jabalpur,8.7,Meal/Entertain
2023-11-25 03:53,2023-11-25 09:00,Business,Hubli,Ranchi,74.7,Errand/Supplies
2023-03-13 03:20,2023-03-13 04:42,Business,Bengaluru,Ahmedabad,12.5,Meal/Entertain
2023-07-08 17:00,2023-07-08 17:43,Business,Chennai,Bangalore,13.6,Site Inspection
2023-02-08 08:21,2023-02-08 09:58,Business,Tiruchirappalli,Allahabad,14.2,Customer Visit
2023-03-03 04:20,2023-03-03 06:45,Business,Ranchi,Chennai,35.5,Meeting
2023-09-25 16:15,2023-09-25 20:39,Business,Vijayawada,Kanpur,10.3,Meeting
2023-09-05 07:05,2023-09-05 10:32,Personal,Raipur,Ludhiana,66.1,Meal/Entertain
2023-05-05 21:41,2023-05-05 23:34,Personal,Solapur,Bangalore,12.7,Temporary Site
2023-04-21 14:52,2023-04-21 15:45,Business,Aurangabad,Ludhiana,1.0,Temporary Site
2023-09-28 16:54,2023-09-28 18:37,Business,Ludhiana,Bengaluru,12.4,Airport Drop
2023-02-24 04:14,2023-02-24 06:17,Business,Solapur,Kota,12.8,Errand/Supplies
2023-07-24 06:04,2023-07-24 07:59,Personal,Kolkata,Visakhapatnam,3.7,Delivery Task
2023-11-28 03:09,2023-11-28 07:19,Personal,Chennai,Rajkot,13.2,Errand/Supplies
2023-08-24 05:17,2023-08-24 05:37,Business,Bengaluru,Surat,1.0,Customer Visit
2023-10-09 02:22,2023-10-09 03:25,Business,Raipur,Meerut,4.6,Meal/Entertain
2023-01-28 14:17,2023-01-28 14:58,Business,Chandigarh,Kalyan,8.0,Meal/Entertain
2023-04-10 09:12,2023-04-10 10:25,Business,Amritsar,Pune,14.0,Client Pickup
2023-08-10 03:43,2023-08-10 04:18,Business,Navi Mumbai,Gwalior,7.8,Meeting
2023-01-19 18:17,2023-01-19 18:38,Business,Ghaziabad,Bhopal,1.6,Delivery Task
2023-12-25 22:25,2023-12-26 00:31,Business,Mumbai,Bengaluru,13.3,Errand/Supplies
2023-05-18 15:13,2023-05-18 17:10,Personal,Bengaluru,Faridabad,45.8,Client Pickup
2023-01-02 03:11,2023-01-02 07:33,Business,Jabalpur,Patna,9.3,Office Commute
2023-03-29 10:43,2023-03-29 12:11,Business,Surat,Hubli,39.1,Office Commute
2023-01-07 21:30,2023-01-07 23:35,Business,Coimbatore,Indore,20.0,Site Inspection
2023-03-29 21:48,2023-03-30 01:05,Business,Ahmedabad,Coimbatore,94.0,Meal/Entertain
2023-05-07 15:07,2023-05-07 15:48,Business,Jabalpur,Lucknow,7.7,Meeting
2023-04-27 16:32,2023-04-27 16:59,Business,Ahmedabad,Nagpur,4.9,Airport Drop
2023-06-21 14:31,2023-06-21 17:14,Business,Thiruvananthapuram,Bengaluru,12.2,Errand/Supplies
2023-01-07 11:19,2023-01-07 13:43,Business,Guwahati,Raipur,6.0,Meeting
2023-11-02 15:07,2023-11-02 18:52,Personal,Thiruvananthapuram,Raipur,46.6,Meal/Entertain
2023-04-23 21:09,2023-04-23 23:45,Business,Srinagar,Patna,14.7,Meal/Entertain
2023-08-09 11:13,2023-08-09 11:46,Business,Ahmedabad,Ghaziabad,10.7,Meeting
2023-11-17 21:34,2023-11-18 01:27,Business,Jodhpur,Patna,4.7,Delivery Task
2023-06-19 12:37,2023-06-19 14:07,Business,Meerut,Coimbatore,10.4,Office Commute
2023-06-25 19:07,2023-06-25 22:46,Business,Hubli,Delhi,8.2,Client Pickup
2023-05-28 03:00,2023-05-28 07:14,Business,Kota,Nagpur,89.6,Meal/Entertain
2023-11-16 17:42,2023-11-16 18:49,Business,Kota,Rajkot,14.5,Office Commute
2023-08-21 01:13,2023-08-21 01:54,Personal,Ludhiana,Howrah,5.0,Meal/Entertain
2023-12-05 00:03,2023-12-05 00:51,Business,Amritsar,Ludhiana,6.9,Site Inspection
2023-10-15 04:05,2023-10-15 05:46,Personal,Jabalpur,Howrah,32.6,Delivery Task
2023-05-29 07:02,2023-05-29 11:27,Business,Srinagar,Delhi,13.8,Errand/Supplies
2023-08-05 12:57,2023-08-05 14:27,Business,Jabalpur,Ghaziabad,37.3,Office Commute
2023-12-14 10:51,2023-12-14 11:33,Business,Hubli,Navi Mumbai,8.8,Customer Visit
2023-06-06 02:19,2023-06-06 06:22,Business,Guwahati,Bhubaneswar,3.6,Meeting
2023-08-12 03:08,2023-08-12 07:20,Business,Mumbai,Coimbatore,13.2,Temporary Site
2023-07-03 14:22,2023-07-03 16:42,Personal,Ranchi,Hyderabad,10.5,Meeting
2023-08-04 02:48,2023-08-04 03:43,Business,Kanpur,Kota,8.7,Office Commute
2023-11-14 17:57,2023-11-14 20:39,Business,Tiruchirappalli,Ghaziabad,6.1,Office Commute
2023-12-10 00:29,2023-12-10 05:03,Business,Amritsar,Thane,19.5,Meeting
2023-11-29 03:21,2023-11-29 04:22,Business,Vasai,Amritsar,4.6,Customer Visit
2023-02-01 03:47,2023-02-01 04:25,Business,Howrah,Nagpur,5.5,Delivery Task
2023-09-11 04:14,2023-09-11 05:09,Personal,Ranchi,Dhanbad,8.8,Office Commute
2023-09-06 19:44,2023-09-06 21:33,Business,Patna,Hubli,47.8,Customer Visit
2023-09-24 03:15,2023-09-24 03:54,Personal,Aurangabad,Agra,13.3,Office Commute
2023-01-29 03:19,2023-01-29 06:23,Business,Lucknow,Ahmedabad,30.6,Site Inspection
2023-05-14 19:43,2023-05-14 23:47,Business,Coimbatore,Varanasi,12.8,Client Pickup
2023-01-12 05:09,2023-01-12 05:57,Business,Raipur,Noida,2.9,Errand/Supplies
2023-09-03 09:18,2023-09-03 10:02,Business,Madurai,Surat,3.6,Delivery Task
2023-12-24 03:29,2023-12-24 07:09,Personal,Ludhiana,Jaipur,6.4,Office Commute
2023-10-16 12:00,2023-10-16 12:22,Business,Kochi,Chandigarh,7.3,Temporary Site
2023-07-01 04:29,2023-07-01 05:44,Personal,Pune,Raipur,1.4,Customer Visit
2023-09-15 06:22,2023-09-15 10:07,Business,Agra,Chennai,13.0,Meeting
2023-12-02 23:36,2023-12-03 01:38,Business,Madurai,Aurangabad,2.9,Airport Drop
2023-12-04 09:59,2023-12-04 11:05,Business,Solapur,Vijayawada,24.8,Meeting
2023-11-07 21:11,2023-11-08 01:59,Personal,Vasai,Pune,14.5,Meeting
2023-06-15 18:37,2023-06-15 21:11,Business,Thiruvananthapuram,Raipur,2.6,Delivery Task
2023-03-23 07:06,2023-03-23 07:42,Business,Noida,Vasai,1.4,Meal/Entertain
2023-05-02 03:57,2023-05-02 05:38,Business,Rajkot,Lucknow,4.1,Client Pickup
2023-02-01 19:16,2023-02-01 22:32,Business,Jodhpur,Thane,96.0,Delivery Task
2023-11-07 20:53,2023-11-07 21:21,Business,Vijayawada,Surat,11.6,Customer Visit
2023-11-23 18:35,2023-11-23 19:12,Business,Hyderabad,Bengaluru,6.2,Site Inspection
2023-04-14 23:10,2023-04-15 02:47,Business,Guwahati,Ludhiana,4.9,Client Pickup
2023-01-13 20:42,2023-01-13 21:31,Business,Meerut,Vadodara,18.1,Errand/Supplies
2023-07-28 18:34,2023-07-28 19:00,Business,Allahabad,Vadodara,0.9,Site Inspection
2023-11-25 16:31,2023-11-25 18:30,Business,Coimbatore,Rajkot,46.9,Meal/Entertain
2023-11-13 17:54,2023-11-13 18:13,Business,Nagpur,Varanasi,5.8,Site Inspection
2023-10-19 02:08,2023-10-19 05:06,Business,Kolkata,Kochi,13.2,Client Pickup
2023-10-04 10:01,2023-10-04 11:51,Business,Bengaluru,Bhopal,1.5,Office Commute
2023-02-04 05:18,2023-02-04 06:13,Business,Howrah,Vasai,10.8,Client Pickup
2023-09-14 09:25,2023-09-14 11:34,Personal,Nagpur,Ghaziabad,47.6,Meeting
2023-05-15 20:01,2023-05-15 20:39,Business,Ranchi,Bhopal,14.1,Meeting
2023-01-31 04:13,2023-01-31 07:27,Business,Kanpur,Guwahati,13.4,Meal/Entertain
2023-09-10 02:51,2023-09-10 03:43,Business,Thane,Raipur,17.3,Errand/Supplies
2023-11-10 02:56,2023-11-10 08:13,Business,Jabalpur,Aurangabad,36.0,Errand/Supplies
2023-09-12 16:14,2023-09-12 18:41,Business,Bhubaneswar,Gwalior,18.7,Errand/Supplies
2023-04-27 00:59,2023-04-27 02:31,Business,Lucknow,Hubli,45.7,Client Pickup
2023-07-14 21:43,2023-07-14 22:58,Business,Thiruvananthapuram,Tiruchirappalli,33.7,Customer Visit
2023-03-06 13:44,2023-03-06 16:16,Business,Lucknow,Amritsar,6.2,Errand/Supplies
2023-07-08 11:12,2023-07-08 13:30,Business,Bhubaneswar,Bhopal,13.5,Errand/Supplies
2023-04-27 13:47,2023-04-27 14:28,Personal,Amritsar,Ghaziabad,9.2,Office Commute
2023-01-30 02:03,2023-01-30 03:46,Business,Vadodara,Agra,23.8,Office Commute
2023-12-02 07:18,2023-12-02 08:19,Business,Coimbatore,Howrah,5.8,Errand/Supplies
2023-05-09 17:13,2023-05-09 20:20,Business,Lucknow,Raipur,1.9,Meeting
2023-07-07 17:18,2023-07-07 18:36,Business,Vijayawada,Faridabad,5.1,Meal/Entertain
2023-06-27 13:45,2023-06-27 15:01,Business,Hyderabad,Ranchi,2.3,Delivery Task
2023-09-24 07:19,2023-09-24 10:35,Business,Bangalore,Dhanbad,44.5,Customer Visit
2023-01-19 07:44,2023-01-19 11:55,Business,Bhopal,Jaipur,42.6,Delivery Task
2023-01-18 08:17,2023-01-18 11:15,Business,Thane,Kota,51.2,Errand/Supplies
2023-07-16 15:01,2023-07-16 17:04,Business,Varanasi,Bangalore,12.9,Office Commute
2023-12-04 13:34,2023-12-04 14:05,Business,Kolkata,Allahabad,6.2,Errand/Supplies
2023-11-08 10:59,2023-11-08 13:29,Business,Allahabad,Mumbai,47.8,Meal/Entertain
2023-08-11 13:50,2023-08-11 14:21,Business,Thane,Ahmedabad,12.6,Customer Visit
2023-05-28 17:29,2023-05-28 23:08,Business,Mysore,Jodhpur,96.5,Meal/Entertain
2023-07-15 14:47,2023-07-15 15:51,Business,Srinagar,Nagpur,24.2,Delivery Task
2023-02-13 07:49,2023-02-13 11:56,Business,Agra,Gwalior,48.3,Meeting
2023-07-05 08:42,2023-07-05 09:04,Business,Indore,Nagpur,9.5,Delivery Task
2023-05-16 05:28,2023-05-16 05:42,Business,Bhopal,Hubli,5.4,Meeting
2023-09-03 20:54,2023-09-03 23:14,Business,Kolkata,Agra,14.5,Office Commute
2023-11-09 17:20,2023-11-09 17:53,Business,Kanpur,Amritsar,1.9,Meal/Entertain
2023-09-11 04:14,2023-09-11 05:21,Business,Coimbatore,Guwahati,24.7,Delivery Task
2023-12-02 01:11,2023-12-02 05:04,Business,Visakhapatnam,Noida,4.1,Office Commute
2023-02-01 22:16,2023-02-01 22:42,Business,Nashik,Hyderabad,11.0,Office Commute
2023-01-23 19:15,2023-01-23 20:36,Business,Rajkot,Vijayawada,27.4,Meal/Entertain
2023-05-02 06:20,2023-05-02 09:46,Business,Aurangabad,Madurai,8.1,Site Inspection
2023-08-07 09:09,2023-08-07 09:24,Personal,Vasai,Varanasi,1.8,Meeting
2023-11-30 11:30,2023-11-30 12:06,Business,Navi Mumbai,Tiruchirappalli,14.6,Delivery Task
2023-10-30 00:06,2023-10-30 02:17,Business,Chennai,Jaipur,14.0,Site Inspection
2023-10-25 22:22,2023-10-26 00:32,Business,Hyderabad,Madurai,41.0,Temporary Site
2023-07-15 20:05,2023-07-15 20:41,Business,Vasai,Nashik,11.1,Office Commute
2023-08-03 17:46,2023-08-03 21:36,Business,Nagpur,Madurai,81.5,Meeting
2023-09-24 14:20,2023-09-24 15:29,Business,Vadodara,Amritsar,10.2,Meal/Entertain
2023-05-05 11:14,2023-05-05 12:42,Business,Vasai,Nagpur,4.3,Delivery Task
2023-07-29 11:05,2023-07-29 13:42,Business,Surat,Bhopal,7.1,Client Pickup
2023-11-06 07:28,2023-11-06 09:41,Business,Madurai,Aurangabad,37.9,Office Commute
2023-10-03 07:49,2023-10-03 11:20,Personal,Nagpur,Varanasi,19.5,Meeting
2023-05-27 10:20,2023-05-27 10:39,Business,Nashik,Raipur,4.5,Customer Visit
2023-11-20 06:57,2023-11-20 10:32,Business,Kanpur,Madurai,78.8,Airport Drop
2023-10-11 22:59,2023-10-12 02:18,Personal,Agra,Chennai,4.5,Customer Visit
2023-01-13 22:10,2023-01-13 23:46,Business,Bengaluru,Bhubaneswar,44.2,Customer Visit
2023-08-05 11:08,2023-08-05 14:18,Business,Madurai,Visakhapatnam,6.3,Meeting
2023-06-22 18:38,2023-06-22 20:02,Business,Mysore,Ghaziabad,19.3,Office Commute
2023-08-18 13:40,2023-08-18 17:44,Business,Allahabad,Aurangabad,27.5,Meal/Entertain
2023-03-10 23:11,2023-03-11 00:08,Business,Vasai,Kochi,7.6,Meeting
2023-11-29 14:24,2023-11-29 16:28,Business,Chandigarh,Agra,6.1,Site Inspection
2023-02-19 07:19,2023-02-19 11:02,Business,Coimbatore,Madurai,24.8,Meeting
2023-09-18 13:18,2023-09-18 15:12,Business,Amritsar,Nagpur,8.3,Meal/Entertain
2023-04-18 13:33,2023-04-18 16:05,Business,Hyderabad,Thane,2.8,Meal/Entertain
2023-03-02 09:17,2023-03-02 11:18,Business,Noida,Hyderabad,4.8,Customer Visit
2023-11-07 03:59,2023-11-07 05:51,Business,Faridabad,Chennai,13.8,Office Commute
2023-09-18 05:01,2023-09-18 05:35,Business,Gwalior,Chandigarh,8.6,Meeting
2023-01-14 11:13,2023-01-14 13:54,Personal,Mumbai,Vadodara,7.7,Client Pickup
2023-08-21 09:58,2023-08-21 10:48,Personal,Kochi,Srinagar,2.6,Client Pickup
2023-09-10 08:05,2023-09-10 09:06,Personal,Solapur,Vijayawada,13.4,Customer Visit
2023-02-10 23:50,2023-02-11 01:34,Business,Srinagar,Raipur,5.8,Office Commute
2023-08-21 20:47,2023-08-21 21:35,Business,Aurangabad,Hyderabad,5.6,Airport Drop
2023-08-10 03:59,2023-08-10 07:08,Business,Solapur,Ranchi,13.9,Meeting
2023-11-17 01:40,2023-11-17 02:08,Business,Delhi,Vasai,12.7,Site Inspection
2023-12-11 06:16,2023-12-11 07:22,Business,Bhubaneswar,Nashik,14.2,Customer Visit
2023-03-09 06:40,2023-03-09 07:28,Business,Ludhiana,Varanasi,7.9,Errand/Supplies
2023-02-04 15:35,2023-02-04 17:35,Personal,Vijayawada,Srinagar,15.2,Office Commute
2023-07-14 20:37,2023-07-14 22:07,Business,Coimbatore,Allahabad,4.5,Customer Visit
2023-06-03 07:56,2023-06-03 10:28,Business,Jabalpur,Lucknow,14.4,Meal/Entertain
2023-10-06 15:18,2023-10-06 15:50,Business,Ludhiana,Tiruchirappalli,9.3,Errand/Supplies
2023-08-17 10:15,2023-08-17 11:43,Business,Bhopal,Thane,29.7,Office Commute
2023-06-27 22:25,2023-06-28 02:12,Personal,Coimbatore,Kota,83.0,Meeting
2023-12-18 07:01,2023-12-18 09:21,Personal,Vasai,Vadodara,36.1,Meal/Entertain
2023-02-01 17:49,2023-02-01 20:19,Business,Madurai,Dhanbad,42.4,Meeting
2023-08-06 12:16,2023-08-06 12:57,Business,Rajkot,Hyderabad,12.3,Customer Visit
2023-01-24 09:28,2023-01-24 10:43,Business,Ludhiana,Srinagar,9.8,Customer Visit
2023-02-26 19:39,2023-02-26 20:35,Personal,Nagpur,Chennai,11.9,Meeting
2023-07-14 02:49,2023-07-14 04:41,Business,Navi Mumbai,Mumbai,11.1,Errand/Supplies
2023-04-18 11:34,2023-04-18 11:59,Business,Thiruvananthapuram,Mysore,1.5,Meal/Entertain
2023-05-29 05:58,2023-05-29 07:44,Business,Vasai,Mumbai,11.0,Meeting
2023-01-07 01:54,2023-01-07 02:05,Business,Kanpur,Dhanbad,4.3,Meal/Entertain
2023-05-25 09:01,2023-05-25 10:54,Business,Madurai,Kalyan,16.6,Site Inspection
2023-03-05 12:41,2023-03-05 13:23,Personal,Thiruvananthapuram,Ranchi,4.7,Office Commute
2023-02-09 02:32,2023-02-09 04:07,Business,Varanasi,Surat,45.2,Meal/Entertain
2023-03-19 03:47,2023-03-19 05:48,Business,Agra,Surat,36.2,Meal/Entertain
2023-08-06 16:47,2023-08-06 18:21,Business,Vasai,Navi Mumbai,42.5,Customer Visit
2023-12-02 18:30,2023-12-02 19:53,Business,Gwalior,Kota,4.6,Errand/Supplies
2023-05-23 15:18,2023-05-23 19:50,Personal,Kochi,Bangalore,6.6,Client Pickup
2023-07-21 11:48,2023-07-21 12:58,Business,Ghaziabad,Jodhpur,7.9,Site Inspection
2023-04-29 14:23,2023-04-29 16:52,Personal,Kolkata,Faridabad,1.2,Errand/Supplies
2023-11-19 02:06,2023-11-19 03:37,Business,Bengaluru,Pune,2.8,Customer Visit
2023-02-12 04:25,2023-02-12 07:49,Personal,Dhanbad,Visakhapatnam,35.8,Site Inspection
2023-09-10 08:26,2023-09-10 10:00,Business,Srinagar,Vasai,4.1,Errand/Supplies
2023-11-03 13:55,2023-11-03 14:20,Business,Vasai,Chandigarh,10.6,Customer Visit
2023-10-07 15:20,2023-10-07 17:26,Business,Ranchi,Dhanbad,42.8,Client Pickup
2023-02-11 03:27,2023-02-11 04:08,Business,Kota,Solapur,8.7,Client Pickup
2023-03-04 05:12,2023-03-04 09:10,Personal,Bhubaneswar,Thane,8.2,Airport Drop
2023-11-17 16:31,2023-11-17 18:45,Business,Bhopal,Allahabad,32.4,Office Commute
2023-05-31 23:59,2023-06-01 02:17,Business,Kanpur,Kalyan,2.5,Office Commute
2023-03-26 04:18,2023-03-26 07:11,Business,Hyderabad,Noida,34.8,Office Commute
2023-11-06 08:30,2023-11-06 11:40,Business,Vadodara,Noida,68.6,Meeting
2023-03-11 05:33,2023-03-11 07:04,Business,Indore,Surat,44.8,Meeting
2023-01-03 09:44,2023-01-03 10:24,Business,Hyderabad,Kanpur,7.5,Airport Drop
2023-02-01 19:29,2023-02-01 19:48,Business,Ranchi,Bengaluru,5.5,Meeting
2023-11-18 00:59,2023-11-18 01:42,Business,Jabalpur,Patna,4.0,Meeting
2023-06-06 11:39,2023-06-06 13:44,Business,Howrah,Varanasi,30.0,Site Inspection
2023-10-31 04:06,2023-10-31 04:48,Business,Mysore,Mumbai,3.7,Errand/Supplies
2023-09-25 18:41,2023-09-25 20:10,Business,Coimbatore,Guwahati,2.6,Meal/Entertain
2023-11-12 21:58,2023-11-13 00:03,Business,Nagpur,Thiruvananthapuram,36.2,Office Commute
2023-02-16 19:09,2023-02-16 21:09,Business,Chennai,Agra,49.6,Meeting
2023-01-27 04:32,2023-01-27 06:25,Business,Lucknow,Visakhapatnam,1.9,Meal/Entertain
2023-03-02 07:35,2023-03-02 09:26,Business,Raipur,Lucknow,7.9,Delivery Task
2023-09-25 10:33,2023-09-25 12:06,Business,Thiruvananthapuram,Jodhpur,27.5,Customer Visit
2023-05-23 22:09,2023-05-24 03:46,Business,Vasai,Dhanbad,97.2,Errand/Supplies
2023-03-03 17:57,2023-03-03 20:51,Business,Kolkata,Ludhiana,4.4,Office Commute
2023-08-27 21:22,2023-08-27 22:28,Business,Jabalpur,Coimbatore,6.0,Meeting
2023-04-08 12:23,2023-04-08 15:32,Business,Noida,Mysore,47.2,Errand/Supplies
2023-01-03 18:19,2023-01-03 18:59,Personal,Agra,Delhi,8.3,Office Commute
2023-05-20 01:41,2023-05-20 03:48,Business,Jaipur,Guwahati,1.0,Meeting
2023-05-21 20:03,2023-05-21 23:08,Business,Kalyan,Allahabad,85.2,Meeting
2023-11-20 14:31,2023-11-20 17:10,Business,Visakhapatnam,Solapur,49.9,Meeting
2023-02-23 01:23,2023-02-23 01:59,Business,Surat,Visakhapatnam,8.5,Meal/Entertain
2023-03-09 02:26,2023-03-09 03:15,Business,Solapur,Chandigarh,21.3,Site Inspection
2023-10-06 08:54,2023-10-06 11:09,Business,Kolkata,Patna,26.1,Customer Visit
2023-06-12 22:10,2023-06-13 00:47,Business,Noida,Surat,12.7,Meeting
2023-12-09 01:04,2023-12-09 03:06,Business,Agra,Raipur,12.7,Meeting
2023-08-16 01:17,2023-08-16 03:21,Business,Madurai,Chandigarh,18.0,Temporary Site
2023-01-02 09:17,2023-01-02 12:38,Business,Madurai,Kanpur,11.4,Office Commute
2023-02-14 18:59,2023-02-14 19:46,Business,Bhopal,Indore,12.7,Meeting
2023-06-12 18:40,2023-06-12 18:50,Business,Bhopal,Bangalore,2.0,Customer Visit
2023-02-11 23:15,2023-02-12 00:15,Personal,Tiruchirappalli,Agra,6.1,Client Pickup
2023-07-14 22:18,2023-07-14 23:44,Personal,Surat,Thane,25.9,Customer Visit
2023-04-07 08:56,2023-04-07 09:26,Business,Bhubaneswar,Nagpur,4.0,Client Pickup
2023-09-08 11:37,2023-09-08 13:15,Business,Howrah,Guwahati,4.6,Meal/Entertain
2023-12-18 05:02,2023-12-18 06:06,Personal,Thiruvananthapuram,Pune,12.6,Site Inspection
2023-06-27 20:51,2023-06-27 22:05,Business,Mumbai,Nagpur,10.8,Meeting
2023-05-18 02:32,2023-05-18 05:40,Business,Indore,Ranchi,77.6,Client Pickup
2023-09-22 21:40,2023-09-22 23:07,Personal,Dhanbad,Kota,13.9,Meal/Entertain
2023-07-13 21:37,2023-07-13 21:59,Business,Bhubaneswar,Kota,6.1,Site Inspection
2023-01-05 05:26,2023-01-05 07:17,Business,Ranchi,Bengaluru,13.1,Customer Visit
2023-07-03 09:10,2023-07-03 12:12,Personal,Indore,Pune,21.6,Meeting
2023-08-22 18:36,2023-08-22 22:07,Business,Coimbatore,Thane,12.3,Meeting
2023-07-11 19:21,2023-07-11 23:01,Business,Kalyan,Lucknow,23.9,Client Pickup
2023-04-30 16:06,2023-04-30 18:23,Business,Kalyan,Hubli,14.0,Delivery Task
2023-01-15 05:32,2023-01-15 08:30,Business,Thiruvananthapuram,Gwalior,70.1,Errand/Supplies
2023-10-18 04:08,2023-10-18 05:05,Business,Navi Mumbai,Ranchi,22.0,Errand/Supplies
2023-06-27 14:25,2023-06-27 16:03,Business,Bangalore,Hubli,20.0,Meeting
2023-06-04 09:05,2023-06-04 10:01,Business,Agra,Raipur,13.3,Customer Visit
2023-03-20 21:35,2023-03-20 21:58,Business,Vijayawada,Dhanbad,11.1,Office Commute
2023-12-18 12:44,2023-12-18 13:59,Business,Lucknow,Chennai,7.5,Meeting
2023-02-19 12:08,2023-02-19 14:01,Business,Raipur,Jodhpur,39.7,Office Commute
2023-12-12 23:55,2023-12-13 02:36,Business,Kalyan,Thiruvananthapuram,4.8,Meeting
2023-10-28 00:14,2023-10-28 00:59,Personal,Kalyan,Mumbai,7.7,Airport Drop
2023-11-03 12:58,2023-11-03 13:44,Business,Jaipur,Indore,0.8,Meeting
2023-06-04 13:05,2023-06-04 14:48,Business,Faridabad,Bhubaneswar,1.4,Temporary Site
2023-07-18 21:52,2023-07-18 22:09,Business,Pune,Coimbatore,4.8,Airport Drop
2023-09-22 03:29,2023-09-22 04:04,Personal,Guwahati,Kanpur,6.5,Customer Visit
2023-01-07 05:20,2023-01-07 06:50,Business,Rajkot,Srinagar,13.0,Office Commute
2023-12-10 12:27,2023-12-10 13:01,Business,Jodhpur,Rajkot,7.7,Airport Drop
2023-08-19 16:23,2023-08-19 20:03,Business,Kochi,Guwahati,19.1,Meal/Entertain
2023-04-02 13:34,2023-04-02 16:38,Personal,Indore,Vijayawada,6.0,Airport Drop
2023-12-29 18:16,2023-12-29 19:49,Personal,Bangalore,Chandigarh,14.3,Airport Drop
2023-01-25 14:18,2023-01-25 15:23,Business,Varanasi,Noida,31.0,Office Commute
2023-11-03 21:23,2023-11-03 23:16,Personal,Visakhapatnam,Ludhiana,1.5,Temporary Site
2023-10-05 08:11,2023-10-05 10:06,Business,Indore,Rajkot,12.4,Meeting
2023-01-19 19:07,2023-01-19 22:24,Business,Kanpur,Ahmedabad,5.0,Office Commute
2023-02-13 17:06,2023-02-13 18:11,Business,Allahabad,Mumbai,23.8,Meal/Entertain
2023-08-23 22:39,2023-08-24 00:45,Business,Patna,Ludhiana,4.7,Meal/Entertain
2023-11-08 23:40,2023-11-09 00:09,Business,Allahabad,Aurangabad,1.3,Errand/Supplies
2023-06-04 13:25,2023-06-04 13:58,Personal,Madurai,Srinagar,14.0,Customer Visit
2023-02-10 13:07,2023-02-10 15:42,Business,Surat,Guwahati,41.0,Meeting
2023-05-05 22:51,2023-05-05 23:19,Business,Guwahati,Hubli,8.5,Errand/Supplies
2023-05-21 23:44,2023-05-22 00:47,Personal,Nagpur,Lucknow,14.1,Office Commute
2023-04-03 21:18,2023-04-03 21:32,Business,Madurai,Raipur,6.5,Meal/Entertain
2023-03-08 08:17,2023-03-08 11:03,Business,Kanpur,Dhanbad,6.7,Meal/Entertain
2023-01-10 22:20,2023-01-10 22:35,Personal,Tiruchirappalli,Patna,3.9,Office Commute
2023-08-24 18:26,2023-08-24 21:56,Business,Noida,Howrah,36.4,Meal/Entertain
2023-06-24 10:22,2023-06-24 11:31,Business,Jodhpur,Lucknow,15.5,Office Commute
2023-12-24 05:43,2023-12-24 07:33,Business,Kota,Vijayawada,22.5,Temporary Site
2023-02-10 20:31,2023-02-10 23:44,Business,Kalyan,Allahabad,8.9,Office Commute
2023-06-05 09:48,2023-06-05 12:50,Personal,Bangalore,Dhanbad,33.6,Airport Drop
2023-03-27 19:22,2023-03-27 23:21,Business,Rajkot,Kota,9.7,Meal/Entertain
2023-10-12 23:31,2023-10-13 00:48,Business,Kanpur,Thane,14.6,Office Commute
2023-03-05 03:25,2023-03-05 04:20,Business,Mumbai,Bhubaneswar,14.3,Customer Visit
2023-07-25 17:26,2023-07-25 18:47,Business,Bhopal,Nagpur,13.1,Meal/Entertain
2023-11-19 03:42,2023-11-19 06:13,Business,Kanpur,Navi Mumbai,11.7,Site Inspection
2023-08-26 09:52,2023-08-26 10:45,Business,Mumbai,Kalyan,6.5,Customer Visit
2023-06-21 14:41,2023-06-21 16:13,Business,Visakhapatnam,Coimbatore,0.8,Office Commute
2023-08-03 13:12,2023-08-03 13:44,Business,Bengaluru,Jodhpur,6.7,Site Inspection
2023-02-11 19:36,2023-02-11 19:56,Personal,Faridabad,Bhubaneswar,7.9,Errand/Supplies
2023-08-30 21:05,2023-08-30 21:27,Personal,Hyderabad,Noida,8.9,Delivery Task
2023-10-10 16:55,2023-10-10 18:30,Personal,Surat,Navi Mumbai,37.9,Client Pickup
2023-08-30 22:58,2023-08-31 00:26,Business,Kota,Jaipur,23.5,Temporary Site
2023-10-23 14:29,2023-10-23 16:27,Business,Bhubaneswar,Howrah,1.2,Meeting
2023-11-25 03:51,2023-11-25 04:45,Personal,Ghaziabad,Tiruchirappalli,7.4,Errand/Supplies
2023-01-17 21:43,2023-01-18 00:31,Business,Ghaziabad,Kota,17.5,Client Pickup
2023-05-14 22:34,2023-05-14 23:00,Personal,Lucknow,Visakhapatnam,11.9,Delivery Task
2023-07-23 23:49,2023-07-24 00:34,Business,Kolkata,Lucknow,17.2,Meeting
2023-08-14 13:50,2023-08-14 15:17,Business,Kalyan,Solapur,37.1,Meeting
2023-02-27 23:10,2023-02-28 01:20,Business,Chandigarh,Vijayawada,12.5,Errand/Supplies
2023-09-05 06:16,2023-09-05 06:45,Business,Raipur,Indore,4.3,Temporary Site
2023-09-09 07:48,2023-09-09 09:42,Business,Pune,Ranchi,13.6,Office Commute
2023-12-25 08:36,2023-12-25 09:09,Business,Howrah,Ranchi,12.0,Meeting
2023-04-24 11:36,2023-04-24 14:47,Business,Thane,Bhubaneswar,4.9,Office Commute
2023-11-21 09:30,2023-11-21 13:03,Business,Howrah,Hubli,20.6,Meeting
2023-03-17 19:18,2023-03-17 21:41,Personal,Howrah,Chandigarh,39.4,Office Commute
2023-06-05 04:37,2023-06-05 04:48,Business,Patna,Faridabad,3.8,Office Commute
2023-09-22 12:30,2023-09-22 13:40,Personal,Jaipur,Srinagar,13.2,Temporary Site
2023-09-25 11:24,2023-09-25 14:24,Business,Pune,Chandigarh,7.9,Delivery Task
2023-07-14 00:42,2023-07-14 01:09,Business,Chennai,Visakhapatnam,3.3,Customer Visit
2023-11-08 23:50,2023-11-09 00:20,Business,Faridabad,Hubli,2.9,Errand/Supplies
2023-01-07 23:54,2023-01-08 02:17,Business,Jabalpur,Ludhiana,13.8,Temporary Site
2023-11-17 03:21,2023-11-17 04:00,Personal,Surat,Delhi,1.3,Site Inspection
2023-10-03 02:51,2023-10-03 06:23,Business,Gwalior,Mysore,92.3,Customer Visit
2023-04-04 22:59,2023-04-05 00:05,Business,Nagpur,Meerut,4.4,Delivery Task
2023-11-08 08:35,2023-11-08 09:03,Personal,Ranchi,Solapur,1.4,Office Commute
2023-03-09 16:19,2023-03-09 18:06,Personal,Surat,Delhi,47.1,Office Commute
2023-08-26 03:34,2023-08-26 04:12,Business,Faridabad,Ghaziabad,9.1,Meeting
2023-08-15 02:30,2023-08-15 02:57,Business,Tiruchirappalli,Patna,7.6,Office Commute
2023-10-19 00:37,2023-10-19 04:32,Business,Mumbai,Nashik,7.7,Errand/Supplies
2023-04-10 18:51,2023-04-10 20:15,Personal,Bhopal,Srinagar,42.2,Meeting
2023-11-20 05:21,2023-11-20 09:37,Business,Guwahati,Thane,4.6,Office Commute
2023-09-30 07:21,2023-09-30 11:54,Business,Madurai,Howrah,65.0,Office Commute
2023-04-04 15:00,2023-04-04 17:15,Business,Madurai,Hubli,2.4,Meeting
2023-08-10 21:19,2023-08-10 21:52,Business,Lucknow,Ludhiana,1.7,Temporary Site
2023-04-10 03:48,2023-04-10 04:40,Business,Indore,Patna,12.5,Office Commute
2023-08-30 03:43,2023-08-30 06:42,Business,Hubli,Madurai,11.7,Office Commute
2023-04-09 12:50,2023-04-09 13:20,Personal,Dhanbad,Nagpur,5.4,Meeting
2023-08-31 20:38,2023-09-01 00:25,Business,Noida,Raipur,14.4,Airport Drop
2023-06-05 11:09,2023-06-05 12:43,Business,Srinagar,Gwalior,4.5,Office Commute
2023-06-07 13:36,2023-06-07 17:43,Personal,Srinagar,Jabalpur,26.1,Client Pickup
2023-07-29 11:41,2023-07-29 13:37,Personal,Kanpur,Agra,29.2,Customer Visit
2023-04-17 21:45,2023-04-17 23:21,Business,Thiruvananthapuram,Gwalior,10.8,Errand/Supplies
2023-07-15 10:35,2023-07-15 12:30,Business,Vasai,Jaipur,6.9,Temporary Site
2023-05-21 03:04,2023-05-21 03:59,Business,Vadodara,Dhanbad,7.0,Site Inspection
2023-08-29 01:49,2023-08-29 05:07,Business,Hyderabad,Srinagar,11.0,Temporary Site
2023-10-28 12:03,2023-10-28 12:35,Business,Solapur,Ludhiana,14.8,Meeting
2023-05-26 03:30,2023-05-26 03:51,Business,Patna,Indore,6.0,Errand/Supplies
2023-03-19 18:19,2023-03-19 21:28,Business,Hyderabad,Thiruvananthapuram,43.9,Office Commute
2023-10-07 21:16,2023-10-08 01:58,Personal,Mysore,Bangalore,5.5,Site Inspection
2023-02-04 22:45,2023-02-05 00:22,Business,Varanasi,Howrah,2.8,Meal/Entertain
2023-06-14 14:14,2023-06-14 16:31,Personal,Thiruvananthapuram,Kolkata,22.6,Site Inspection
2023-05-11 19:47,2023-05-11 20:12,Business,Indore,Delhi,10.8,Airport Drop
2023-09-07 01:53,2023-09-07 02:35,Business,Bhopal,Pune,6.4,Client Pickup
2023-01-17 16:55,2023-01-17 19:26,Personal,Madurai,Jaipur,7.0,Meeting
2023-02-08 18:05,2023-02-08 19:21,Personal,Ludhiana,Howrah,9.8,Office Commute
2023-02-14 18:59,2023-02-14 23:04,Personal,Mumbai,Chennai,44.6,Customer Visit
2023-08-09 08:29,2023-08-09 13:39,Personal,Pune,Delhi,41.9,Meeting
2023-11-28 18:21,2023-11-28 20:41,Business,Surat,Chandigarh,1.8,Meeting
2023-01-11 12:36,2023-01-11 14:13,Personal,Thiruvananthapuram,Ranchi,48.2,Client Pickup
2023-06-15 13:09,2023-06-15 14:11,Personal,Noida,Vasai,0.9,Delivery Task
2023-12-01 21:12,2023-12-02 01:20,Business,Nashik,Rajkot,33.7,Errand/Supplies
2023-03-17 06:19,2023-03-17 06:38,Business,Solapur,Visakhapatnam,3.5,Meal/Entertain
2023-03-07 17:22,2023-03-07 18:07,Business,Ahmedabad,Mumbai,12.8,Customer Visit
2023-04-14 09:10,2023-04-14 11:35,Business,Visakhapatnam,Hyderabad,38.1,Meeting
2023-08-14 03:53,2023-08-14 04:31,Business,Faridabad,Dhanbad,16.1,Meeting
2023-07-14 01:28,2023-07-14 04:31,Personal,Kolkata,Visakhapatnam,40.9,Airport Drop
2023-03-05 02:11,2023-03-05 07:46,Personal,Delhi,Dhanbad,35.7,Customer Visit
2023-09-08 23:38,2023-09-09 01:37,Business,Bhopal,Chennai,19.3,Client Pickup
2023-09-17 11:30,2023-09-17 13:45,Business,Kanpur,Delhi,2.1,Meal/Entertain
2023-08-04 12:54,2023-08-04 13:28,Business,Bhopal,Kota,6.2,Meeting
2023-11-30 09:14,2023-11-30 10:55,Business,Jaipur,Hubli,30.3,Errand/Supplies
2023-05-21 23:41,2023-05-22 00:07,Business,Pune,Vadodara,7.5,Meeting
2023-03-07 16:09,2023-03-07 17:26,Business,Chandigarh,Vijayawada,8.8,Client Pickup
2023-12-05 09:23,2023-12-05 13:17,Business,Thane,Allahabad,12.2,Errand/Supplies
2023-03-19 23:51,2023-03-20 01:05,Personal,Chennai,Kanpur,14.1,Meeting
2023-06-06 12:40,2023-06-06 14:02,Business,Bhopal,Tiruchirappalli,7.9,Customer Visit
2023-01-15 15:02,2023-01-15 15:59,Business,Noida,Hyderabad,1.2,Temporary Site
2023-09-26 05:10,2023-09-26 05:28,Personal,Allahabad,Mumbai,9.3,Meeting
2023-02-27 15:29,2023-02-27 18:15,Business,Jabalpur,Faridabad,14.8,Customer Visit
2023-01-01 09:30,2023-01-01 14:46,Business,Kolkata,Bhubaneswar,43.3,Office Commute
2023-11-11 21:45,2023-11-11 22:32,Business,Guwahati,Bhubaneswar,8.5,Customer Visit
2023-03-06 07:32,2023-03-06 09:00,Business,Ludhiana,Surat,35.0,Customer Visit
2023-07-26 09:56,2023-07-26 10:16,Business,Faridabad,Raipur,2.1,Client Pickup
2023-06-18 22:29,2023-06-19 03:13,Business,Faridabad,Guwahati,10.2,Errand/Supplies
2023-08-05 11:42,2023-08-05 13:35,Business,Nagpur,Gwalior,19.7,Airport Drop
2023-07-17 20:03,2023-07-17 20:53,Business,Surat,Vijayawada,13.7,Office Commute
2023-05-02 05:25,2023-05-02 05:52,Business,Agra,Chandigarh,12.7,Site Inspection
2023-11-18 18:25,2023-11-18 19:30,Business,Nagpur,Lucknow,5.7,Customer Visit
2023-05-24 20:49,2023-05-24 23:55,Personal,Kota,Noida,7.0,Delivery Task
2023-09-07 17:29,2023-09-07 18:35,Personal,Indore,Coimbatore,12.3,Errand/Supplies
2023-07-07 13:41,2023-07-07 14:46,Business,Vijayawada,Indore,24.3,Customer Visit
2023-02-26 03:35,2023-02-26 04:21,Business,Bhubaneswar,Bengaluru,7.3,Customer Visit
2023-02-12 16:11,2023-02-12 18:35,Business,Visakhapatnam,Jabalpur,7.0,Client Pickup
2023-01-09 06:46,2023-01-09 09:45,Business,Delhi,Chandigarh,22.8,Client Pickup
2023-09-26 01:51,2023-09-26 05:22,Business,Navi Mumbai,Thiruvananthapuram,13.0,Errand/Supplies
2023-03-27 11:10,2023-03-27 12:23,Business,Mumbai,Faridabad,15.0,Airport Drop
2023-03-19 17:39,2023-03-19 21:37,Business,Chennai,Patna,9.6,Meal/Entertain
2023-07-25 09:24,2023-07-25 13:28,Personal,Delhi,Gwalior,14.6,Meeting
2023-06-03 00:04,2023-06-03 01:45,Business,Lucknow,Kota,11.0,Temporary Site
2023-01-31 13:08,2023-01-31 14:37,Business,Dhanbad,Srinagar,14.4,Office Commute
2023-05-05 12:50,2023-05-05 15:38,Business,Varanasi,Chennai,43.3,Customer Visit
2023-06-29 02:14,2023-06-29 02:57,Business,Kanpur,Kalyan,4.3,Office Commute
2023-12-11 04:13,2023-12-11 06:00,Business,Kalyan,Bhopal,35.5,Temporary Site
2023-03-02 16:19,2023-03-02 17:42,Business,Rajkot,Gwalior,15.5,Meal/Entertain
2023-08-13 09:52,2023-08-13 10:58,Business,Thiruvananthapuram,Patna,4.1,Meal/Entertain
2023-06-24 08:02,2023-06-24 10:29,Personal,Chandigarh,Aurangabad,41.4,Meal/Entertain
2023-12-30 22:55,2023-12-31 02:27,Personal,Bhopal,Patna,9.1,Delivery Task
2023-11-05 19:55,2023-11-05 21:01,Business,Howrah,Faridabad,2.1,Meeting
2023-08-10 13:03,2023-08-10 14:23,Business,Visakhapatnam,Vijayawada,12.7,Client Pickup
2023-05-09 20:32,2023-05-09 23:40,Business,Thiruvananthapuram,Gwalior,40.7,Meeting
2023-01-07 03:45,2023-01-07 04:58,Business,Raipur,Vasai,5.9,Client Pickup
2023-05-17 03:49,2023-05-17 06:26,Business,Nashik,Ludhiana,7.0,Meeting
2023-12-08 12:02,2023-12-08 12:57,Business,Navi Mumbai,Vasai,9.4,Meal/Entertain
2023-02-18 03:48,2023-02-18 05:25,Business,Vasai,Tiruchirappalli,2.2,Site Inspection
2023-07-21 22:47,2023-07-22 00:10,Business,Nashik,Rajkot,36.2,Meal/Entertain
2023-09-25 01:25,2023-09-25 04:30,Business,Pune,Tiruchirappalli,7.3,Site Inspection
2023-06-18 03:18,2023-06-18 06:48,Business,Ahmedabad,Dhanbad,1.1,Office Commute
2023-07-03 21:22,2023-07-03 22:52,Business,Ahmedabad,Srinagar,13.5,Meeting
2023-12-24 20:16,2023-12-24 21:34,Business,Gwalior,Kolkata,26.4,Errand/Supplies
2023-07-25 11:49,2023-07-25 14:07,Business,Mysore,Thiruvananthapuram,37.7,Customer Visit
2023-04-27 10:53,2023-04-27 11:37,Personal,Vijayawada,Bangalore,9.6,Meeting
2023-09-12 20:11,2023-09-12 21:12,Business,Srinagar,Bangalore,5.2,Meal/Entertain
2023-08-13 11:48,2023-08-13 13:03,Business,Guwahati,Vijayawada,27.3,Site Inspection
2023-09-17 22:41,2023-09-18 01:30,Business,Hyderabad,Ahmedabad,9.1,Customer Visit
2023-12-23 02:12,2023-12-23 02:30,Business,Thane,Mysore,6.5,Meeting
2023-05-15 04:45,2023-05-15 08:17,Business,Solapur,Navi Mumbai,38.2,Errand/Supplies
2023-05-31 19:36,2023-05-31 20:08,Business,Jabalpur,Kalyan,6.3,Delivery Task
2023-03-21 21:17,2023-03-21 22:19,Business,Faridabad,Kolkata,23.7,Errand/Supplies
2023-04-26 14:41,2023-04-26 15:06,Personal,Faridabad,Vasai,3.9,Meeting
2023-11-10 15:53,2023-11-10 17:44,Business,Agra,Howrah,1.1,Meal/Entertain
2023-09-23 18:25,2023-09-23 21:49,Business,Mysore,Nagpur,3.4,Customer Visit
2023-05-15 13:23,2023-05-15 16:01,Business,Surat,Guwahati,49.4,Site Inspection
2023-03-10 10:55,2023-03-10 11:55,Business,Hyderabad,Mumbai,14.4,Customer Visit
2023-10-02 10:06,2023-10-02 14:28,Business,Bengaluru,Tiruchirappalli,85.4,Meeting
2023-04-25 14:17,2023-04-25 16:22,Business,Jabalpur,Solapur,49.2,Customer Visit
2023-02-03 05:01,2023-02-03 09:08,Personal,Kota,Noida,9.2,Meeting
2023-12-28 04:04,2023-12-28 04:31,Business,Mysore,Pune,5.7,Customer Visit
2023-01-15 22:38,2023-01-16 02:46,Business,Srinagar,Gwalior,14.3,Meeting
2023-04-21 21:28,2023-04-22 01:24,Business,Solapur,Thane,49.5,Meeting
2023-09-18 13:09,2023-09-18 15:58,Business,Ranchi,Rajkot,4.1,Meal/Entertain
2023-07-03 18:07,2023-07-03 20:31,Business,Visakhapatnam,Agra,52.7,Errand/Supplies
2023-04-10 07:38,2023-04-10 08:07,Personal,Aurangabad,Meerut,3.1,Errand/Supplies
2023-06-19 02:06,2023-06-19 05:53,Business,Ahmedabad,Pune,40.5,Meeting
2023-12-23 15:08,2023-12-23 16:07,Business,Ranchi,Rajkot,6.6,Meal/Entertain
2023-05-10 15:05,2023-05-10 15:59,Business,Bengaluru,Hubli,10.8,Temporary Site
2023-11-21 02:21,2023-11-21 06:02,Personal,Kalyan,Delhi,14.8,Errand/Supplies
2023-02-01 17:03,2023-02-01 17:53,Business,Bengaluru,Meerut,13.3,Meeting
2023-01-03 10:24,2023-01-03 13:04,Personal,Chennai,Agra,76.5,Customer Visit
2023-03-30 06:40,2023-03-30 08:39,Business,Vadodara,Nagpur,13.0,Meal/Entertain
2023-12-16 04:38,2023-12-16 08:53,Business,Mumbai,Dhanbad,54.9,Meeting
2023-04-01 16:09,2023-04-01 17:47,Personal,Coimbatore,Kolkata,45.8,Office Commute
2023-03-03 09:59,2023-03-03 11:58,Personal,Noida,Allahabad,46.1,Meal/Entertain
2023-02-21 15:12,2023-02-21 16:46,Business,Jabalpur,Rajkot,8.2,Office Commute
2023-07-19 14:07,2023-07-19 15:48,Business,Indore,Kota,34.2,Client Pickup
2023-09-09 06:50,2023-09-09 07:08,Personal,Indore,Ghaziabad,4.2,Site Inspection
2023-12-04 22:48,2023-12-05 01:16,Business,Jabalpur,Amritsar,47.2,Meal/Entertain
2023-09-27 18:36,2023-09-27 23:13,Business,Meerut,Bangalore,5.4,Delivery Task
2023-06-14 04:28,2023-06-14 05:12,Business,Kalyan,Thane,3.7,Office Commute
2023-09-09 00:31,2023-09-09 01:03,Business,Patna,Kochi,6.2,Office Commute
2023-05-28 21:44,2023-05-28 22:27,Personal,Mysore,Lucknow,5.1,Meal/Entertain
2023-10-28 23:57,2023-10-29 04:39,Business,Vasai,Allahabad,2.1,Meeting
2023-01-15 01:19,2023-01-15 02:12,Business,Coimbatore,Pune,1.5,Meal/Entertain
2023-08-11 23:32,2023-08-12 01:28,Business,Jabalpur,Mumbai,12.5,Client Pickup
2023-04-20 03:29,2023-04-20 04:02,Personal,Madurai,Jaipur,1.4,Meal/Entertain
2023-04-16 18:40,2023-04-16 18:47,Business,Solapur,Hyderabad,3.7,Site Inspection
2023-05-29 00:57,2023-05-29 02:59,Business,Jodhpur,Dhanbad,19.2,Meeting
2023-07-25 01:09,2023-07-25 03:21,Business,Coimbatore,Jodhpur,28.1,Temporary Site
2023-08-05 21:36,2023-08-05 22:54,Business,Ghaziabad,Noida,13.3,Delivery Task
2023-01-06 13:52,2023-01-06 16:26,Business,Pune,Surat,29.4,Customer Visit
2023-09-07 08:38,2023-09-07 10:15,Business,Gwalior,Vasai,43.6,Customer Visit
2023-03-07 21:44,2023-03-07 22:16,Business,Ranchi,Kalyan,11.7,Airport Drop
2023-09-08 02:11,2023-09-08 05:25,Business,Patna,Bhopal,13.6,Temporary Site
2023-12-22 12:18,2023-12-22 15:05,Personal,Chennai,Surat,10.5,Client Pickup
2023-03-03 12:52,2023-03-03 13:08,Business,Howrah,Vijayawada,2.3,Meeting
2023-01-19 15:30,2023-01-19 15:42,Business,Mysore,Vijayawada,2.6,Meal/Entertain
2023-12-22 02:15,2023-12-22 05:35,Business,Faridabad,Allahabad,21.5,Errand/Supplies
2023-01-22 21:59,2023-01-23 00:36,Business,Jaipur,Kolkata,30.5,Site Inspection
2023-01-08 04:21,2023-01-08 05:38,Personal,Thiruvananthapuram,Dhanbad,16.6,Site Inspection
2023-07-20 12:09,2023-07-20 14:37,Business,Jabalpur,Kota,9.9,Office Commute
2023-12-03 23:28,2023-12-03 23:49,Business,Aurangabad,Faridabad,3.6,Meal/Entertain
2023-10-13 05:09,2023-10-13 08:07,Business,Aurangabad,Vasai,8.3,Errand/Supplies
2023-10-01 00:39,2023-10-01 01:33,Business,Amritsar,Bhopal,6.6,Client Pickup
2023-04-30 00:24,2023-04-30 00:33,Business,Jaipur,Allahabad,2.3,Airport Drop
2023-04-25 20:02,2023-04-26 00:58,Business,Amritsar,Varanasi,8.9,Meal/Entertain
2023-10-20 20:24,2023-10-20 22:30,Business,Aurangabad,Ahmedabad,13.7,Meal/Entertain
2023-05-09 11:40,2023-05-09 13:57,Business,Kolkata,Surat,7.8,Customer Visit
2023-03-15 09:40,2023-03-15 10:40,Business,Chandigarh,Kota,5.9,Meeting
2023-06-03 04:02,2023-06-03 05:52,Business,Guwahati,Chennai,1.1,Site Inspection
2023-03-06 20:22,2023-03-06 22:52,Business,Solapur,Mumbai,49.6,Airport Drop
2023-07-18 14:23,2023-07-18 16:47,Business,Kanpur,Kota,30.6,Delivery Task
2023-05-06 06:45,2023-05-06 08:13,Personal,Raipur,Kalyan,8.3,Temporary Site
2023-07-06 14:35,2023-07-06 17:35,Business,Delhi,Visakhapatnam,42.5,Site Inspection
2023-02-25 17:41,2023-02-25 19:02,Business,Pune,Hubli,2.8,Errand/Supplies
2023-04-13 06:21,2023-04-13 08:40,Business,Vasai,Thiruvananthapuram,29.5,Client Pickup
2023-08-15 00:44,2023-08-15 02:33,Personal,Raipur,Jodhpur,30.2,Meeting
2023-12-15 18:49,2023-12-15 20:40,Business,Nagpur,Raipur,14.8,Customer Visit
2023-07-30 10:29,2023-07-30 11:46,Business,Kalyan,Nagpur,22.0,Delivery Task
2023-11-10 16:47,2023-11-10 17:36,Business,Thane,Ludhiana,14.0,Meeting
2023-01-28 10:54,2023-01-28 11:19,Business,Bengaluru,Tiruchirappalli,1.1,Airport Drop
2023-06-07 02:23,2023-06-07 06:29,Business,Jabalpur,Delhi,48.5,Office Commute
2023-05-29 09:06,2023-05-29 10:48,Business,Vasai,Kolkata,10.8,Meeting
2023-11-13 13:10,2023-11-13 18:08,Business,Chandigarh,Chennai,8.4,Temporary Site
2023-05-08 03:42,2023-05-08 04:47,Business,Patna,Lucknow,4.8,Delivery Task
2023-08-31 12:30,2023-08-31 12:58,Personal,Bengaluru,Thane,13.3,Delivery Task
2023-08-14 18:36,2023-08-14 21:49,Business,Nashik,Ranchi,68.1,Delivery Task
2023-06-23 02:56,2023-06-23 04:22,Business,Ahmedabad,Ludhiana,34.9,Errand/Supplies
2023-03-18 03:59,2023-03-18 05:40,Business,Coimbatore,Bhubaneswar,10.4,Meeting
2023-02-12 11:38,2023-02-12 13:22,Business,Hyderabad,Howrah,48.2,Customer Visit
2023-05-10 06:32,2023-05-10 08:51,Business,Noida,Nashik,3.2,Office Commute
2023-11-29 07:44,2023-11-29 08:57,Business,Ahmedabad,Ludhiana,3.2,Temporary Site
2023-12-03 14:42,2023-12-03 15:12,Business,Kolkata,Kochi,4.7,Client Pickup
2023-11-16 00:47,2023-11-16 01:25,Personal,Mysore,Allahabad,14.7,Customer Visit
2023-07-18 01:44,2023-07-18 03:35,Business,Hubli,Jodhpur,7.5,Errand/Supplies
2023-08-06 13:45,2023-08-06 15:47,Personal,Indore,Jaipur,44.9,Errand/Supplies
2023-05-25 08:05,2023-05-25 12:07,Business,Jabalpur,Srinagar,3.5,Meeting
2023-09-18 03:01,2023-09-18 04:48,Business,Raipur,Bangalore,47.0,Customer Visit
2023-10-20 07:49,2023-10-20 07:58,Personal,Ghaziabad,Aurangabad,1.7,Meal/Entertain
2023-11-13 02:09,2023-11-13 05:14,Business,Agra,Srinagar,12.3,Client Pickup
2023-03-04 01:45,2023-03-04 02:47,Personal,Visakhapatnam,Indore,18.8,Errand/Supplies
2023-02-16 00:27,2023-02-16 01:15,Business,Surat,Bangalore,11.0,Meal/Entertain
2023-09-29 06:30,2023-09-29 08:10,Personal,Amritsar,Solapur,5.3,Meeting
2023-12-13 18:55,2023-12-13 20:26,Personal,Ludhiana,Navi Mumbai,31.5,Office Commute
2023-04-12 08:09,2023-04-12 09:51,Business,Coimbatore,Madurai,3.3,Meeting
2023-04-06 10:48,2023-04-06 11:43,Business,Ranchi,Bhopal,17.7,Errand/Supplies
2023-07-31 16:40,2023-07-31 18:26,Business,Kalyan,Patna,25.5,Office Commute
2023-09-29 00:41,2023-09-29 03:14,Personal,Kochi,Guwahati,40.8,Temporary Site
2023-06-26 23:03,2023-06-26 23:28,Business,Thane,Chennai,1.7,Meeting
2023-12-12 02:20,2023-12-12 06:19,Business,Rajkot,Thane,30.7,Meeting
2023-05-15 23:53,2023-05-16 01:53,Business,Rajkot,Navi Mumbai,1.7,Delivery Task
2023-06-03 15:20,2023-06-03 17:53,Business,Jabalpur,Surat,28.0,Meeting
2023-07-29 14:56,2023-07-29 16:40,Business,Faridabad,Nashik,10.6,Customer Visit
2023-08-26 14:09,2023-08-26 15:56,Business,Tiruchirappalli,Vijayawada,29.2,Client Pickup
2023-07-15 20:09,2023-07-15 23:07,Personal,Kanpur,Ahmedabad,42.6,Office Commute
2023-03-30 04:37,2023-03-30 06:20,Business,Agra,Kochi,38.2,Meal/Entertain
2023-06-22 06:01,2023-06-22 09:26,Business,Bengaluru,Ahmedabad,2.9,Errand/Supplies
2023-05-23 07:12,2023-05-23 11:16,Business,Chennai,Hubli,44.9,Office Commute
2023-03-23 15:42,2023-03-23 16:32,Business,Srinagar,Ludhiana,14.3,Meeting
2023-11-08 09:09,2023-11-08 13:05,Business,Bengaluru,Aurangabad,85.3,Meal/Entertain
2023-06-07 20:10,2023-06-07 23:06,Business,Ludhiana,Vadodara,7.8,Client Pickup
2023-11-03 04:33,2023-11-03 06:19,Business,Hubli,Rajkot,9.5,Errand/Supplies
2023-07-09 18:30,2023-07-09 20:01,Business,Srinagar,Jaipur,45.3,Site Inspection
2023-06-17 22:14,2023-06-18 01:03,Business,Kolkata,Jaipur,3.8,Meal/Entertain
2023-06-19 22:12,2023-06-19 23:04,Business,Lucknow,Tiruchirappalli,5.6,Airport Drop
2023-12-29 18:39,2023-12-29 20:50,Personal,Tiruchirappalli,Patna,13.7,Meal/Entertain
2023-01-10 10:32,2023-01-10 11:11,Personal,Varanasi,Ghaziabad,7.5,Delivery Task
2023-09-09 14:38,2023-09-09 15:00,Personal,Thane,Chandigarh,2.0,Office Commute
2023-05-22 22:09,2023-05-22 23:49,Business,Kolkata,Jodhpur,42.7,Errand/Supplies
2023-07-02 19:30,2023-07-02 20:49,Business,Lucknow,Ghaziabad,0.8,Customer Visit
2023-06-10 19:56,2023-06-11 00:06,Business,Tiruchirappalli,Gwalior,74.2,Errand/Supplies
2023-11-02 19:07,2023-11-02 19:50,Business,Varanasi,Vadodara,14.4,Client Pickup
2023-05-08 12:27,2023-05-08 12:47,Business,Surat,Delhi,8.0,Client Pickup
2023-11-30 20:48,2023-11-30 21:13,Business,Guwahati,Dhanbad,1.2,Client Pickup
2023-08-17 20:24,2023-08-17 23:23,Business,Jaipur,Kota,49.8,Errand/Supplies
2023-05-21 14:17,2023-05-21 16:24,Personal,Navi Mumbai,Kolkata,18.9,Meal/Entertain
2023-06-15 00:07,2023-06-15 00:45,Personal,Navi Mumbai,Kota,9.1,Customer Visit
2023-07-12 17:01,2023-07-12 19:56,Business,Mysore,Lucknow,5.3,Meal/Entertain
2023-01-18 20:18,2023-01-18 23:01,Business,Hyderabad,Kalyan,9.5,Errand/Supplies
2023-03-09 15:04,2023-03-09 15:28,Business,Thane,Nagpur,8.1,Meal/Entertain
2023-05-01 02:48,2023-05-01 04:47,Business,Chandigarh,Bengaluru,14.1,Delivery Task
2023-09-10 12:34,2023-09-10 13:30,Personal,Indore,Bangalore,11.5,Errand/Supplies
2023-10-08 02:52,2023-10-08 05:07,Business,Kanpur,Pune,39.3,Errand/Supplies
2023-04-27 07:03,2023-04-27 08:45,Business,Chennai,Bhopal,45.4,Client Pickup
2023-01-22 01:14,2023-01-22 04:01,Personal,Amritsar,Pune,23.0,Errand/Supplies
2023-07-18 20:42,2023-07-18 20:56,Business,Chandigarh,Visakhapatnam,5.3,Meal/Entertain
2023-12-23 13:35,2023-12-23 13:42,Personal,Madurai,Thane,1.1,Meeting
2023-09-09 00:22,2023-09-09 01:07,Business,Delhi,Nashik,4.1,Office Commute
2023-04-19 04:34,2023-04-19 05:19,Business,Jaipur,Madurai,20.8,Meeting
2023-04-14 19:16,2023-04-14 20:18,Personal,Gwalior,Mysore,6.3,Meal/Entertain
2023-08-20 00:28,2023-08-20 04:15,Business,Hyderabad,Guwahati,10.0,Meal/Entertain
2023-02-24 23:59,2023-02-25 00:36,Business,Dhanbad,Coimbatore,6.3,Customer Visit
2023-12-20 21:13,2023-12-20 23:36,Business,Thane,Nagpur,25.5,Meeting
2023-05-10 06:32,2023-05-10 06:49,Business,Kota,Amritsar,4.1,Errand/Supplies
2023-04-16 15:46,2023-04-16 20:20,Business,Agra,Dhanbad,45.1,Site Inspection
2023-03-26 15:30,2023-03-26 20:36,Business,Hyderabad,Kota,80.1,Errand/Supplies
2023-11-12 03:56,2023-11-12 04:43,Business,Tiruchirappalli,Raipur,23.8,Meeting
2023-01-01 09:28,2023-01-01 14:10,Business,Noida,Amritsar,48.1,Office Commute
2023-11-27 06:27,2023-11-27 06:58,Business,Nagpur,Chennai,6.0,Meal/Entertain
2023-01-18 03:19,2023-01-18 04:02,Business,Gwalior,Kanpur,5.0,Client Pickup
2023-11-22 23:43,2023-11-23 00:36,Personal,Kota,Vadodara,19.3,Meeting
2023-08-22 18:44,2023-08-22 21:25,Business,Coimbatore,Agra,11.1,Site Inspection
2023-12-21 04:13,2023-12-21 05:41,Personal,Gwalior,Ahmedabad,31.8,Errand/Supplies
2023-08-27 13:11,2023-08-27 13:35,Business,Rajkot,Jodhpur,7.9,Meeting
2023-05-24 22:18,2023-05-24 23:32,Business,Allahabad,Raipur,11.7,Errand/Supplies
2023-04-07 07:44,2023-04-07 11:20,Business,Vadodara,Gwalior,4.7,Temporary Site
2023-08-11 17:44,2023-08-11 19:59,Business,Agra,Pune,8.8,Client Pickup
2023-02-15 19:23,2023-02-15 23:43,Business,Solapur,Vijayawada,25.1,Meeting
2023-07-10 23:35,2023-07-11 01:09,Business,Lucknow,Mumbai,10.2,Errand/Supplies
2023-10-25 12:23,2023-10-25 14:04,Personal,Hyderabad,Surat,6.6,Customer Visit
2023-09-11 21:34,2023-09-11 23:26,Business,Thiruvananthapuram,Howrah,10.4,Office Commute
2023-06-20 11:41,2023-06-20 14:02,Business,Kochi,Bangalore,13.4,Site Inspection
2023-01-22 10:32,2023-01-22 12:29,Business,Thane,Mumbai,20.8,Customer Visit
2023-10-21 04:52,2023-10-21 06:59,Business,Indore,Mumbai,11.4,Errand/Supplies
2023-02-27 16:34,2023-02-27 17:03,Personal,Ranchi,Kalyan,6.7,Client Pickup
2023-12-07 05:47,2023-12-07 07:42,Business,Bengaluru,Nagpur,14.1,Meal/Entertain
2023-07-11 17:59,2023-07-11 20:17,Personal,Solapur,Tiruchirappalli,2.5,Delivery Task
2023-07-28 22:48,2023-07-28 23:20,Business,Raipur,Varanasi,9.0,Customer Visit
2023-04-07 22:00,2023-04-07 23:20,Business,Patna,Pune,12.6,Site Inspection
2023-06-06 07:48,2023-06-06 10:23,Business,Ludhiana,Chandigarh,39.4,Meal/Entertain
2023-04-08 00:01,2023-04-08 00:15,Business,Varanasi,Dhanbad,2.2,Meeting
2023-02-06 02:16,2023-02-06 03:09,Business,Bhopal,Dhanbad,11.8,Customer Visit
2023-11-02 09:21,2023-11-02 11:01,Business,Kochi,Jabalpur,1.0,Errand/Supplies
2023-09-02 20:39,2023-09-02 21:18,Business,Dhanbad,Hubli,9.2,Meeting
2023-09-20 19:17,2023-09-20 21:08,Business,Navi Mumbai,Bhopal,69.5,Field Work
2023-08-06 23:10,2023-08-07 00:57,Business,Mysore,Kanpur,64.1,Client Pickup
2023-06-24 10:55,2023-06-24 12:33,Business,Raipur,Noida,56.8,Meal/Entertain
2023-03-02 09:10,2023-03-02 10:41,Business,Thane,Vadodara,53.6,Team Outing
2023-05-20 09:55,2023-05-20 11:33,Business,Solapur,Hyderabad,55.2,Delivery Task
2023-07-28 06:00,2023-07-28 07:51,Business,Nagpur,Ghaziabad,69.2,Field Work
2023-09-02 03:20,2023-09-02 04:53,Personal,Visakhapatnam,Jaipur,51.7,Errand/Supplies
2023-03-30 12:09,2023-03-30 13:25,Business,Mumbai,Delhi,41.8,Meal/Entertain
2023-04-18 22:54,2023-04-19 00:19,Business,Bangalore,Tiruchirappalli,44.0,Airport Drop
2023-03-23 08:44,2023-03-23 10:19,Business,Navi Mumbai,Thrissur,54.8,Customer Visit
2023-09-04 14:25,2023-09-04 15:39,Business,Pune,Visakhapatnam,42.9,Meal/Entertain
2023-04-15 20:05,2023-04-15 21:44,Business,Madurai,Rajkot,58.5,Customer Visit
2023-03-30 22:52,2023-03-31 00:44,Business,Patna,Hubli,71.0,Client Meeting
2023-12-21 15:02,2023-12-21 16:20,Business,Thane,Hubli,42.6,Office Commute
2023-09-07 15:48,2023-09-07 18:00,Business,Dewas,Noida,75.4,Meeting
2023-07-29 07:37,2023-07-29 09:34,Business,Chandigarh,Ghaziabad,69.8,Meal/Entertain
2023-05-21 14:03,2023-05-21 15:49,Business,Ranchi,Mysore,63.3,Field Work
2023-12-01 10:03,2023-12-01 11:56,Personal,Bhubaneswar,Lucknow,70.2,Client Meeting
2023-08-20 14:56,2023-08-20 16:43,Business,Chandigarh,Navi Mumbai,67.2,Meeting
2023-04-08 15:20,2023-04-08 15:46,Business,Jaipur,Jaipur,14.4,Office Commute
2023-10-19 14:41,2023-10-19 16:47,Business,Patna,Rajkot,75.4,Office Commute
2023-03-03 10:08,2023-03-03 11:44,Business,Srinagar,Noida,51.7,Weekend Trip
2023-07-14 09:48,2023-07-14 11:13,Business,Agra,Rajkot,50.5,Site Inspection
2023-11-23 20:55,2023-11-23 22:43,Business,Lucknow,Vijayawada,65.0,Airport Drop
2023-10-30 09:19,2023-10-30 10:56,Business,Chandigarh,Jabalpur,61.6,Meal/Entertain
2023-05-21 23:13,2023-05-22 00:33,Personal,Nagpur,Hubli,44.5,Conference Visit
2023-01-31 14:04,2023-01-31 15:45,Personal,Faridabad,Amritsar,62.7,Weekend Trip
2023-07-26 21:10,2023-07-26 23:17,Business,Rajkot,Lonavala,79.1,Weekend Trip
2023-04-13 22:30,2023-04-14 00:21,Business,Bhubaneswar,Patiala,62.0,Meal/Entertain
2023-03-20 02:51,2023-03-20 04:48,Business,Dewas,Visakhapatnam,69.2,Customer Visit
2023-07-21 00:09,2023-07-21 01:54,Business,Jodhpur,Patiala,57.5,Errand/Supplies
2023-08-17 11:26,2023-08-17 12:58,Personal,Bhopal,Faridabad,53.5,Customer Visit
2023-01-13 04:47,2023-01-13 06:06,Business,Mysore,Dhanbad,42.7,Airport Drop
2023-03-25 04:49,2023-03-25 06:38,Business,Aurangabad,Lucknow,66.8,Client Meeting
2023-04-05 08:53,2023-04-05 10:47,Business,Rajkot,Visakhapatnam,63.0,Airport Pickup
2023-06-17 09:41,2023-06-17 11:02,Business,Thane,Kalyan,43.9,Meal/Entertain
2023-09-19 12:12,2023-09-19 14:03,Business,Kanpur,Kalyan,69.2,Client Meeting
2023-02-12 10:27,2023-02-12 12:27,Business,Amritsar,Jodhpur,72.0,Delivery Task
2023-03-13 06:13,2023-03-13 06:37,Business,Delhi,Delhi,7.8,Meeting
2023-11-10 19:18,2023-11-10 20:30,Business,Kolkata,Faridabad,43.0,Meal/Entertain
2023-02-06 05:16,2023-02-06 07:18,Personal,Amritsar,Noida,73.4,Site Inspection
2023-06-05 17:57,2023-06-05 19:15,Business,Chennai,Kalyan,48.5,Meeting
2023-04-21 18:42,2023-04-21 20:47,Business,Chennai,Jaipur,71.4,Customer Visit
2023-10-07 00:03,2023-10-07 01:56,Business,Pune,Rajkot,62.2,Site Inspection
2023-08-13 22:21,2023-08-14 04:26,Personal,Chandigarh,Delhi,239.8,Office Commute
2023-03-03 03:22,2023-03-03 05:19,Business,Ranchi,Hubli,74.1,Delivery Task
2023-01-27 09:26,2023-01-27 10:42,Business,Lucknow,Bangalore,42.7,Client Pickup
2023-08-13 19:55,2023-08-13 21:35,Business,Jodhpur,Bhopal,62.8,Office Commute
2023-07-23 00:41,2023-07-23 02:30,Business,Nashik,Bangalore,63.3,Office Commute
2023-04-03 16:42,2023-04-03 18:37,Business,Visakhapatnam,Ghaziabad,68.6,Meeting
2023-05-03 18:59,2023-05-03 20:24,Business,Jodhpur,Bhubaneswar,52.0,Site Inspection
2023-02-08 19:53,2023-02-08 21:33,Business,Agra,Kolkata,62.5,Office Commute
2023-05-16 12:59,2023-05-16 14:13,Personal,Madurai,Dewas,45.3,Errand/Supplies
2023-11-20 19:03,2023-11-20 20:26,Business,Varanasi,Faridabad,46.3,Conference Visit
2023-11-14 07:57,2023-11-14 09:11,Business,Nashik,Thane,40.3,Meeting
2023-04-13 17:00,2023-04-13 19:00,Business,Visakhapatnam,Patiala,75.1,Meal/Entertain
2023-04-20 10:09,2023-04-20 11:29,Personal,Varanasi,Bengaluru,46.2,Client Meeting
2023-04-13 12:30,2023-04-13 14:28,Business,Raipur,Hyderabad,65.4,Team Outing
2023-09-04 07:57,2023-09-04 09:18,Personal,Ghaziabad,Vasai,42.0,Meal/Entertain
2023-03-04 18:03,2023-03-04 20:20,Personal,Thrissur,Guwahati,79.2,Airport Drop
2023-01-30 05:19,2023-01-30 06:28,Personal,Meerut,Raipur,40.4,Weekend Trip
2023-02-27 12:20,2023-02-27 14:12,Business,Madurai,Allahabad,63.3,Meeting
2023-11-06 04:23,2023-11-06 06:23,Business,Bhubaneswar,Allahabad,76.0,Office Commute
2023-02-09 22:06,2023-02-09 23:37,Personal,Vasai,Indore,50.0,Team Outing
2023-08-30 00:59,2023-08-30 02:32,Business,Srinagar,Meerut,56.3,Office Commute
2023-12-09 07:23,2023-12-09 09:29,Business,Visakhapatnam,Chennai,72.4,Errand/Supplies
2023-12-28 11:49,2023-12-28 13:26,Business,Ahmedabad,Coimbatore,53.3,Customer Visit
2023-04-14 14:48,2023-04-14 16:46,Personal,Thane,Patiala,72.4,Customer Visit
2023-11-30 10:40,2023-11-30 12:52,Business,Surat,Pune,74.9,Delivery Task
2023-04-29 12:35,2023-04-29 14:14,Business,Dhanbad,Delhi,58.4,Airport Pickup
2023-04-19 04:46,2023-04-19 06:16,Personal,Dhanbad,Ahmedabad,55.9,Errand/Supplies
2023-09-21 21:34,2023-09-21 23:19,Business,Srinagar,Guwahati,60.4,Customer Visit
2023-08-14 11:29,2023-08-14 12:57,Business,Ahmedabad,Bhopal,50.4,Meeting
2023-11-02 10:02,2023-11-02 11:37,Business,Allahabad,Bengaluru,53.8,Office Commute
2023-12-16 07:59,2023-12-16 09:16,Business,Kanpur,Nagpur,44.6,Errand/Supplies
2023-12-26 10:59,2023-12-26 12:10,Personal,Ghaziabad,Allahabad,40.1,Errand/Supplies
2023-05-09 05:41,2023-05-09 07:35,Business,Jabalpur,Kanpur,66.6,Office Commute
2023-07-16 22:43,2023-07-17 00:51,Personal,Patiala,Tiruchirappalli,76.0,Errand/Supplies
2023-08-04 07:29,2023-08-04 09:19,Business,Patiala,Kalyan,67.9,Conference Visit
2023-10-18 13:07,2023-10-18 14:39,Business,Delhi,Kalyan,55.2,Delivery Task
2023-01-01 03:47,2023-01-01 05:33,Business,Nashik,Mumbai,61.9,Site Inspection
2023-09-12 06:17,2023-09-12 08:06,Business,Gwalior,Dewas,63.2,Airport Drop
2023-07-03 18:24,2023-07-03 19:46,Business,Kolkata,Kochi,48.5,Client Meeting
2023-08-29 11:55,2023-08-29 13:49,Business,Patiala,Bangalore,66.6,Meal/Entertain
2023-05-01 13:19,2023-05-01 14:45,Business,Bangalore,Thiruvananthapuram,49.4,Client Pickup
2023-07-04 12:35,2023-07-04 13:44,Business,Thane,Delhi,41.8,Meeting
2023-10-06 23:28,2023-10-07 01:19,Business,Kolkata,Kalyan,63.0,Errand/Supplies
2023-01-03 03:40,2023-01-03 05:27,Business,Lonavala,Jodhpur,66.2,Meal/Entertain
2023-09-28 06:22,2023-09-28 08:29,Business,Srinagar,Kanpur,72.2,Temporary Site
2023-06-27 06:31,2023-06-27 08:30,Personal,Amritsar,Meerut,73.9,Meal/Entertain
2023-08-20 06:01,2023-08-20 08:15,Business,Thane,Kolkata,79.5,Meal/Entertain
2023-12-13 10:13,2023-12-13 12:19,Personal,Solapur,Vasai,72.6,Team Outing
2023-10-16 19:22,2023-10-16 21:35,Business,Thrissur,Vijayawada,75.9,Site Inspection
2023-04-18 16:43,2023-04-18 18:53,Personal,Kochi,Ghaziabad,73.6,Airport Drop
2023-04-21 23:10,2023-04-22 00:26,Business,Navi Mumbai,Faridabad,43.1,Errand/Supplies
2023-02-23 17:44,2023-02-23 19:25,Business,Guwahati,Hyderabad,61.6,Weekend Trip
2023-01-25 22:39,2023-01-26 00:39,Personal,Dhanbad,Jaipur,68.3,Site Inspection
2023-03-22 07:50,2023-03-22 09:32,Business,Kalyan,Hyderabad,56.6,Customer Visit
2023-01-08 14:03,2023-01-08 16:16,Business,Jaipur,Vasai,77.8,Weekend Trip
2023-06-01 10:56,2023-06-01 12:31,Personal,Kota,Agra,51.9,Conference Visit
2023-12-15 16:12,2023-12-15 18:12,Business,Madurai,Ranchi,72.0,Meeting
2023-06-01 00:24,2023-06-01 02:08,Business,Lonavala,Dhanbad,59.4,Weekend Trip
2023-11-23 10:04,2023-11-23 12:06,Business,Patiala,Patna,69.0,Meeting
2023-12-19 05:11,2023-12-19 07:00,Business,Vijayawada,Bhubaneswar,61.4,Site Inspection
2023-06-16 10:57,2023-06-16 12:11,Business,Mysore,Mumbai,43.4,Meal/Entertain
2023-05-08 03:08,2023-05-08 04:34,Business,Vadodara,Kolkata,50.4,Delivery Task
2023-04-19 01:32,2023-04-19 03:42,Business,Kolkata,Hubli,75.2,Errand/Supplies
2023-07-29 11:44,2023-07-29 12:51,Business,Ghaziabad,Thrissur,40.8,Errand/Supplies
2023-09-11 02:47,2023-09-11 04:39,Business,Indore,Dhanbad,71.2,Conference Visit
2023-01-08 21:57,2023-01-08 23:18,Business,Solapur,Ahmedabad,48.0,Team Outing
2023-03-26 15:34,2023-03-26 16:59,Business,Faridabad,Bhubaneswar,44.6,Client Pickup
2023-08-24 19:57,2023-08-24 21:15,Business,Pune,Ghaziabad,46.7,Customer Visit
2023-08-13 17:43,2023-08-13 19:06,Business,Srinagar,Thiruvananthapuram,52.4,Errand/Supplies
2023-05-26 18:06,2023-05-26 20:17,Personal,Visakhapatnam,Howrah,76.3,Temporary Site
2023-09-01 14:19,2023-09-01 16:12,Personal,Raipur,Delhi,67.6,Site Inspection
2023-08-22 04:14,2023-08-22 06:13,Business,Bengaluru,Pune,74.0,Office Commute
2023-06-16 08:46,2023-06-16 10:22,Business,Surat,Mumbai,53.9,Office Commute
2023-06-13 03:13,2023-06-13 04:33,Business,Aurangabad,Lucknow,40.5,Delivery Task
2023-11-18 20:06,2023-11-18 22:03,Business,Bengaluru,Kanpur,65.4,Meeting
2023-09-10 14:42,2023-09-10 16:39,Business,Raipur,Chandigarh,69.4,Meal/Entertain
2023-06-30 12:56,2023-06-30 15:00,Personal,Nashik,Thane,71.0,Field Work
2023-04-06 08:10,2023-04-06 09:36,Personal,Thiruvananthapuram,Rajkot,52.9,Customer Visit
2023-08-10 07:23,2023-08-10 09:25,Business,Guwahati,Varanasi,70.0,Field Work
2023-07-09 08:17,2023-07-09 09:47,Business,Hyderabad,Ahmedabad,53.0,Field Work
2023-08-20 12:34,2023-08-20 14:03,Personal,Indore,Thane,51.2,Team Outing
2023-04-04 17:36,2023-04-04 19:05,Business,Meerut,Agra,47.6,Temporary Site
2023-09-08 20:15,2023-09-08 22:16,Personal,Lonavala,Meerut,67.6,Customer Visit
2023-09-15 20:33,2023-09-15 22:03,Business,Kochi,Surat,49.7,Client Pickup
2023-10-17 16:37,2023-10-17 18:17,Personal,Kota,Meerut,57.0,Delivery Task
2023-03-31 12:46,2023-03-31 14:12,Business,Indore,Pune,52.3,Meeting
2023-10-24 00:07,2023-10-24 02:01,Business,Rajkot,Delhi,69.7,Airport Pickup
2023-08-17 23:20,2023-08-18 00:50,Business,Delhi,Dewas,51.1,Office Commute
2023-03-11 16:30,2023-03-11 17:57,Personal,Bengaluru,Thrissur,49.1,Conference Visit
2023-01-22 04:13,2023-01-22 05:43,Business,Agra,Raipur,51.0,Delivery Task
2023-02-09 20:11,2023-02-09 22:01,Business,Pune,Bhubaneswar,70.1,Customer Visit
2023-03-13 14:23,2023-03-13 15:55,Personal,Mumbai,Gwalior,57.6,Client Meeting
2023-06-05 14:51,2023-06-05 17:00,Personal,Ghaziabad,Vadodara,72.9,Weekend Trip
2023-02-27 22:37,2023-02-27 23:54,Business,Aurangabad,Mumbai,42.1,Office Commute
2023-08-24 11:17,2023-08-24 13:14,Business,Bangalore,Faridabad,70.6,Site Inspection
2023-04-26 11:31,2023-04-26 13:43,Business,Srinagar,Ludhiana,76.3,Client Meeting
2023-10-15 10:07,2023-10-15 11:51,Personal,Howrah,Mumbai,64.4,Customer Visit
2023-02-01 12:43,2023-02-01 14:08,Business,Solapur,Dewas,50.6,Meeting
2023-06-08 15:39,2023-06-08 17:07,Business,Faridabad,Coimbatore,46.3,Meeting
2023-04-22 21:19,2023-04-22 22:34,Business,Pune,Nagpur,41.3,Airport Drop
2023-12-25 19:28,2023-12-25 21:22,Business,Pune,Vadodara,67.5,Client Pickup
2023-12-29 14:25,2023-12-29 15:03,Business,Surat,Surat,18.2,Meeting
2023-12-19 19:00,2023-12-19 20:51,Personal,Kanpur,Bhopal,65.9,Customer Visit
2023-04-30 11:08,2023-04-30 12:31,Business,Thiruvananthapuram,Chandigarh,46.6,Airport Drop
2023-06-06 07:39,2023-06-06 09:10,Business,Kochi,Bhopal,52.2,Errand/Supplies
2023-01-16 11:31,2023-01-16 12:53,Business,Lucknow,Madurai,43.2,Meeting
2023-03-30 21:43,2023-03-30 22:49,Business,Ranchi,Hubli,41.0,Airport Drop
2023-10-24 08:41,2023-10-24 10:25,Business,Solapur,Patna,63.0,Site Inspection
2023-03-12 11:36,2023-03-12 13:48,Business,Kota,Ludhiana,76.6,Airport Pickup
2023-05-16 03:13,2023-05-16 04:36,Business,Navi Mumbai,Thiruvananthapuram,43.6,Customer Visit
2023-05-09 01:59,2023-05-09 04:08,Business,Hyderabad,Hubli,74.3,Errand/Supplies
2023-06-05 12:29,2023-06-05 14:08,Business,Pune,Lonavala,62.2,Meeting
2023-10-28 00:40,2023-10-28 02:16,Business,Kolkata,Bangalore,52.9,Field Work
2023-12-04 15:05,2023-12-04 16:24,Personal,Vadodara,Lucknow,40.0,Delivery Task
2023-10-21 18:33,2023-10-21 20:14,Business,Kalyan,Amritsar,54.5,Meal/Entertain
2023-08-02 07:05,2023-08-02 08:26,Business,Navi Mumbai,Kochi,48.1,Errand/Supplies
2023-02-17 03:46,2023-02-17 05:32,Business,Visakhapatnam,Gwalior,67.9,Delivery Task
2023-05-01 16:24,2023-05-01 18:11,Business,Navi Mumbai,Nagpur,68.4,Errand/Supplies
2023-12-21 13:07,2023-12-21 15:14,Personal,Meerut,Kalyan,79.7,Conference Visit
2023-12-29 04:57,2023-12-29 06:20,Business,Kolkata,Bhopal,46.2,Client Pickup
2023-07-03 09:24,2023-07-03 11:26,Business,Lucknow,Raipur,73.4,Errand/Supplies
2023-08-21 18:36,2023-08-21 19:56,Business,Kolkata,Meerut,47.6,Conference Visit
2023-06-11 03:32,2023-06-11 05:34,Business,Vadodara,Aurangabad,71.6,Meal/Entertain
2023-04-20 20:15,2023-04-20 22:18,Business,Visakhapatnam,Surat,72.8,Meeting
2023-12-03 00:48,2023-12-03 02:36,Personal,Thrissur,Mysore,66.4,Delivery Task
2023-10-24 06:29,2023-10-24 08:05,Business,Kochi,Madurai,53.3,Meeting
2023-09-28 21:09,2023-09-28 22:32,Business,Kolkata,Visakhapatnam,47.5,Office Commute
2023-01-17 22:49,2023-01-18 00:50,Business,Mumbai,Jaipur,71.0,Office Commute
2023-05-30 22:30,2023-05-31 00:27,Business,Ranchi,Kota,72.5,Site Inspection
2023-05-09 22:24,2023-05-10 00:29,Business,Lonavala,Allahabad,78.6,Meeting
2023-06-27 10:52,2023-06-27 12:28,Business,Vadodara,Tiruchirappalli,61.0,Site Inspection
2023-03-01 22:45,2023-03-02 00:31,Business,Rajkot,Chandigarh,66.2,Team Outing
2023-09-27 00:28,2023-09-27 02:05,Business,Kota,Surat,53.5,Meal/Entertain
2023-11-30 17:38,2023-11-30 19:46,Business,Noida,Bangalore,74.1,Site Inspection
2023-12-05 19:11,2023-12-05 21:02,Business,Hubli,Navi Mumbai,70.4,Client Pickup
2023-04-22 14:33,2023-04-22 16:26,Personal,Nashik,Aurangabad,67.4,Client Pickup
2023-09-04 02:57,2023-09-04 04:10,Business,Ranchi,Bangalore,43.9,Site Inspection
2023-01-18 20:40,2023-01-18 22:49,Business,Kochi,Chennai,76.1,Airport Drop
2023-02-26 12:48,2023-02-26 14:22,Personal,Surat,Amritsar,55.0,Temporary Site
2023-03-08 00:21,2023-03-08 02:18,Personal,Ludhiana,Kalyan,71.7,Weekend Trip
2023-04-04 12:41,2023-04-04 14:38,Business,Bangalore,Nashik,64.8,Meeting
2023-04-09 15:14,2023-04-09 17:00,Business,Vijayawada,Mysore,58.4,Meeting
2023-03-03 08:26,2023-03-03 10:13,Business,Ghaziabad,Patiala,67.1,Delivery Task
2023-06-14 18:50,2023-06-14 20:21,Business,Kochi,Indore,52.0,Customer Visit
2023-11-28 09:39,2023-11-28 11:59,Personal,Kolkata,Tiruchirappalli,80.0,Meeting
2023-04-25 21:43,2023-04-25 23:18,Personal,Bengaluru,Faridabad,54.4,Errand/Supplies
2023-08-08 18:50,2023-08-08 20:12,Business,Ahmedabad,Thrissur,51.0,Delivery Task
2023-12-17 15:57,2023-12-17 18:00,Business,Vijayawada,Nagpur,73.3,Team Outing
2023-03-27 01:16,2023-03-27 03:15,Business,Srinagar,Thane,72.1,Client Meeting
2023-09-14 00:01,2023-09-14 01:53,Business,Nashik,Ghaziabad,68.8,Meal/Entertain
2023-04-30 23:27,2023-05-01 01:24,Business,Navi Mumbai,Bengaluru,65.9,Client Meeting
2023-12-20 06:20,2023-12-20 07:41,Personal,Allahabad,Mysore,45.3,Office Commute
2023-11-02 10:49,2023-11-02 12:17,Business,Hubli,Ranchi,48.0,Conference Visit
2023-04-10 19:08,2023-04-10 21:17,Business,Ludhiana,Lucknow,73.2,Field Work
2023-02-14 17:27,2023-02-14 19:06,Personal,Thane,Gwalior,53.5,Office Commute
2023-09-20 15:47,2023-09-20 17:17,Business,Aurangabad,Chandigarh,49.0,Conference Visit
2023-06-03 05:42,2023-06-03 06:52,Business,Tiruchirappalli,Thane,43.6,Weekend Trip
2023-10-18 21:17,2023-10-18 22:52,Business,Ghaziabad,Madurai,54.7,Client Meeting
2023-02-12 01:51,2023-02-12 03:59,Business,Mysore,Jaipur,77.6,Weekend Trip
2023-05-08 09:14,2023-05-08 11:22,Business,Kota,Ahmedabad,77.7,Meeting
2023-09-30 06:30,2023-09-30 08:11,Personal,Noida,Aurangabad,58.6,Meeting
2023-01-15 10:50,2023-01-15 12:06,Business,Noida,Kalyan,41.8,Field Work
2023-02-22 16:28,2023-02-22 18:38,Personal,Lonavala,Bhopal,75.5,Client Pickup
2023-07-29 18:57,2023-07-29 20:59,Business,Kolkata,Jabalpur,69.7,Office Commute
2023-09-12 08:18,2023-09-12 10:19,Business,Mysore,Ranchi,75.4,Customer Visit
2023-04-19 15:22,2023-04-19 17:24,Business,Thrissur,Lonavala,77.6,Conference Visit
2023-04-02 16:43,2023-04-02 18:25,Business,Pune,Jabalpur,57.8,Client Meeting
2023-09-08 10:13,2023-09-08 12:23,Business,Bengaluru,Patna,76.1,Office Commute
2023-11-26 08:14,2023-11-26 10:31,Business,Amritsar,Jodhpur,78.7,Airport Drop
2023-01-09 07:03,2023-01-09 08:47,Business,Bangalore,Patiala,65.6,Weekend Trip
2023-08-08 06:14,2023-08-08 07:32,Business,Surat,Hyderabad,45.0,Meal/Entertain
2023-03-25 20:48,2023-03-25 22:12,Business,Aurangabad,Thrissur,48.3,Conference Visit
2023-01-02 02:25,2023-01-02 04:32,Business,Hyderabad,Srinagar,76.0,Meeting
2023-11-07 02:41,2023-11-07 04:23,Business,Tiruchirappalli,Chandigarh,61.6,Delivery Task
2023-05-20 03:03,2023-05-20 04:22,Business,Bhopal,Patiala,45.3,Client Meeting
2023-02-14 03:17,2023-02-14 04:49,Business,Mysore,Hubli,56.8,Meeting
2023-02-12 08:27,2023-02-12 10:16,Business,Kota,Kochi,60.5,Airport Pickup
2023-11-01 04:12,2023-11-01 05:28,Business,Lucknow,Dhanbad,41.7,Customer Visit
2023-07-06 00:26,2023-07-06 01:46,Personal,Kolkata,Noida,42.4,Field Work
2023-06-22 06:18,2023-06-22 08:07,Personal,Kanpur,Patna,68.5,Conference Visit
2023-02-19 00:11,2023-02-19 01:32,Business,Vasai,Bangalore,45.9,Meeting
2023-05-28 22:17,2023-05-29 00:13,Business,Nashik,Navi Mumbai,68.5,Client Pickup
2023-09-30 13:03,2023-09-30 14:17,Business,Kolkata,Lucknow,44.0,Weekend Trip
2023-10-07 22:42,2023-10-08 00:39,Business,Tiruchirappalli,Noida,70.8,Office Commute
2023-11-18 08:06,2023-11-18 09:49,Business,Kanpur,Kochi,56.6,Office Commute
2023-05-02 08:55,2023-05-02 10:26,Business,Jodhpur,Kalyan,52.5,Meal/Entertain
2023-02-05 10:16,2023-02-05 11:51,Business,Jabalpur,Chandigarh,59.0,Site Inspection
2023-11-12 06:14,2023-11-12 08:07,Business,Bangalore,Kanpur,69.6,Client Pickup
2023-05-09 00:31,2023-05-09 02:12,Personal,Meerut,Amritsar,62.5,Customer Visit
2023-06-14 06:03,2023-06-14 08:05,Business,Kalyan,Indore,77.6,Team Outing
2023-07-17 01:25,2023-07-17 02:42,Business,Gwalior,Nagpur,44.1,Field Work
2023-05-16 23:17,2023-05-17 01:23,Business,Chandigarh,Patiala,73.9,Field Work
2023-06-16 15:37,2023-06-16 16:55,Business,Bhopal,Solapur,49.0,Weekend Trip
2023-01-12 05:51,2023-01-12 07:42,Business,Nagpur,Visakhapatnam,67.7,Airport Pickup
2023-05-17 07:46,2023-05-17 09:46,Business,Guwahati,Pune,76.9,Airport Drop
2023-01-28 00:34,2023-01-28 02:22,Personal,Coimbatore,Vadodara,66.3,Airport Drop
2023-07-26 00:27,2023-07-26 01:43,Business,Ranchi,Navi Mumbai,43.7,Delivery Task
2023-05-02 00:40,2023-05-02 02:04,Business,Jaipur,Kalyan,46.3,Site Inspection
2023-03-02 10:06,2023-03-02 12:08,Business,Srinagar,Mumbai,75.3,Weekend Trip
2023-08-24 18:21,2023-08-24 20:05,Business,Solapur,Nashik,57.0,Errand/Supplies
2023-05-15 01:14,2023-05-15 03:02,Personal,Kalyan,Guwahati,60.5,Weekend Trip
2023-07-24 15:22,2023-07-24 17:11,Business,Bhopal,Gwalior,63.7,Site Inspection
2023-01-03 23:38,2023-01-04 01:25,Business,Allahabad,Dhanbad,64.0,Meal/Entertain
2023-04-23 09:50,2023-04-23 11:50,Business,Howrah,Dewas,70.6,Customer Visit
2023-02-20 04:05,2023-02-20 05:47,Business,Bhopal,Agra,57.2,Meeting
2023-09-17 10:39,2023-09-17 12:28,Personal,Madurai,Raipur,62.3,Airport Pickup
2023-01-08 06:41,2023-01-08 08:02,Business,Aurangabad,Jodhpur,41.7,Airport Drop
2023-08-11 16:28,2023-08-11 18:19,Business,Vijayawada,Aurangabad,63.0,Client Meeting
2023-01-09 02:23,2023-01-09 03:44,Business,Raipur,Navi Mumbai,44.6,Meal/Entertain
2023-09-25 19:37,2023-09-25 21:20,Personal,Chennai,Thane,58.4,Client Meeting
2023-08-17 16:40,2023-08-17 18:11,Personal,Bangalore,Kanpur,49.7,Delivery Task
2023-05-12 20:29,2023-05-12 21:59,Business,Ludhiana,Bangalore,52.4,Office Commute
2023-02-14 06:48,2023-02-14 08:29,Personal,Hyderabad,Srinagar,60.4,Team Outing
2023-11-15 01:09,2023-11-15 03:01,Business,Vasai,Srinagar,69.1,Meeting
2023-08-22 22:45,2023-08-23 00:05,Business,Faridabad,Bengaluru,47.9,Client Meeting
2023-10-28 03:27,2023-10-28 03:59,Personal,Solapur,Solapur,8.5,Meal/Entertain
2023-09-22 12:37,2023-09-22 14:26,Business,Kolkata,Solapur,63.2,Temporary Site
2023-07-02 02:39,2023-07-02 04:24,Personal,Vadodara,Navi Mumbai,57.6,Client Meeting
2023-05-17 16:20,2023-05-17 18:02,Personal,Navi Mumbai,Howrah,63.7,Office Commute
2023-11-19 23:58,2023-11-20 01:15,Business,Howrah,Kolkata,42.3,Errand/Supplies
2023-08-27 20:17,2023-08-27 22:25,Business,Aurangabad,Noida,74.2,Team Outing
2023-12-14 22:10,2023-12-15 00:03,Personal,Kolkata,Mysore,71.7,Airport Pickup
2023-05-05 20:50,2023-05-05 22:49,Personal,Kochi,Vijayawada,66.1,Airport Drop
2023-11-11 22:45,2023-11-12 00:27,Business,Lucknow,Chandigarh,58.0,Field Work
2023-04-07 05:08,2023-04-07 06:37,Personal,Raipur,Bangalore,46.9,Errand/Supplies
2023-05-25 19:13,2023-05-25 20:36,Business,Kochi,Ludhiana,46.3,Meal/Entertain
2023-01-21 08:04,2023-01-21 09:59,Personal,Jaipur,Kalyan,67.2,Client Pickup
2023-04-21 08:26,2023-04-21 10:19,Business,Aurangabad,Hyderabad,67.1,Site Inspection
2023-12-06 03:33,2023-12-06 05:36,Business,Rajkot,Tiruchirappalli,76.3,Customer Visit
2023-05-16 20:33,2023-05-16 21:55,Business,Hyderabad,Bangalore,45.7,Site Inspection
2023-10-03 06:48,2023-10-03 08:02,Business,Noida,Pune,45.2,Conference Visit
2023-11-12 19:25,2023-11-12 21:21,Business,Howrah,Meerut,71.7,Team Outing
2023-09-24 04:31,2023-09-24 06:22,Business,Patiala,Pune,69.6,Client Pickup
2023-05-21 19:39,2023-05-21 21:14,Personal,Noida,Patiala,54.5,Temporary Site
2023-03-16 13:37,2023-03-16 15:34,Business,Coimbatore,Dewas,70.6,Meeting
2023-02-09 06:42,2023-02-09 08:38,Business,Bhubaneswar,Chandigarh,73.8,Site Inspection
2023-08-20 22:44,2023-08-21 00:38,Business,Patiala,Hyderabad,64.7,Errand/Supplies
2023-08-31 15:00,2023-08-31 16:51,Business,Chandigarh,Chennai,67.7,Meeting
2023-08-26 03:09,2023-08-26 05:21,Business,Rajkot,Kochi,78.8,Client Pickup
2023-04-03 21:12,2023-04-03 22:40,Business,Solapur,Ranchi,49.4,Office Commute
2023-05-23 20:31,2023-05-23 22:40,Personal,Thane,Surat,73.4,Customer Visit
2023-07-24 20:16,2023-07-24 21:56,Business,Kolkata,Srinagar,55.3,Client Meeting
2023-12-06 00:58,2023-12-06 02:47,Business,Chennai,Thiruvananthapuram,64.2,Site Inspection
2023-12-29 20:14,2023-12-29 21:44,Personal,Amritsar,Noida,54.8,Field Work
2023-02-02 13:46,2023-02-02 15:03,Business,Raipur,Tiruchirappalli,45.0,Field Work
2023-06-19 21:32,2023-06-19 22:47,Business,Guwahati,Kochi,45.9,Errand/Supplies
2023-12-28 08:37,2023-12-28 10:35,Business,Vijayawada,Dhanbad,75.4,Airport Pickup
2023-05-30 23:19,2023-05-31 00:48,Business,Kalyan,Amritsar,55.0,Customer Visit
2023-11-04 08:12,2023-11-04 10:00,Business,Jabalpur,Dhanbad,66.0,Errand/Supplies
2023-09-28 07:51,2023-09-28 09:49,Business,Bhubaneswar,Allahabad,73.2,Meal/Entertain
2023-12-18 19:12,2023-12-18 20:55,Business,Solapur,Raipur,64.6,Meal/Entertain
2023-10-10 10:19,2023-10-10 11:46,Business,Ahmedabad,Ghaziabad,46.0,Site Inspection
2023-01-19 13:03,2023-01-19 14:33,Business,Bhopal,Srinagar,52.0,Customer Visit
2023-02-13 01:16,2023-02-13 03:03,Personal,Kalyan,Navi Mumbai,58.3,Office Commute
2023-06-16 16:47,2023-06-16 18:00,Business,Nagpur,Madurai,45.7,Meal/Entertain
2023-09-16 00:23,2023-09-16 01:55,Business,Nashik,Indore,56.7,Meeting
2023-07-17 00:38,2023-07-17 02:14,Business,Ludhiana,Jabalpur,61.0,Errand/Supplies
2023-05-25 23:25,2023-05-26 01:16,Business,Jaipur,Vadodara,65.4,Meeting
2023-04-04 15:27,2023-04-04 16:39,Business,Ranchi,Ahmedabad,42.7,Office Commute
2023-01-18 05:14,2023-01-18 06:49,Business,Srinagar,Mysore,53.3,Customer Visit
2023-10-30 14:08,2023-10-30 15:37,Business,Madurai,Hyderabad,47.0,Delivery Task
2023-01-25 12:08,2023-01-25 14:15,Business,Pune,Kota,72.5,Client Meeting
2023-12-11 00:09,2023-12-11 02:02,Business,Allahabad,Gwalior,71.6,Meeting
2023-11-13 16:08,2023-11-13 17:51,Personal,Hubli,Visakhapatnam,55.9,Weekend Trip
2023-05-19 15:14,2023-05-19 16:31,Business,Ghaziabad,Allahabad,47.6,Errand/Supplies
2023-05-23 22:11,2023-05-23 23:36,Personal,Vadodara,Noida,45.0,Conference Visit
2023-05-31 03:47,2023-05-31 05:55,Business,Varanasi,Jodhpur,75.8,Errand/Supplies
2023-11-06 15:17,2023-11-06 16:52,Business,Coimbatore,Lonavala,54.7,Office Commute
2023-08-22 23:16,2023-08-23 00:30,Business,Thane,Bangalore,43.2,Customer Visit
2023-09-14 16:12,2023-09-14 17:30,Business,Madurai,Gwalior,43.2,Conference Visit
2023-09-25 21:04,2023-09-25 22:48,Business,Howrah,Kochi,57.0,Errand/Supplies
2023-04-17 15:02,2023-04-17 17:07,Business,Indore,Kochi,79.9,Weekend Trip
2023-11-08 02:45,2023-11-08 04:16,Business,Aurangabad,Patiala,54.5,Airport Drop
2023-06-20 04:04,2023-06-20 05:50,Business,Ahmedabad,Chandigarh,67.1,Office Commute
2023-05-21 15:29,2023-05-21 17:24,Business,Bhubaneswar,Aurangabad,65.8,Errand/Supplies
2023-05-25 01:38,2023-05-25 03:34,Business,Mumbai,Allahabad,67.2,Customer Visit
2023-05-23 12:13,2023-05-23 13:38,Business,Kochi,Solapur,45.5,Customer Visit
2023-01-11 01:31,2023-01-11 03:38,Business,Hubli,Noida,78.4,Customer Visit
2023-04-12 15:56,2023-04-12 17:42,Business,Lonavala,Ludhiana,62.5,Weekend Trip
2023-09-27 12:22,2023-09-27 14:18,Business,Raipur,Kochi,64.5,Site Inspection
2023-03-09 01:16,2023-03-09 02:39,Business,Delhi,Bhopal,43.0,Office Commute
2023-05-05 02:46,2023-05-05 04:52,Business,Bangalore,Thane,73.8,Airport Drop
2023-04-27 11:47,2023-04-27 13:14,Business,Raipur,Aurangabad,51.6,Conference Visit
2023-11-05 05:47,2023-11-05 06:29,Business,Raipur,Raipur,17.8,Meal/Entertain
2023-02-23 22:25,2023-02-23 23:49,Business,Lucknow,Dhanbad,48.0,Customer Visit
2023-08-03 05:43,2023-08-03 07:40,Business,Surat,Lonavala,72.1,Client Pickup
2023-10-06 10:18,2023-10-06 11:56,Business,Nashik,Varanasi,52.4,Airport Pickup
2023-01-29 15:24,2023-01-29 17:22,Business,Ludhiana,Kalyan,72.9,Errand/Supplies
2023-07-20 22:08,2023-07-20 23:51,Business,Hubli,Noida,58.6,Meal/Entertain
2023-08-17 06:33,2023-08-17 08:16,Business,Bhubaneswar,Varanasi,62.1,Meal/Entertain
2023-01-22 12:29,2023-01-22 14:31,Business,Srinagar,Bhubaneswar,76.4,Customer Visit
2023-12-30 00:23,2023-12-30 01:44,Business,Ludhiana,Chandigarh,46.5,Weekend Trip
2023-04-08 07:48,2023-04-08 09:49,Business,Indore,Ludhiana,73.8,Airport Drop
2023-08-27 14:53,2023-08-27 16:37,Business,Navi Mumbai,Meerut,65.0,Airport Pickup
2023-03-01 21:11,2023-03-01 23:17,Business,Lucknow,Noida,77.7,Temporary Site
2023-11-24 04:56,2023-11-24 06:38,Personal,Patiala,Nashik,64.2,Team Outing
2023-09-10 20:58,2023-09-10 22:43,Personal,Thiruvananthapuram,Vadodara,63.1,Errand/Supplies
2023-07-13 10:03,2023-07-13 11:55,Business,Srinagar,Mumbai,65.6,Site Inspection
2023-09-24 00:34,2023-09-24 02:39,Personal,Noida,Howrah,72.2,Client Pickup
2023-06-20 17:25,2023-06-20 18:46,Business,Howrah,Kolkata,42.4,Errand/Supplies
2023-05-02 09:28,2023-05-02 11:19,Business,Kota,Kolkata,64.3,Meal/Entertain
2023-10-23 09:54,2023-10-23 11:33,Business,Rajkot,Vadodara,55.9,Office Commute
2023-02-17 13:59,2023-02-17 15:26,Business,Lucknow,Meerut,49.7,Errand/Supplies
2023-05-30 04:32,2023-05-30 05:53,Business,Kochi,Faridabad,42.0,Client Pickup
2023-12-29 15:11,2023-12-29 17:14,Business,Faridabad,Vadodara,72.5,Client Pickup
2023-07-01 07:01,2023-07-01 09:20,Business,Delhi,Solapur,79.8,Office Commute
2023-06-02 17:16,2023-06-02 18:40,Business,Varanasi,Howrah,43.6,Meeting
2023-04-20 06:25,2023-04-20 07:47,Business,Faridabad,Dewas,41.9,Meal/Entertain
2023-04-21 23:22,2023-04-22 01:07,Business,Nagpur,Varanasi,66.9,Airport Pickup
2023-10-10 12:51,2023-10-10 14:59,Business,Tiruchirappalli,Bengaluru,75.3,Client Meeting
2023-08-10 11:24,2023-08-10 12:59,Business,Solapur,Jodhpur,56.0,Delivery Task
2023-06-24 21:36,2023-06-24 23:12,Business,Jabalpur,Meerut,55.5,Client Pickup
2023-02-07 13:08,2023-02-07 14:32,Business,Thiruvananthapuram,Nashik,44.8,Office Commute
2023-05-22 23:41,2023-05-23 01:23,Business,Jabalpur,Surat,62.3,Field Work
2023-01-18 14:15,2023-01-18 15:51,Personal,Delhi,Nagpur,60.0,Field Work
2023-06-27 11:26,2023-06-27 13:03,Business,Bhubaneswar,Raipur,58.9,Delivery Task
2023-08-27 02:12,2023-08-27 03:46,Personal,Nagpur,Vasai,53.1,Meal/Entertain
2023-04-27 05:03,2023-04-27 07:02,Business,Chennai,Jodhpur,69.6,Conference Visit
2023-08-07 14:50,2023-08-07 16:33,Business,Lucknow,Thrissur,59.6,Client Meeting
2023-04-30 11:45,2023-04-30 13:15,Business,Kota,Thiruvananthapuram,56.7,Client Meeting
2023-10-29 10:21,2023-10-29 12:12,Business,Nagpur,Kota,66.2,Meal/Entertain
2023-09-02 06:56,2023-09-02 08:23,Business,Rajkot,Amritsar,46.8,Client Meeting
2023-09-30 01:19,2023-09-30 02:28,Business,Chandigarh,Thiruvananthapuram,41.3,Airport Drop
2023-06-10 09:04,2023-06-10 10:40,Business,Delhi,Ahmedabad,56.8,Team Outing
2023-12-05 23:15,2023-12-06 01:16,Business,Kalyan,Lucknow,76.8,Client Meeting
2023-09-15 04:24,2023-09-15 06:17,Business,Raipur,Bhubaneswar,62.4,Customer Visit
2023-12-21 05:36,2023-12-21 07:01,Business,Ludhiana,Jaipur,46.9,Customer Visit
2023-09-22 09:00,2023-09-22 11:05,Business,Madurai,Indore,74.7,Office Commute
2023-08-05 17:44,2023-08-05 19:12,Business,Nashik,Kota,49.9,Weekend Trip
2023-09-26 01:30,2023-09-26 03:32,Business,Dhanbad,Howrah,68.2,Airport Drop
2023-11-05 21:42,2023-11-05 23:50,Personal,Hubli,Kota,77.3,Site Inspection
2023-12-14 21:05,2023-12-14 22:54,Business,Gwalior,Bhopal,61.7,Field Work
2023-04-23 19:12,2023-04-23 21:06,Business,Thiruvananthapuram,Indore,72.2,Customer Visit
2023-09-12 18:06,2023-09-12 20:14,Business,Gwalior,Raipur,77.0,Client Meeting
2023-04-16 07:08,2023-04-16 09:10,Business,Ranchi,Kota,73.1,Airport Drop
2023-04-05 03:52,2023-04-05 05:33,Personal,Bhubaneswar,Bengaluru,63.5,Client Meeting
2023-01-21 09:15,2023-01-21 11:01,Business,Patiala,Vasai,65.5,Customer Visit
2023-10-27 08:03,2023-10-27 09:18,Business,Kalyan,Hyderabad,44.0,Conference Visit
2023-09-11 13:24,2023-09-11 14:53,Business,Agra,Meerut,46.3,Client Pickup
2023-05-05 17:29,2023-05-05 19:40,Business,Kota,Noida,78.6,Team Outing
2023-08-11 23:18,2023-08-12 00:35,Business,Noida,Amritsar,43.6,Client Meeting
2023-12-21 15:55,2023-12-21 18:01,Business,Madurai,Ranchi,77.5,Client Meeting
2023-01-15 02:42,2023-01-15 04:55,Business,Kalyan,Varanasi,77.4,Temporary Site
2023-12-05 18:20,2023-12-05 20:19,Business,Surat,Lonavala,70.0,Meal/Entertain
2023-04-21 12:18,2023-04-21 14:35,Business,Varanasi,Allahabad,79.3,Delivery Task
2023-02-22 02:50,2023-02-22 05:02,Business,Noida,Madurai,75.6,Site Inspection
2023-10-11 22:31,2023-10-12 00:09,Business,Guwahati,Delhi,53.2,Airport Drop
2023-05-11 22:06,2023-05-11 23:20,Business,Noida,Ghaziabad,40.6,Customer Visit
2023-11-29 11:51,2023-11-29 13:18,Business,Mumbai,Patna,47.0,Weekend Trip
2023-09-17 21:55,2023-09-17 23:08,Business,Thiruvananthapuram,Kanpur,43.5,Temporary Site
2023-01-03 15:39,2023-01-03 17:48,Business,Coimbatore,Bhubaneswar,77.4,Field Work
2023-05-09 00:19,2023-05-09 01:49,Business,Jaipur,Faridabad,50.7,Client Pickup
2023-05-20 15:16,2023-05-20 16:43,Business,Mysore,Rajkot,50.5,Client Pickup
2023-06-07 10:45,2023-06-07 12:17,Business,Amritsar,Patiala,52.3,Team Outing
2023-05-23 17:45,2023-05-23 19:53,Personal,Pune,Bhopal,77.6,Client Pickup
2023-08-24 05:53,2023-08-24 07:36,Business,Dhanbad,Bhubaneswar,58.2,Weekend Trip
2023-07-28 18:01,2023-07-28 19:40,Business,Kalyan,Pune,58.8,Meal/Entertain
2023-11-02 18:49,2023-11-02 20:31,Business,Solapur,Faridabad,63.8,Client Pickup
2023-12-23 05:20,2023-12-23 06:49,Business,Ludhiana,Kochi,54.5,Conference Visit
2023-08-11 09:57,2023-08-11 11:36,Personal,Amritsar,Thrissur,60.2,Field Work
2023-09-22 04:48,2023-09-22 06:25,Business,Chennai,Hubli,57.7,Meal/Entertain
2023-06-23 00:11,2023-06-23 02:11,Personal,Raipur,Mysore,76.0,Client Meeting
2023-06-29 13:40,2023-06-29 14:57,Business,Kolkata,Bhubaneswar,42.3,Weekend Trip
2023-10-17 15:24,2023-10-17 17:24,Personal,Rajkot,Ahmedabad,72.7,Office Commute
2023-12-29 22:56,2023-12-30 01:02,Business,Mysore,Aurangabad,79.8,Temporary Site
2023-10-11 05:28,2023-10-11 07:31,Business,Visakhapatnam,Kota,70.6,Customer Visit
2023-12-19 03:41,2023-12-19 05:50,Personal,Jabalpur,Vasai,74.8,Meeting
2023-07-29 10:38,2023-07-29 12:26,Business,Jaipur,Bangalore,66.5,Temporary Site
2023-07-28 15:36,2023-07-28 17:03,Business,Noida,Vadodara,47.1,Weekend Trip
2023-01-02 08:22,2023-01-02 09:40,Business,Ludhiana,Bhubaneswar,48.9,Customer Visit
2023-07-26 13:58,2023-07-26 15:47,Business,Howrah,Kolkata,61.8,Office Commute
2023-04-18 01:14,2023-04-18 02:45,Business,Thiruvananthapuram,Dhanbad,53.8,Office Commute
2023-11-11 08:53,2023-11-11 10:17,Business,Visakhapatnam,Varanasi,44.5,Meal/Entertain
2023-04-04 11:10,2023-04-04 13:14,Business,Nashik,Srinagar,75.6,Office Commute
2023-09-18 23:42,2023-09-19 01:14,Personal,Aurangabad,Bengaluru,57.9,Customer Visit
2023-10-29 09:26,2023-10-29 11:17,Business,Faridabad,Ranchi,70.2,Site Inspection
2023-12-22 21:26,2023-12-22 22:55,Business,Bhubaneswar,Lucknow,49.4,Site Inspection
2023-04-03 00:06,2023-04-03 02:09,Business,Mumbai,Nagpur,72.7,Field Work
2023-06-10 14:39,2023-06-10 16:24,Business,Varanasi,Chandigarh,60.9,Office Commute
2023-10-13 12:40,2023-10-13 14:25,Business,Guwahati,Amritsar,63.7,Airport Pickup
2023-05-14 18:10,2023-05-14 19:56,Business,Navi Mumbai,Patna,59.8,Client Pickup
2023-02-27 22:48,2023-02-28 00:27,Business,Surat,Ludhiana,56.7,Conference Visit
2023-11-26 20:25,2023-11-26 22:05,Business,Jaipur,Coimbatore,58.9,Weekend Trip
2023-12-22 06:00,2023-12-22 07:54,Business,Howrah,Tiruchirappalli,72.2,Meal/Entertain
2023-02-22 01:50,2023-02-22 03:40,Business,Meerut,Kalyan,62.3,Office Commute
2023-12-25 03:46,2023-12-25 05:43,Business,Faridabad,Ghaziabad,65.9,Meeting
2023-03-15 23:25,2023-03-16 01:14,Business,Tiruchirappalli,Jabalpur,69.0,Office Commute
2023-12-06 06:43,2023-12-06 08:26,Business,Guwahati,Jaipur,64.1,Office Commute
2023-08-06 00:51,2023-08-06 02:45,Business,Delhi,Thane,69.0,Client Pickup
2023-12-20 00:26,2023-12-20 01:50,Business,Kota,Dewas,53.3,Meal/Entertain
2023-10-18 01:25,2023-10-18 03:29,Personal,Dewas,Visakhapatnam,69.7,Field Work
2023-06-04 00:52,2023-06-04 02:46,Business,Vijayawada,Faridabad,68.2,Errand/Supplies
2023-07-27 05:58,2023-07-27 07:36,Business,Meerut,Hubli,55.2,Office Commute
2023-06-30 23:28,2023-07-01 01:28,Business,Howrah,Ghaziabad,75.3,Meal/Entertain
2023-12-22 02:10,2023-12-22 04:11,Business,Thane,Rajkot,73.6,Site Inspection
2023-03-27 22:25,2023-03-28 00:07,Business,Jabalpur,Hubli,62.5,Errand/Supplies
2023-10-07 14:59,2023-10-07 16:52,Business,Ahmedabad,Ghaziabad,63.4,Site Inspection
2023-08-10 06:49,2023-08-10 08:14,Business,Gwalior,Chandigarh,49.2,Meeting
2023-04-10 22:27,2023-04-11 00:28,Business,Lonavala,Meerut,67.4,Meal/Entertain
2023-10-12 13:55,2023-10-12 15:38,Business,Rajkot,Noida,58.4,Errand/Supplies
2023-12-23 02:07,2023-12-23 03:42,Business,Chennai,Bhubaneswar,59.5,Errand/Supplies
2023-11-14 16:16,2023-11-14 17:26,Business,Ludhiana,Allahabad,43.0,Team Outing
2023-03-31 21:06,2023-03-31 23:03,Personal,Solapur,Agra,73.7,Temporary Site
2023-09-16 22:36,2023-09-17 00:33,Business,Raipur,Chandigarh,64.7,Meal/Entertain
2023-10-08 11:19,2023-10-08 12:33,Business,Patiala,Lonavala,40.7,Weekend Trip
2023-12-20 07:42,2023-12-20 09:40,Business,Madurai,Gwalior,72.2,Meeting
2023-03-16 12:56,2023-03-16 14:18,Business,Bengaluru,Vijayawada,46.0,Meeting
2023-05-25 21:05,2023-05-25 22:45,Business,Thiruvananthapuram,Indore,55.9,Client Pickup
2023-04-27 11:57,2023-04-27 13:45,Business,Kolkata,Mumbai,67.9,Weekend Trip
2023-06-07 09:28,2023-06-07 10:46,Personal,Noida,Tiruchirappalli,41.3,Customer Visit
2023-09-30 22:59,2023-10-01 00:47,Business,Jaipur,Meerut,65.5,Temporary Site
2023-05-09 15:39,2023-05-09 17:25,Business,Bangalore,Lonavala,65.8,Errand/Supplies
2023-12-17 00:28,2023-12-17 02:01,Business,Vasai,Ludhiana,49.2,Office Commute
2023-04-19 21:15,2023-04-19 23:02,Business,Guwahati,Allahabad,67.4,Office Commute
2023-03-22 10:51,2023-03-22 12:00,Business,Coimbatore,Visakhapatnam,40.6,Field Work
2023-01-30 21:06,2023-01-30 22:43,Business,Solapur,Thiruvananthapuram,55.9,Meal/Entertain
2023-06-01 03:12,2023-06-01 05:17,Personal,Chennai,Mumbai,73.4,Office Commute
2023-09-25 16:50,2023-09-25 18:44,Personal,Jaipur,Solapur,71.6,Client Meeting
2023-06-19 17:57,2023-06-19 19:12,Business,Lucknow,Ranchi,42.1,Meeting
2023-08-20 07:28,2023-08-20 09:31,Business,Thrissur,Aurangabad,70.8,Airport Drop
2023-07-10 12:45,2023-07-10 16:49,Business,Srinagar,Hubli,154.7,Errand/Supplies
2023-09-21 23:12,2023-09-22 00:54,Business,Indore,Meerut,57.3,Client Meeting
2023-10-04 22:39,2023-10-05 00:33,Personal,Bangalore,Srinagar,71.9,Airport Drop
2023-09-04 04:23,2023-09-04 06:14,Business,Bangalore,Guwahati,68.5,Errand/Supplies
2023-01-03 00:25,2023-01-03 01:45,Business,Ranchi,Jaipur,44.3,Weekend Trip
2023-02-03 21:40,2023-02-03 22:56,Business,Kochi,Jabalpur,44.1,Client Pickup
2023-02-10 02:45,2023-02-10 04:20,Business,Kanpur,Kochi,60.5,Airport Drop
2023-11-01 15:29,2023-11-01 17:19,Business,Bangalore,Indore,63.9,Client Meeting
2023-08-06 07:15,2023-08-06 09:10,Business,Vadodara,Jaipur,69.0,Meeting
2023-02-23 22:04,2023-02-23 23:39,Business,Mumbai,Ludhiana,55.2,Weekend Trip
2023-06-18 19:28,2023-06-18 20:44,Personal,Howrah,Guwahati,42.5,Client Pickup
2023-04-08 18:00,2023-04-08 19:16,Business,Kalyan,Howrah,43.1,Site Inspection
2023-06-27 19:34,2023-06-27 21:19,Business,Rajkot,Navi Mumbai,64.7,Weekend Trip
2023-12-01 20:16,2023-12-01 21:53,Business,Bhubaneswar,Howrah,55.2,Temporary Site
2023-09-10 20:06,2023-09-10 22:04,Business,Kochi,Hyderabad,72.9,Meeting
2023-07-06 00:41,2023-07-06 02:37,Business,Howrah,Hubli,67.8,Conference Visit
2023-09-27 21:28,2023-09-27 23:05,Business,Coimbatore,Jodhpur,51.7,Client Pickup
2023-11-14 02:16,2023-11-14 03:55,Business,Mumbai,Surat,55.0,Temporary Site
2023-07-31 21:37,2023-07-31 22:59,Business,Jabalpur,Bhopal,48.0,Customer Visit
2023-06-29 06:37,2023-06-29 08:45,Business,Patna,Srinagar,78.1,Customer Visit
2023-11-15 01:18,2023-11-15 03:17,Business,Kochi,Thane,67.7,Office Commute
2023-04-09 03:09,2023-04-09 04:36,Business,Patna,Lonavala,52.1,Field Work
2023-08-21 05:08,2023-08-21 06:32,Business,Raipur,Kanpur,43.0,Errand/Supplies
2023-12-04 17:34,2023-12-04 19:47,Business,Mysore,Jodhpur,76.9,Errand/Supplies
2023-12-14 18:40,2023-12-14 20:08,Business,Madurai,Allahabad,54.4,Meeting
2023-03-06 14:23,2023-03-06 16:08,Business,Bengaluru,Srinagar,66.6,Client Pickup
2023-10-20 07:30,2023-10-20 09:09,Business,Mumbai,Noida,56.0,Conference Visit
2023-03-28 05:12,2023-03-28 06:29,Business,Surat,Kanpur,43.9,Meeting
2023-08-17 14:03,2023-08-17 15:58,Business,Kochi,Jabalpur,70.9,Office Commute
2023-12-24 12:07,2023-12-24 13:31,Business,Indore,Ahmedabad,51.8,Office Commute
2023-05-02 03:01,2023-05-02 04:24,Business,Bhopal,Thrissur,45.7,Client Meeting
2023-07-04 22:09,2023-07-04 23:45,Business,Kolkata,Surat,59.3,Delivery Task
2023-04-27 14:39,2023-04-27 16:04,Business,Kochi,Rajkot,52.8,Client Pickup
2023-09-09 15:31,2023-09-09 17:30,Business,Thane,Raipur,74.0,Meeting
2023-04-05 17:26,2023-04-05 19:35,Personal,Patna,Thane,79.4,Meal/Entertain
2023-06-29 10:39,2023-06-29 12:16,Personal,Meerut,Chennai,57.1,Office Commute
2023-09-13 06:33,2023-09-13 08:02,Business,Thane,Jodhpur,47.5,Airport Drop
2023-06-24 14:20,2023-06-24 16:30,Personal,Jodhpur,Ahmedabad,75.3,Delivery Task
2023-10-20 04:10,2023-10-20 05:29,Personal,Jaipur,Agra,48.2,Site Inspection
2023-05-23 01:26,2023-05-23 03:13,Business,Mumbai,Bengaluru,61.5,Team Outing
2023-07-10 02:19,2023-07-10 04:14,Business,Delhi,Kolkata,66.8,Office Commute
2023-05-16 02:53,2023-05-16 04:44,Business,Nagpur,Jaipur,63.5,Airport Pickup
2023-10-02 04:17,2023-10-02 06:19,Personal,Tiruchirappalli,Kolkata,72.5,Meeting
2023-05-02 15:06,2023-05-02 16:54,Business,Vijayawada,Nashik,66.9,Field Work
2023-02-24 21:33,2023-02-24 23:12,Business,Faridabad,Howrah,54.9,Client Pickup
2023-03-14 03:20,2023-03-14 05:02,Personal,Kalyan,Nagpur,55.3,Meeting
2023-03-09 06:39,2023-03-09 08:27,Business,Navi Mumbai,Madurai,65.8,Customer Visit
2023-06-25 03:38,2023-06-25 05:02,Personal,Lonavala,Gwalior,52.6,Field Work
2023-03-17 18:43,2023-03-17 20:29,Personal,Vadodara,Indore,59.4,Office Commute
2023-07-10 23:13,2023-07-11 00:55,Personal,Meerut,Lucknow,56.4,Client Meeting
2023-08-08 13:53,2023-08-08 15:08,Business,Raipur,Thrissur,46.7,Client Meeting
2023-03-29 07:41,2023-03-29 08:56,Business,Surat,Solapur,41.3,Client Pickup
2023-10-25 10:53,2023-10-25 12:57,Business,Chennai,Srinagar,69.7,Meal/Entertain
2023-10-29 00:34,2023-10-29 01:56,Business,Meerut,Lucknow,44.6,Delivery Task
2023-06-21 09:50,2023-06-21 11:46,Business,Madurai,Thiruvananthapuram,70.4,Delivery Task
2023-04-07 03:09,2023-04-07 05:02,Business,Kanpur,Bengaluru,66.1,Customer Visit
2023-11-14 04:27,2023-11-14 05:54,Business,Vadodara,Allahabad,53.9,Client Meeting
2023-04-03 00:29,2023-04-03 02:26,Business,Kochi,Vadodara,71.0,Site Inspection
2023-10-04 00:42,2023-10-04 02:21,Personal,Thane,Ranchi,54.0,Site Inspection
2023-03-22 08:50,2023-03-22 10:08,Business,Chennai,Nashik,48.3,Meeting
2023-03-07 09:23,2023-03-07 11:13,Personal,Mumbai,Indore,63.9,Meeting
2023-11-30 05:17,2023-11-30 06:41,Personal,Raipur,Gwalior,50.7,Airport Drop
2023-04-18 16:50,2023-04-18 18:54,Personal,Bhubaneswar,Solapur,76.8,Client Meeting
2023-05-06 02:09,2023-05-06 03:29,Personal,Pune,Vadodara,45.8,Customer Visit
2023-08-13 05:59,2023-08-13 07:41,Business,Solapur,Thrissur,59.6,Temporary Site
2023-11-05 14:11,2023-11-05 15:22,Business,Navi Mumbai,Kalyan,43.0,Site Inspection
2023-12-07 17:11,2023-12-07 19:08,Personal,Jodhpur,Lucknow,67.8,Airport Pickup
2023-10-28 15:27,2023-10-28 16:34,Business,Kolkata,Lonavala,40.1,Office Commute
2023-11-27 03:33,2023-11-27 05:21,Business,Rajkot,Kolkata,67.9,Conference Visit
2023-11-17 08:08,2023-11-17 10:17,Business,Surat,Madurai,78.7,Meeting
2023-08-01 13:18,2023-08-01 14:43,Business,Lonavala,Guwahati,51.3,Customer Visit
2023-09-23 01:50,2023-09-23 03:16,Business,Mumbai,Tiruchirappalli,53.7,Errand/Supplies
2023-01-07 07:45,2023-01-07 09:43,Business,Allahabad,Bengaluru,73.5,Meeting
2023-06-16 03:22,2023-06-16 05:00,Personal,Visakhapatnam,Tiruchirappalli,58.3,Office Commute
2023-03-03 17:46,2023-03-03 19:38,Business,Pune,Vijayawada,66.0,Delivery Task
2023-09-16 01:40,2023-09-16 02:54,Business,Bangalore,Noida,43.3,Field Work
2023-10-21 07:16,2023-10-21 09:11,Business,Amritsar,Jodhpur,69.0,Meeting
2023-03-24 21:13,2023-03-24 22:38,Business,Kanpur,Noida,43.8,Team Outing
2023-06-22 20:19,2023-06-22 21:55,Personal,Aurangabad,Bhubaneswar,60.8,Office Commute
2023-12-01 02:57,2023-12-01 04:22,Business,Agra,Pune,44.8,Meal/Entertain
2023-02-04 16:37,2023-02-04 17:58,Personal,Pune,Bhubaneswar,49.2,Errand/Supplies
2023-11-12 21:08,2023-11-12 22:39,Personal,Bengaluru,Hubli,55.3,Site Inspection
2023-01-04 06:59,2023-01-04 08:40,Business,Noida,Patna,61.2,Office Commute
2023-02-28 18:54,2023-02-28 20:49,Business,Kochi,Indore,65.1,Meal/Entertain
2023-12-15 04:51,2023-12-15 06:12,Business,Nashik,Patna,48.7,Meal/Entertain
2023-05-17 12:32,2023-05-17 14:33,Business,Bhubaneswar,Solapur,69.2,Customer Visit
2023-02-02 17:15,2023-02-02 18:43,Business,Hubli,Surat,51.1,Field Work
2023-10-30 12:31,2023-10-30 14:12,Personal,Meerut,Nagpur,64.3,Field Work
2023-07-21 01:46,2023-07-21 02:13,Personal,Tiruchirappalli,Tiruchirappalli,11.0,Meal/Entertain
2023-12-15 17:09,2023-12-15 18:24,Business,Ranchi,Jodhpur,42.2,Conference Visit
2023-08-19 15:49,2023-08-19 17:26,Business,Lonavala,Jaipur,60.0,Meal/Entertain
2023-12-29 16:48,2023-12-29 19:02,Personal,Ludhiana,Varanasi,79.5,Errand/Supplies
2023-05-22 21:53,2023-05-22 23:37,Business,Bhubaneswar,Jaipur,62.7,Airport Drop
2023-01-07 11:33,2023-01-07 13:26,Business,Solapur,Kota,70.8,Client Pickup
2023-11-03 12:42,2023-11-03 14:54,Business,Agra,Ghaziabad,76.9,Team Outing
2023-06-11 08:06,2023-06-11 09:54,Business,Lucknow,Gwalior,60.0,Meal/Entertain
2023-08-28 05:58,2023-08-28 07:39,Personal,Pune,Jodhpur,61.5,Field Work
2023-03-20 21:56,2023-03-20 23:35,Personal,Guwahati,Bangalore,60.5,Client Meeting
2023-11-21 02:21,2023-11-21 04:06,Business,Madurai,Hubli,65.4,Airport Drop
2023-04-03 16:15,2023-04-03 18:18,Business,Howrah,Pune,78.1,Office Commute
2023-08-26 19:01,2023-08-26 20:13,Business,Faridabad,Bangalore,44.6,Errand/Supplies
2023-02-16 09:17,2023-02-16 11:06,Business,Howrah,Patiala,69.6,Office Commute
2023-05-15 15:31,2023-05-15 16:53,Business,Raipur,Bhubaneswar,46.6,Errand/Supplies
2023-04-15 09:03,2023-04-15 10:57,Business,Chennai,Jabalpur,71.2,Meeting
2023-10-04 15:20,2023-10-04 16:30,Personal,Srinagar,Vasai,42.6,Office Commute
2023-11-30 17:48,2023-11-30 19:01,Business,Lonavala,Kolkata,42.2,Client Pickup
2023-08-11 21:15,2023-08-11 22:29,Personal,Jabalpur,Chennai,44.1,Customer Visit
2023-12-02 03:04,2023-12-02 04:11,Business,Dhanbad,Ranchi,41.8,Client Pickup
2023-02-28 06:53,2023-02-28 08:25,Business,Faridabad,Allahabad,55.3,Team Outing
2023-03-29 04:38,2023-03-29 06:32,Business,Visakhapatnam,Tiruchirappalli,66.2,Site Inspection
2023-11-17 18:51,2023-11-17 20:17,Personal,Faridabad,Kalyan,52.8,Team Outing
2023-01-21 10:56,2023-01-21 12:46,Business,Mumbai,Jabalpur,66.9,Client Meeting
2023-06-05 16:53,2023-06-05 18:02,Business,Dhanbad,Thane,41.8,Delivery Task
2023-05-01 15:54,2023-05-01 17:55,Business,Varanasi,Kolkata,70.9,Conference Visit
2023-04-24 05:51,2023-04-24 07:27,Business,Bangalore,Meerut,54.8,Team Outing
2023-07-11 14:27,2023-07-11 16:00,Personal,Ranchi,Nashik,54.7,Meeting
2023-02-28 11:22,2023-02-28 13:14,Personal,Rajkot,Vasai,71.8,Meal/Entertain
2023-01-04 17:25,2023-01-04 19:21,Business,Visakhapatnam,Kalyan,67.7,Conference Visit
2023-10-10 10:08,2023-10-10 12:13,Business,Agra,Solapur,74.0,Client Meeting
2023-07-11 02:02,2023-07-11 03:22,Personal,Bengaluru,Dewas,49.5,Office Commute
2023-03-31 21:28,2023-03-31 22:48,Business,Chandigarh,Raipur,41.8,Customer Visit
2023-02-02 23:20,2023-02-03 01:26,Business,Pune,Vasai,79.0,Airport Pickup
2023-08-18 20:52,2023-08-18 22:21,Business,Lucknow,Bhubaneswar,55.8,Errand/Supplies
2023-04-12 08:36,2023-04-12 10:05,Business,Kanpur,Patiala,49.5,Airport Drop
2023-05-07 16:53,2023-05-07 18:57,Business,Visakhapatnam,Thane,73.3,Meeting
2023-02-22 20:39,2023-02-22 22:43,Business,Kochi,Guwahati,77.7,Airport Drop
2023-06-07 20:58,2023-06-07 22:33,Personal,Chandigarh,Bengaluru,58.6,Customer Visit
2023-04-30 17:38,2023-04-30 19:09,Business,Madurai,Indore,48.3,Field Work
2023-09-24 10:29,2023-09-24 11:52,Business,Ghaziabad,Tiruchirappalli,46.3,Field Work
2023-11-21 15:23,2023-11-21 16:40,Business,Thiruvananthapuram,Raipur,41.6,Meeting
2023-06-03 21:15,2023-06-03 23:19,Business,Chandigarh,Bangalore,78.7,Delivery Task
2023-01-13 01:42,2023-01-13 03:58,Business,Patna,Howrah,79.6,Client Pickup
2023-02-06 18:54,2023-02-06 20:46,Business,Tiruchirappalli,Kochi,62.0,Site Inspection
2023-01-24 22:47,2023-01-25 00:06,Business,Bengaluru,Thane,44.9,Team Outing
2023-09-02 18:47,2023-09-02 20:16,Personal,Bhubaneswar,Delhi,54.9,Field Work
2023-03-18 19:10,2023-03-18 21:28,Business,Mysore,Thiruvananthapuram,79.9,Meal/Entertain
2023-11-11 03:22,2023-11-11 05:27,Business,Thane,Bhubaneswar,73.9,Meeting
2023-12-25 21:31,2023-12-25 22:52,Business,Bhopal,Allahabad,42.0,Customer Visit
2023-09-23 08:00,2023-09-23 09:19,Business,Thiruvananthapuram,Rajkot,41.2,Conference Visit
2023-04-19 16:26,2023-04-19 17:56,Business,Coimbatore,Indore,47.5,Office Commute
2023-06-10 00:02,2023-06-10 01:39,Business,Varanasi,Chandigarh,51.8,Airport Pickup
2023-03-19 11:04,2023-03-19 12:24,Business,Amritsar,Bangalore,45.5,Office Commute
2023-05-29 13:08,2023-05-29 14:25,Business,Navi Mumbai,Thane,40.8,Client Meeting
2023-08-08 16:15,2023-08-08 17:50,Business,Kota,Madurai,53.8,Errand/Supplies
2023-03-27 01:24,2023-03-27 02:48,Business,Jaipur,Guwahati,52.8,Delivery Task
2023-07-03 04:25,2023-07-03 05:44,Business,Vasai,Thane,42.3,Errand/Supplies
2023-02-08 21:19,2023-02-08 23:29,Personal,Srinagar,Mysore,79.0,Meal/Entertain
2023-12-23 05:28,2023-12-23 07:23,Business,Patiala,Faridabad,72.7,Field Work
2023-05-31 20:21,2023-05-31 22:35,Business,Solapur,Dhanbad,79.3,Site Inspection
2023-04-02 20:48,2023-04-02 22:13,Business,Visakhapatnam,Thrissur,46.9,Errand/Supplies
2023-01-11 22:54,2023-01-12 01:04,Personal,Thane,Ranchi,76.6,Office Commute
2023-07-11 03:53,2023-07-11 05:55,Personal,Mumbai,Delhi,72.4,Errand/Supplies
2023-07-05 15:10,2023-07-05 16:16,Business,Coimbatore,Lonavala,40.8,Meeting
2023-03-10 22:02,2023-03-10 23:37,Business,Hyderabad,Vijayawada,53.6,Customer Visit
2023-02-25 00:17,2023-02-25 02:07,Personal,Amritsar,Ahmedabad,68.2,Office Commute
2023-05-26 02:07,2023-05-26 04:21,Personal,Tiruchirappalli,Ludhiana,78.4,Meal/Entertain
2023-10-12 10:00,2023-10-12 12:16,Personal,Mysore,Bengaluru,79.0,Conference Visit
2023-03-09 15:41,2023-03-09 17:36,Business,Surat,Navi Mumbai,66.0,Client Meeting
2023-04-30 03:47,2023-04-30 05:11,Business,Dhanbad,Patiala,47.0,Site Inspection
2023-08-11 11:12,2023-08-11 13:26,Business,Bhubaneswar,Coimbatore,78.0,Meeting
2023-08-22 22:40,2023-08-22 23:56,Personal,Tiruchirappalli,Srinagar,41.3,Site Inspection
2023-08-08 15:18,2023-08-08 16:39,Business,Vijayawada,Thane,48.8,Office Commute
2023-04-03 10:16,2023-04-03 12:16,Business,Visakhapatnam,Lonavala,69.8,Meal/Entertain
2023-11-16 02:26,2023-11-16 04:38,Business,Hubli,Chennai,78.5,Office Commute
2023-01-27 07:53,2023-01-27 09:24,Business,Kochi,Agra,50.0,Office Commute
2023-05-30 21:11,2023-05-30 22:30,Business,Ghaziabad,Surat,40.1,Client Pickup
2023-07-11 11:51,2023-07-11 14:01,Business,Rajkot,Kalyan,75.4,Client Meeting
2023-11-03 07:29,2023-11-03 09:30,Business,Indore,Madurai,73.2,Office Commute
2023-04-25 12:44,2023-04-25 14:39,Business,Chennai,Kochi,73.8,Meeting
2023-03-08 01:29,2023-03-08 02:50,Business,Hubli,Ghaziabad,43.0,Office Commute
2023-02-06 03:47,2023-02-06 05:58,Business,Chennai,Rajkot,77.7,Customer Visit
2023-06-17 12:13,2023-06-17 14:05,Business,Nagpur,Nashik,68.2,Team Outing
2023-05-09 14:01,2023-05-09 15:15,Business,Nagpur,Varanasi,42.1,Meeting
2023-10-11 11:51,2023-10-11 13:47,Business,Delhi,Kalyan,68.9,Meeting
2023-06-02 14:06,2023-06-02 15:31,Business,Patiala,Gwalior,43.8,Airport Pickup
2023-04-25 09:23,2023-04-25 11:08,Business,Chandigarh,Amritsar,57.1,Office Commute
2023-11-24 16:29,2023-11-24 17:41,Business,Delhi,Bengaluru,43.3,Delivery Task
2023-09-14 17:20,2023-09-14 19:02,Business,Howrah,Surat,59.6,Meeting
2023-12-10 21:23,2023-12-10 22:51,Business,Bangalore,Noida,47.4,Office Commute
2023-06-30 14:39,2023-06-30 16:07,Business,Jabalpur,Coimbatore,50.5,Customer Visit
2023-10-20 03:20,2023-10-20 04:31,Business,Dhanbad,Thrissur,42.5,Meeting
2023-10-21 18:41,2023-10-21 20:25,Business,Bangalore,Patiala,61.7,Meal/Entertain
2023-06-12 13:56,2023-06-12 16:05,Business,Meerut,Amritsar,72.7,Delivery Task
2023-06-03 07:50,2023-06-03 09:14,Personal,Mumbai,Varanasi,52.0,Meal/Entertain
2023-09-21 03:04,2023-09-21 05:01,Business,Lucknow,Mumbai,72.0,Meeting
2023-03-06 22:05,2023-03-07 00:13,Business,Bhopal,Solapur,78.0,Delivery Task
2023-09-23 07:11,2023-09-23 08:54,Business,Thane,Delhi,56.9,Field Work
2023-04-11 03:40,2023-04-11 05:45,Business,Delhi,Thiruvananthapuram,73.4,Airport Drop
2023-05-31 17:20,2023-05-31 18:41,Business,Vijayawada,Rajkot,42.7,Team Outing
2023-12-23 04:34,2023-12-23 06:10,Business,Meerut,Hubli,60.8,Client Meeting
2023-06-12 22:53,2023-06-13 00:32,Business,Surat,Pune,60.9,Client Meeting
2023-10-22 12:35,2023-10-22 14:18,Business,Kalyan,Chandigarh,63.5,Weekend Trip
2023-04-22 02:34,2023-04-22 03:56,Business,Visakhapatnam,Bengaluru,44.0,Client Meeting
2023-08-11 03:38,2023-08-11 05:37,Business,Varanasi,Kalyan,66.2,Site Inspection
2023-08-25 09:04,2023-08-25 10:29,Business,Allahabad,Coimbatore,45.8,Delivery Task
2023-04-03 06:23,2023-04-03 07:48,Business,Allahabad,Jodhpur,53.3,Meeting
2023-01-08 20:35,2023-01-08 22:43,Business,Ranchi,Kota,75.9,Meal/Entertain
2023-07-10 22:13,2023-07-10 23:37,Personal,Thiruvananthapuram,Surat,51.2,Errand/Supplies
2023-06-22 02:05,2023-06-22 04:18,Personal,Vadodara,Dhanbad,79.0,Customer Visit
2023-03-14 23:41,2023-03-15 01:38,Business,Guwahati,Rajkot,65.8,Client Meeting
2023-10-22 22:59,2023-10-23 00:59,Business,Dewas,Vijayawada,69.6,Office Commute
2023-05-01 19:52,2023-05-01 21:18,Business,Thiruvananthapuram,Amritsar,46.4,Delivery Task
2023-01-12 05:48,2023-01-12 07:50,Business,Bhubaneswar,Srinagar,75.2,Airport Pickup
2023-04-07 21:25,2023-04-07 23:21,Personal,Delhi,Varanasi,73.5,Site Inspection
2023-04-17 09:39,2023-04-17 11:37,Business,Kolkata,Amritsar,68.2,Delivery Task
2023-02-18 02:34,2023-02-18 04:17,Business,Thiruvananthapuram,Kolkata,65.4,Meeting
2023-12-05 01:28,2023-12-05 03:14,Business,Faridabad,Jabalpur,57.8,Office Commute
2023-12-14 09:16,2023-12-14 10:38,Personal,Mysore,Meerut,46.5,Delivery Task
2023-05-31 03:03,2023-05-31 04:26,Business,Ranchi,Thrissur,51.4,Office Commute
2023-11-29 20:51,2023-11-29 23:00,Business,Chennai,Tiruchirappalli,78.6,Customer Visit
2023-06-09 00:53,2023-06-09 02:14,Personal,Noida,Dhanbad,50.8,Meeting
2023-07-04 02:54,2023-07-04 04:43,Personal,Vadodara,Srinagar,67.3,Client Pickup
2023-04-09 00:26,2023-04-09 01:40,Business,Noida,Coimbatore,40.3,Delivery Task
2023-05-27 05:00,2023-05-27 05:36,Business,Raipur,Raipur,13.5,Team Outing
2023-07-22 04:41,2023-07-22 06:16,Personal,Kolkata,Ghaziabad,52.1,Office Commute
2023-11-24 11:58,2023-11-24 15:30,Business,Mysore,Bengaluru,130.7,Client Pickup
2023-09-23 19:11,2023-09-23 20:35,Personal,Meerut,Noida,51.3,Errand/Supplies
2023-05-07 06:29,2023-05-07 07:58,Business,Kota,Aurangabad,51.1,Site Inspection
2023-04-27 00:56,2023-04-27 03:00,Business,Ghaziabad,Noida,75.7,Meal/Entertain
2023-11-09 19:09,2023-11-09 21:20,Business,Chandigarh,Ludhiana,76.0,Weekend Trip
2023-09-12 12:46,2023-09-12 14:49,Business,Patiala,Hubli,68.9,Errand/Supplies
2023-10-14 02:50,2023-10-14 04:20,Personal,Gwalior,Ghaziabad,56.2,Meal/Entertain
2023-05-14 06:32,2023-05-14 08:32,Personal,Mysore,Raipur,72.6,Office Commute
2023-09-18 22:16,2023-09-19 00:00,Business,Patna,Madurai,59.0,Team Outing
2023-12-07 09:31,2023-12-07 11:31,Business,Lucknow,Howrah,73.6,Office Commute
2023-10-09 15:13,2023-10-09 17:07,Business,Gwalior,Bengaluru,69.6,Client Pickup
2023-05-18 23:28,2023-05-19 00:45,Business,Patna,Vasai,43.6,Temporary Site
2023-05-09 16:05,2023-05-09 18:08,Personal,Ranchi,Vadodara,71.5,Errand/Supplies
2023-07-02 17:43,2023-07-02 19:40,Business,Ghaziabad,Mysore,74.0,Customer Visit
2023-01-28 15:46,2023-01-28 18:02,Business,Vadodara,Navi Mumbai,77.8,Meal/Entertain
2023-05-29 05:24,2023-05-29 07:30,Personal,Varanasi,Delhi,74.7,Office Commute
2023-03-19 18:53,2023-03-19 20:17,Business,Kalyan,Amritsar,46.0,Meeting
2023-02-25 14:56,2023-02-25 17:10,Business,Kalyan,Mumbai,79.5,Airport Drop
2023-05-10 04:19,2023-05-10 05:33,Business,Vadodara,Raipur,43.2,Client Meeting
2023-08-12 19:18,2023-08-12 21:14,Business,Hubli,Navi Mumbai,70.9,Errand/Supplies
2023-08-27 15:21,2023-08-27 16:44,Business,Lonavala,Surat,43.5,Delivery Task
2023-05-29 20:46,2023-05-29 22:48,Business,Navi Mumbai,Kanpur,78.6,Meal/Entertain
2023-01-06 11:12,2023-01-06 12:49,Business,Allahabad,Madurai,54.9,Conference Visit
2023-01-02 14:26,2023-01-02 15:39,Business,Solapur,Thrissur,40.7,Office Commute
2023-02-09 21:18,2023-02-09 22:53,Personal,Dhanbad,Pune,52.5,Client Meeting
2023-01-18 18:07,2023-01-18 19:24,Business,Lucknow,Mysore,42.6,Team Outing
2023-05-12 04:51,2023-05-12 06:44,Business,Gwalior,Kolkata,63.9,Meeting
2023-12-17 01:30,2023-12-17 03:10,Business,Varanasi,Patna,53.7,Meeting
2023-12-23 14:17,2023-12-23 16:30,Business,Indore,Solapur,77.9,Field Work
2023-03-24 00:26,2023-03-24 02:30,Business,Ahmedabad,Dhanbad,79.4,Meal/Entertain
2023-09-10 15:28,2023-09-10 16:56,Business,Mysore,Lucknow,54.7,Field Work
2023-08-31 00:02,2023-08-31 01:54,Business,Jaipur,Varanasi,70.8,Office Commute
2023-01-08 16:00,2023-01-08 17:45,Business,Nagpur,Amritsar,66.1,Meal/Entertain
2023-08-01 13:02,2023-08-01 14:37,Personal,Pune,Bhopal,55.2,Field Work
2023-09-02 18:55,2023-09-02 20:41,Business,Kota,Pune,67.8,Field Work
2023-04-15 20:22,2023-04-15 22:10,Business,Howrah,Kalyan,66.5,Team Outing
2023-08-28 21:21,2023-08-28 22:59,Business,Kalyan,Thrissur,60.5,Office Commute
2023-08-25 12:18,2023-08-25 13:58,Business,Gwalior,Bhopal,59.9,Site Inspection
2023-05-20 00:04,2023-05-20 02:20,Business,Srinagar,Ghaziabad,78.9,Meeting
2023-05-09 09:26,2023-05-09 11:33,Business,Gwalior,Chennai,77.3,Delivery Task
2023-11-21 08:55,2023-11-21 09:49,Business,Agra,Agra,23.1,Site Inspection
2023-10-09 00:13,2023-10-09 01:25,Personal,Chandigarh,Bangalore,43.0,Meeting
2023-04-25 23:07,2023-04-26 00:47,Business,Vasai,Ghaziabad,58.3,Office Commute
2023-01-16 07:38,2023-01-16 09:02,Personal,Kolkata,Amritsar,47.0,Meal/Entertain
2023-02-15 00:16,2023-02-15 01:49,Business,Jabalpur,Thane,57.0,Client Meeting
2023-02-23 17:55,2023-02-23 19:05,Personal,Tiruchirappalli,Solapur,40.4,Delivery Task
2023-04-15 04:49,2023-04-15 06:53,Business,Hyderabad,Indore,78.2,Site Inspection
2023-06-05 10:36,2023-06-05 12:01,Personal,Jabalpur,Thiruvananthapuram,44.6,Client Pickup
2023-11-07 15:35,2023-11-07 17:44,Business,Guwahati,Thrissur,74.0,Field Work
2023-09-28 08:46,2023-09-28 09:58,Business,Noida,Varanasi,44.5,Site Inspection
2023-07-07 10:51,2023-07-07 13:04,Business,Tiruchirappalli,Chennai,76.4,Site Inspection
2023-01-12 04:35,2023-01-12 06:05,Business,Coimbatore,Nashik,54.3,Site Inspection
2023-06-21 03:30,2023-06-21 05:29,Business,Kota,Vijayawada,75.5,Site Inspection
2023-12-04 05:26,2023-12-04 06:38,Personal,Aurangabad,Ghaziabad,40.5,Meeting
2023-09-30 01:52,2023-09-30 03:31,Personal,Patiala,Vadodara,60.9,Office Commute
2023-09-15 18:13,2023-09-15 19:58,Personal,Kanpur,Patiala,59.3,Conference Visit
2023-08-27 00:46,2023-08-27 02:45,Business,Chandigarh,Thrissur,75.7,Conference Visit
2023-07-02 06:05,2023-07-02 07:55,Personal,Agra,Noida,60.2,Temporary Site
2023-04-04 13:16,2023-04-04 15:00,Business,Vadodara,Chennai,59.7,Site Inspection
2023-05-28 01:09,2023-05-28 02:59,Personal,Guwahati,Amritsar,62.0,Conference Visit
2023-08-11 13:04,2023-08-11 14:49,Business,Thiruvananthapuram,Faridabad,57.8,Office Commute
2023-07-13 03:51,2023-07-13 05:14,Personal,Bangalore,Tiruchirappalli,52.6,Meal/Entertain
2023-01-01 01:34,2023-01-01 03:14,Business,Bengaluru,Jodhpur,62.3,Meeting
2023-12-12 16:26,2023-12-12 18:15,Business,Surat,Nagpur,65.5,Customer Visit
2023-11-17 12:27,2023-11-17 13:53,Business,Noida,Patiala,53.6,Delivery Task
2023-10-26 00:50,2023-10-26 02:29,Business,Thiruvananthapuram,Dhanbad,53.3,Office Commute
2023-02-07 20:10,2023-02-07 21:49,Business,Raipur,Patiala,58.1,Customer Visit
2023-11-07 15:43,2023-11-07 17:34,Business,Agra,Hyderabad,65.3,Meeting
2023-12-15 07:30,2023-12-15 08:46,Business,Meerut,Ludhiana,44.3,Site Inspection
2023-06-08 22:07,2023-06-08 23:59,Business,Lonavala,Bhubaneswar,69.7,Office Commute
2023-11-27 23:01,2023-11-28 00:25,Business,Ghaziabad,Nashik,44.8,Team Outing
2023-05-12 05:46,2023-05-12 07:05,Business,Dewas,Kolkata,47.6,Office Commute
2023-12-13 07:45,2023-12-13 09:11,Business,Solapur,Kalyan,44.9,Customer Visit
2023-07-13 17:25,2023-07-13 19:00,Business,Kolkata,Patiala,60.2,Temporary Site
2023-07-17 10:00,2023-07-17 11:38,Business,Ludhiana,Ranchi,59.3,Airport Drop
2023-02-10 05:11,2023-02-10 07:16,Business,Pune,Mysore,72.6,Conference Visit
2023-12-09 07:09,2023-12-09 08:45,Personal,Patiala,Nagpur,52.9,Delivery Task
2023-04-17 06:05,2023-04-17 08:07,Personal,Kalyan,Nagpur,70.5,Meeting
2023-06-10 07:03,2023-06-10 08:24,Business,Hyderabad,Gwalior,45.3,Meeting
2023-10-14 03:38,2023-10-14 05:07,Business,Thrissur,Pune,52.6,Weekend Trip
2023-05-15 02:22,2023-05-15 03:48,Business,Delhi,Dewas,51.6,Field Work
2023-07-30 16:23,2023-07-30 17:48,Business,Raipur,Noida,47.1,Field Work
2023-08-15 08:08,2023-08-15 09:59,Business,Raipur,Bhopal,62.5,Meeting
2023-12-07 18:40,2023-12-07 20:30,Business,Patna,Ranchi,61.4,Errand/Supplies
2023-02-26 10:32,2023-02-26 11:39,Business,Thane,Agra,41.0,Customer Visit
2023-03-04 12:01,2023-03-04 14:00,Personal,Patiala,Amritsar,70.0,Airport Drop
2023-11-01 14:44,2023-11-01 16:01,Business,Patna,Ghaziabad,42.5,Client Pickup
2023-06-25 18:29,2023-06-25 19:58,Business,Dewas,Solapur,54.3,Errand/Supplies
2023-03-29 02:41,2023-03-29 04:31,Business,Nashik,Vadodara,62.5,Meal/Entertain
2023-04-22 16:59,2023-04-22 18:53,Business,Faridabad,Lucknow,72.0,Delivery Task
2023-09-24 02:02,2023-09-24 04:14,Business,Visakhapatnam,Jaipur,78.3,Airport Drop
2023-12-04 22:05,2023-12-05 00:10,Business,Meerut,Amritsar,71.2,Meeting
2023-09-09 12:22,2023-09-09 14:20,Business,Thrissur,Dhanbad,68.2,Errand/Supplies
2023-10-29 10:12,2023-10-29 11:59,Personal,Solapur,Mysore,64.1,Office Commute
2023-03-14 14:44,2023-03-14 16:34,Personal,Gwalior,Kochi,67.3,Airport Drop
2023-04-19 09:30,2023-04-19 10:45,Business,Ranchi,Lucknow,41.6,Site Inspection
2023-05-09 09:04,2023-05-09 10:38,Personal,Bhubaneswar,Chennai,50.2,Client Pickup
2023-05-06 07:07,2023-05-06 08:22,Personal,Raipur,Visakhapatnam,46.1,Team Outing
2023-04-27 22:57,2023-04-28 01:07,Business,Srinagar,Visakhapatnam,73.7,Errand/Supplies
2023-10-02 20:04,2023-10-02 21:23,Business,Surat,Mumbai,42.9,Office Commute
2023-11-02 08:27,2023-11-02 10:08,Personal,Ludhiana,Dhanbad,60.8,Weekend Trip
2023-03-27 21:42,2023-03-27 22:58,Business,Kalyan,Madurai,43.7,Errand/Supplies
2023-10-20 07:15,2023-10-20 08:52,Business,Patiala,Hyderabad,51.7,Errand/Supplies
2023-02-14 13:17,2023-02-14 15:12,Personal,Meerut,Thiruvananthapuram,66.0,Office Commute
2023-08-30 05:22,2023-08-30 07:10,Business,Kochi,Faridabad,64.5,Meeting
2023-11-06 05:10,2023-11-06 06:40,Business,Allahabad,Patna,55.3,Office Commute
2023-12-20 22:15,2023-12-20 23:47,Business,Jaipur,Ghaziabad,51.3,Meal/Entertain
2023-04-26 02:57,2023-04-26 04:37,Business,Lucknow,Thane,59.5,Team Outing
2023-10-28 07:51,2023-10-28 09:01,Business,Hubli,Lucknow,43.8,Meeting
2023-03-24 18:56,2023-03-24 20:51,Business,Navi Mumbai,Aurangabad,65.2,Site Inspection
2023-12-08 05:29,2023-12-08 07:36,Business,Thrissur,Bengaluru,73.1,Airport Drop
2023-03-01 17:05,2023-03-01 18:54,Business,Noida,Thiruvananthapuram,69.9,Temporary Site
2023-01-22 01:48,2023-01-22 03:03,Business,Kolkata,Raipur,43.5,Office Commute
2023-03-30 09:48,2023-03-30 11:35,Personal,Surat,Ghaziabad,63.0,Meal/Entertain
2023-05-03 21:06,2023-05-03 22:35,Business,Kalyan,Jaipur,56.2,Temporary Site
2023-10-07 17:32,2023-10-07 18:39,Business,Jaipur,Patna,40.2,Delivery Task
2023-01-29 04:34,2023-01-29 06:32,Business,Solapur,Ranchi,68.0,Airport Pickup
2023-04-28 00:47,2023-04-28 02:41,Business,Visakhapatnam,Lucknow,71.5,Meeting
2023-11-16 06:44,2023-11-16 08:11,Business,Gwalior,Solapur,55.3,Client Pickup
2023-06-01 20:18,2023-06-01 21:40,Business,Kota,Chennai,45.5,Meeting
2023-11-05 18:05,2023-11-05 20:14,Business,Navi Mumbai,Chandigarh,75.5,Weekend Trip
2023-01-17 05:21,2023-01-17 06:34,Business,Agra,Meerut,45.7,Customer Visit
2023-02-03 01:26,2023-02-03 03:12,Business,Mumbai,Nagpur,61.9,Customer Visit
2023-03-24 05:31,2023-03-24 07:32,Business,Dewas,Ranchi,69.0,Airport Drop
2023-03-13 10:56,2023-03-13 12:16,Business,Vasai,Noida,45.7,Client Meeting
2023-09-18 13:58,2023-09-18 15:10,Business,Nashik,Thrissur,44.6,Airport Drop
2023-06-29 03:18,2023-06-29 05:24,Personal,Tiruchirappalli,Solapur,79.8,Site Inspection
2023-10-09 18:58,2023-10-09 20:23,Business,Gwalior,Patiala,43.9,Customer Visit
2023-02-08 20:29,2023-02-08 22:22,Business,Hyderabad,Indore,66.2,Site Inspection
2023-06-25 00:19,2023-06-25 01:53,Personal,Nashik,Aurangabad,52.7,Site Inspection
2023-08-08 15:19,2023-08-08 17:10,Business,Nashik,Patiala,63.4,Delivery Task
2023-05-02 15:22,2023-05-02 16:44,Business,Thane,Hubli,46.7,Meeting
2023-04-18 10:50,2023-04-18 12:44,Business,Surat,Dhanbad,65.6,Field Work
2023-06-29 18:03,2023-06-29 20:14,Business,Bhubaneswar,Patna,75.1,Delivery Task
2023-03-10 06:17,2023-03-10 07:57,Business,Indore,Srinagar,62.1,Airport Drop
2023-07-29 04:17,2023-07-29 05:36,Business,Thrissur,Guwahati,45.6,Office Commute
2023-01-30 06:46,2023-01-30 07:55,Business,Ghaziabad,Rajkot,43.1,Customer Visit
2023-08-13 19:44,2023-08-13 21:49,Business,Tiruchirappalli,Lucknow,72.5,Client Meeting
2023-04-12 05:07,2023-04-12 06:29,Personal,Srinagar,Mysore,41.5,Errand/Supplies
2023-12-13 04:48,2023-12-13 06:25,Business,Noida,Srinagar,55.7,Meal/Entertain
2023-01-05 02:43,2023-01-05 04:16,Personal,Bhubaneswar,Kolkata,54.6,Field Work
2023-10-22 01:40,2023-10-22 03:30,Business,Tiruchirappalli,Thane,67.4,Client Meeting
2023-09-14 02:10,2023-09-14 04:15,Business,Kochi,Chennai,77.9,Site Inspection
2023-03-26 23:32,2023-03-27 01:13,Business,Ranchi,Rajkot,54.4,Conference Visit
2023-09-17 15:40,2023-09-17 17:05,Business,Dhanbad,Aurangabad,49.4,Client Meeting
2023-12-23 11:27,2023-12-23 13:09,Business,Ludhiana,Vijayawada,55.5,Delivery Task
2023-09-04 01:16,2023-09-04 03:27,Business,Varanasi,Allahabad,78.7,Customer Visit
2023-03-09 12:23,2023-03-09 14:12,Business,Thrissur,Ranchi,61.8,Customer Visit
2023-11-21 11:08,2023-11-21 12:54,Business,Noida,Jaipur,66.1,Field Work
2023-07-20 12:56,2023-07-20 15:07,Business,Ludhiana,Ghaziabad,76.3,Customer Visit
2023-07-07 05:35,2023-07-07 07:09,Business,Indore,Thiruvananthapuram,59.5,Office Commute
2023-01-30 22:30,2023-01-30 23:52,Business,Lucknow,Varanasi,46.6,Office Commute
2023-10-06 13:44,2023-10-06 15:13,Personal,Dewas,Chandigarh,54.5,Office Commute
2023-02-14 00:23,2023-02-14 02:02,Personal,Patiala,Dhanbad,53.2,Team Outing
2023-09-09 08:53,2023-09-09 10:46,Business,Patna,Kota,63.6,Field Work
2023-01-16 05:17,2023-01-16 07:03,Business,Ahmedabad,Faridabad,65.2,Client Meeting
2023-06-07 11:07,2023-06-07 12:22,Business,Amritsar,Chennai,47.2,Team Outing
2023-02-03 07:14,2023-02-03 09:14,Personal,Varanasi,Rajkot,72.9,Client Meeting
2023-03-08 05:47,2023-03-08 07:51,Business,Kochi,Nagpur,74.7,Customer Visit
2023-11-15 15:10,2023-11-15 17:07,Business,Thrissur,Kalyan,71.8,Temporary Site
2023-09-24 06:10,2023-09-24 07:35,Business,Nashik,Patiala,46.7,Delivery Task
2023-05-27 21:11,2023-05-27 22:32,Business,Visakhapatnam,Kolkata,42.8,Airport Pickup
2023-11-17 23:40,2023-11-18 01:30,Business,Bhubaneswar,Bengaluru,67.4,Client Meeting
2023-08-21 22:40,2023-08-22 00:40,Business,Nagpur,Bengaluru,76.1,Team Outing
2023-02-06 04:35,2023-02-06 06:40,Personal,Varanasi,Surat,70.1,Office Commute
2023-01-01 11:11,2023-01-01 13:01,Business,Patiala,Bhubaneswar,61.6,Conference Visit
2023-07-25 18:14,2023-07-25 19:34,Business,Ludhiana,Kalyan,41.7,Office Commute
2023-05-17 03:03,2023-05-17 04:57,Business,Dhanbad,Thane,70.7,Meal/Entertain
2023-12-20 10:36,2023-12-20 12:28,Business,Kanpur,Bhubaneswar,70.6,Meeting
2023-03-15 09:48,2023-03-15 11:17,Business,Gwalior,Nagpur,56.3,Meal/Entertain
2023-02-15 18:14,2023-02-15 19:53,Personal,Raipur,Ranchi,63.1,Airport Drop
2023-06-08 18:42,2023-06-08 20:46,Personal,Jaipur,Noida,72.2,Office Commute
2023-04-12 11:31,2023-04-12 13:24,Business,Bengaluru,Chandigarh,63.4,Office Commute
2023-06-04 08:32,2023-06-04 10:42,Business,Mumbai,Jabalpur,79.7,Meeting
2023-05-24 18:38,2023-05-24 20:26,Business,Kalyan,Meerut,59.3,Errand/Supplies
2023-06-04 14:50,2023-06-04 16:45,Business,Ghaziabad,Howrah,71.0,Site Inspection
2023-06-23 10:33,2023-06-23 12:27,Business,Tiruchirappalli,Vadodara,69.9,Meeting
2023-11-08 00:29,2023-11-08 02:22,Business,Bengaluru,Dewas,71.4,Office Commute
2023-02-05 09:00,2023-02-05 10:09,Business,Chennai,Jaipur,40.2,Airport Pickup
2023-04-13 04:11,2023-04-13 05:28,Business,Kota,Visakhapatnam,43.5,Delivery Task
2023-12-28 10:36,2023-12-28 12:36,Personal,Jabalpur,Bangalore,69.0,Errand/Supplies
2023-08-21 00:50,2023-08-21 02:38,Business,Nashik,Noida,68.5,Meal/Entertain
2023-01-05 03:49,2023-01-05 05:29,Business,Srinagar,Thiruvananthapuram,59.8,Meeting
2023-03-17 15:10,2023-03-17 16:47,Business,Tiruchirappalli,Patiala,60.7,Meeting
2023-08-27 21:59,2023-08-27 23:50,Business,Surat,Nagpur,67.9,Airport Pickup
2023-03-03 03:29,2023-03-03 05:15,Personal,Patna,Allahabad,66.2,Site Inspection
2023-06-07 11:04,2023-06-07 12:55,Business,Guwahati,Srinagar,66.8,Site Inspection
2023-02-05 00:24,2023-02-05 01:42,Business,Ludhiana,Agra,42.7,Office Commute
2023-05-15 22:42,2023-05-16 00:29,Business,Rajkot,Thrissur,63.3,Team Outing
2023-06-06 21:08,2023-06-06 22:40,Business,Dhanbad,Nagpur,58.2,Meal/Entertain
2023-01-29 02:41,2023-01-29 04:01,Business,Ghaziabad,Coimbatore,44.3,Office Commute
2023-12-07 05:57,2023-12-07 08:07,Personal,Hyderabad,Bhopal,78.3,Delivery Task
2023-10-27 00:36,2023-10-27 02:21,Business,Pune,Kochi,62.5,Meeting
2023-06-28 22:13,2023-06-28 23:45,Business,Solapur,Hyderabad,58.4,Office Commute
2023-11-03 06:48,2023-11-03 08:22,Business,Kota,Bhopal,55.3,Errand/Supplies
2023-05-18 03:05,2023-05-18 04:28,Business,Patna,Pune,52.6,Meal/Entertain
2023-06-04 22:18,2023-06-04 23:50,Business,Pune,Thrissur,51.5,Errand/Supplies
2023-05-18 07:12,2023-05-18 08:51,Business,Aurangabad,Meerut,59.1,Errand/Supplies
2023-09-23 07:01,2023-09-23 09:08,Personal,Vasai,Mumbai,77.9,Client Meeting
2023-12-05 22:32,2023-12-06 00:29,Personal,Lonavala,Ranchi,69.4,Office Commute
2023-08-29 05:44,2023-08-29 07:15,Business,Dewas,Dhanbad,50.0,Airport Drop
2023-09-20 11:01,2023-09-20 13:16,Business,Chandigarh,Srinagar,76.8,Client Meeting
2023-01-17 09:55,2023-01-17 11:47,Business,Nashik,Agra,61.7,Office Commute
2023-12-09 03:23,2023-12-09 05:29,Business,Jabalpur,Nashik,75.9,Customer Visit
2023-04-19 20:16,2023-04-19 22:27,Business,Lonavala,Coimbatore,76.6,Office Commute
2023-11-07 09:44,2023-11-07 11:05,Business,Dhanbad,Solapur,42.2,Temporary Site
2023-06-27 13:22,2023-06-27 15:16,Business,Kota,Madurai,71.0,Client Meeting
2023-01-05 14:10,2023-01-05 16:02,Personal,Pune,Ludhiana,67.6,Field Work
2023-12-01 16:56,2023-12-01 18:30,Business,Jaipur,Mysore,54.5,Customer Visit
2023-08-27 02:21,2023-08-27 03:52,Business,Coimbatore,Meerut,50.8,Office Commute
2023-09-30 03:06,2023-09-30 04:34,Business,Jabalpur,Coimbatore,48.4,Client Meeting
2023-08-10 21:55,2023-08-10 23:31,Business,Jabalpur,Tiruchirappalli,58.0,Weekend Trip
2023-04-15 20:06,2023-04-15 21:24,Business,Mumbai,Patna,44.0,Site Inspection
2023-11-07 16:53,2023-11-07 18:13,Business,Meerut,Kanpur,47.8,Weekend Trip
2023-09-02 22:06,2023-09-03 00:14,Business,Kota,Thane,75.7,Site Inspection
2023-08-09 12:36,2023-08-09 14:15,Business,Surat,Lonavala,62.5,Office Commute
2023-11-13 01:20,2023-11-13 02:36,Business,Jodhpur,Bengaluru,42.4,Conference Visit
2023-05-10 23:13,2023-05-11 00:53,Business,Kota,Thrissur,58.0,Delivery Task
2023-04-11 02:04,2023-04-11 02:55,Business,Jabalpur,Jabalpur,23.6,Meeting
2023-08-24 04:22,2023-08-24 06:25,Business,Ahmedabad,Kalyan,74.7,Meeting
2023-10-31 01:00,2023-10-31 01:37,Business,Mumbai,Mumbai,15.8,Meeting
2023-10-14 00:55,2023-10-14 02:43,Personal,Indore,Hubli,59.5,Conference Visit
2023-09-03 07:59,2023-09-03 09:25,Business,Varanasi,Bangalore,51.5,Customer Visit
2023-06-13 19:36,2023-06-13 21:48,Business,Vadodara,Chennai,77.1,Conference Visit
2023-03-30 15:08,2023-03-30 16:32,Business,Tiruchirappalli,Vijayawada,46.5,Meal/Entertain
2023-09-08 08:31,2023-09-08 10:04,Business,Hubli,Noida,50.7,Meeting
2023-05-22 00:56,2023-05-22 03:06,Business,Guwahati,Varanasi,74.5,Conference Visit
2023-10-10 15:19,2023-10-10 16:32,Business,Kalyan,Chennai,40.9,Meeting
2023-02-01 02:15,2023-02-01 04:08,Business,Patiala,Ghaziabad,68.0,Field Work
2023-12-08 05:59,2023-12-08 07:22,Business,Chennai,Jodhpur,42.6,Conference Visit
2023-04-12 22:13,2023-04-12 23:26,Business,Meerut,Amritsar,43.3,Temporary Site
2023-03-31 01:45,2023-03-31 03:20,Business,Bangalore,Noida,55.6,Meal/Entertain
2023-07-24 13:35,2023-07-24 14:52,Business,Ranchi,Gwalior,45.1,Conference Visit
2023-05-07 07:05,2023-05-07 09:16,Business,Ahmedabad,Allahabad,74.4,Airport Drop
2023-06-22 18:15,2023-06-22 19:40,Business,Kolkata,Vadodara,50.9,Field Work
2023-09-03 01:47,2023-09-03 03:40,Business,Pune,Madurai,63.9,Customer Visit
2023-05-15 19:50,2023-05-15 21:28,Personal,Ludhiana,Navi Mumbai,52.4,Client Pickup
2023-05-23 01:20,2023-05-23 03:04,Business,Madurai,Dhanbad,57.7,Conference Visit
2023-11-13 15:53,2023-11-13 17:02,Personal,Ghaziabad,Chandigarh,40.0,Site Inspection
2023-12-25 02:29,2023-12-25 03:49,Business,Indore,Gwalior,40.3,Customer Visit
2023-11-06 21:34,2023-11-06 23:33,Personal,Solapur,Kota,70.6,Errand/Supplies
2023-03-15 05:36,2023-03-15 07:26,Business,Nagpur,Dhanbad,61.9,Office Commute
2023-10-05 15:42,2023-10-05 17:14,Business,Varanasi,Meerut,50.0,Client Pickup
2023-08-31 20:25,2023-08-31 21:41,Personal,Thrissur,Jaipur,43.2,Errand/Supplies
2023-09-27 11:50,2023-09-27 13:39,Business,Ludhiana,Solapur,64.5,Meal/Entertain
2023-06-10 08:32,2023-06-10 10:31,Personal,Gwalior,Noida,72.4,Site Inspection
2023-09-05 08:16,2023-09-05 09:52,Business,Tiruchirappalli,Aurangabad,51.6,Client Meeting
2023-03-14 22:19,2023-03-15 00:11,Personal,Nashik,Kochi,64.9,Client Meeting
2023-04-15 13:04,2023-04-15 14:19,Personal,Ahmedabad,Chandigarh,44.1,Errand/Supplies
2023-02-28 12:28,2023-02-28 13:46,Business,Raipur,Kochi,49.3,Office Commute
2023-11-07 11:31,2023-11-07 13:09,Personal,Lonavala,Dewas,52.5,Delivery Task
2023-02-01 03:44,2023-02-01 04:54,Business,Jabalpur,Kolkata,41.3,Site Inspection
2023-07-02 14:05,2023-07-02 15:19,Business,Amritsar,Guwahati,42.9,Airport Drop
2023-11-18 15:52,2023-11-18 17:46,Personal,Delhi,Vasai,72.7,Field Work
2023-06-22 00:41,2023-06-22 02:16,Business,Bhopal,Srinagar,55.4,Meal/Entertain
2023-02-06 11:46,2023-02-06 13:41,Business,Ranchi,Allahabad,69.4,Delivery Task
2023-05-06 11:10,2023-05-06 12:38,Personal,Kota,Jaipur,52.5,Errand/Supplies
2023-09-05 23:26,2023-09-06 00:55,Business,Navi Mumbai,Rajkot,50.1,Client Meeting
2023-03-26 13:56,2023-03-26 15:55,Business,Delhi,Jabalpur,74.5,Airport Drop
2023-11-05 12:15,2023-11-05 13:28,Business,Faridabad,Navi Mumbai,40.6,Office Commute
2023-01-17 07:24,2023-01-17 08:58,Business,Mysore,Bhopal,49.7,Client Pickup
2023-04-07 14:15,2023-04-07 16:11,Business,Pune,Nagpur,70.8,Team Outing
2023-10-22 23:36,2023-10-23 01:02,Business,Lonavala,Bangalore,53.5,Conference Visit
2023-11-04 09:00,2023-11-04 10:50,Business,Amritsar,Indore,68.1,Office Commute
2023-11-03 05:55,2023-11-03 08:09,Business,Bhubaneswar,Lonavala,79.3,Errand/Supplies
2023-09-25 16:16,2023-09-25 17:44,Business,Thane,Vasai,47.7,Airport Pickup
2023-07-08 11:20,2023-07-08 13:32,Business,Indore,Rajkot,75.9,Temporary Site
2023-08-09 02:02,2023-08-09 03:41,Personal,Meerut,Gwalior,59.6,Meal/Entertain
2023-12-03 23:11,2023-12-04 00:49,Business,Madurai,Indore,58.7,Delivery Task
2023-04-13 06:35,2023-04-13 08:08,Business,Aurangabad,Ludhiana,51.8,Meal/Entertain
2023-10-12 22:11,2023-10-12 23:51,Business,Kolkata,Agra,60.2,Client Meeting
2023-08-29 20:39,2023-08-29 22:12,Business,Varanasi,Ahmedabad,54.6,Meeting
2023-11-15 02:05,2023-11-15 04:20,Business,Hubli,Rajkot,78.7,Meeting
2023-03-01 20:36,2023-03-01 22:35,Business,Delhi,Ludhiana,70.6,Meal/Entertain
2023-07-23 04:34,2023-07-23 05:47,Personal,Hubli,Kalyan,44.4,Customer Visit
2023-01-13 03:29,2023-01-13 04:50,Business,Allahabad,Thrissur,47.1,Meal/Entertain
2023-09-07 05:33,2023-09-07 06:51,Business,Bengaluru,Lonavala,41.3,Team Outing
2023-04-10 09:31,2023-04-10 11:19,Personal,Patiala,Lonavala,68.1,Customer Visit
2023-12-28 06:11,2023-12-28 07:26,Business,Jabalpur,Dhanbad,42.8,Delivery Task
2023-07-01 18:37,2023-07-01 20:32,Personal,Noida,Lonavala,73.3,Client Pickup
2023-11-16 05:50,2023-11-16 07:59,Business,Jabalpur,Meerut,75.6,Office Commute
2023-11-21 01:41,2023-11-21 03:39,Business,Surat,Raipur,69.4,Meeting
2023-10-09 15:05,2023-10-09 16:22,Business,Aurangabad,Dewas,43.9,Customer Visit
2023-04-07 14:38,2023-04-07 16:19,Business,Madurai,Jaipur,61.0,Meeting
2023-10-25 14:16,2023-10-25 16:16,Business,Meerut,Ranchi,69.8,Office Commute
2023-02-10 10:18,2023-02-10 11:53,Business,Patna,Kolkata,57.1,Meeting
2023-09-13 08:38,2023-09-13 10:18,Business,Surat,Coimbatore,60.2,Client Pickup
2023-05-03 09:27,2023-05-03 11:03,Business,Madurai,Nagpur,54.1,Client Pickup
2023-11-17 20:19,2023-11-17 22:11,Business,Tiruchirappalli,Jabalpur,65.3,Client Meeting
2023-10-25 08:55,2023-10-25 10:20,Business,Nagpur,Faridabad,48.6,Client Meeting
2023-10-10 01:43,2023-10-10 03:12,Business,Jabalpur,Kochi,55.9,Meeting
2023-03-28 04:08,2023-03-28 05:19,Business,Gwalior,Nagpur,40.3,Customer Visit
2023-08-04 00:30,2023-08-04 01:55,Business,Tiruchirappalli,Hubli,51.0,Delivery Task
2023-04-13 21:52,2023-04-13 23:17,Business,Bengaluru,Allahabad,46.2,Office Commute
2023-04-27 15:01,2023-04-27 16:23,Business,Varanasi,Mysore,50.2,Meal/Entertain
2023-01-30 23:34,2023-01-31 01:02,Business,Mumbai,Jodhpur,48.7,Office Commute
2023-09-25 19:29,2023-09-25 21:26,Business,Surat,Kota,73.0,Errand/Supplies
2023-08-12 19:21,2023-08-12 21:21,Business,Nagpur,Noida,69.2,Delivery Task
2023-06-11 18:15,2023-06-11 20:12,Personal,Bangalore,Srinagar,72.7,Field Work
2023-08-22 21:51,2023-08-22 23:35,Business,Vadodara,Srinagar,66.1,Office Commute
2023-07-23 15:36,2023-07-23 16:45,Business,Navi Mumbai,Srinagar,42.2,Client Meeting
2023-09-28 23:40,2023-09-29 01:11,Business,Hubli,Madurai,53.1,Office Commute
2023-06-23 01:26,2023-06-23 03:32,Personal,Chandigarh,Amritsar,79.9,Temporary Site
2023-02-21 08:05,2023-02-21 09:43,Business,Dhanbad,Kanpur,55.8,Client Pickup
2023-06-05 00:43,2023-06-05 01:59,Business,Bangalore,Kota,42.0,Customer Visit
2023-02-20 15:11,2023-02-20 17:06,Business,Bangalore,Jodhpur,71.0,Meeting
2023-08-10 21:11,2023-08-10 22:45,Business,Kota,Meerut,55.8,Client Meeting
2023-04-05 02:32,2023-04-05 04:10,Business,Meerut,Nashik,61.0,Office Commute
2023-08-12 16:52,2023-08-12 18:40,Business,Guwahati,Srinagar,67.4,Field Work
2023-03-15 23:29,2023-03-16 01:05,Business,Bhopal,Patiala,54.6,Office Commute
2023-03-07 17:34,2023-03-07 19:36,Personal,Indore,Nagpur,70.8,Client Meeting
2023-02-26 15:07,2023-02-26 16:52,Business,Nashik,Thiruvananthapuram,57.7,Client Meeting
2023-05-26 04:15,2023-05-26 05:36,Business,Allahabad,Visakhapatnam,48.0,Office Commute
2023-01-22 04:19,2023-01-22 05:37,Business,Solapur,Rajkot,44.5,Meeting
2023-04-22 17:25,2023-04-22 19:19,Business,Nashik,Visakhapatnam,73.3,Office Commute
2023-07-02 23:48,2023-07-03 01:11,Business,Hyderabad,Pune,52.2,Delivery Task
2023-08-01 05:02,2023-08-01 06:27,Business,Hyderabad,Dewas,48.5,Meal/Entertain
2023-09-27 22:31,2023-09-28 00:35,Business,Meerut,Kota,79.7,Meal/Entertain
2023-04-10 05:01,2023-04-10 06:42,Business,Jaipur,Mysore,61.1,Site Inspection
2023-04-16 08:31,2023-04-16 10:18,Personal,Amritsar,Gwalior,67.9,Meeting
2023-09-14 11:07,2023-09-14 12:24,Business,Kolkata,Noida,42.7,Errand/Supplies
2023-02-11 21:37,2023-02-11 23:03,Business,Patiala,Tiruchirappalli,54.4,Errand/Supplies
2023-05-28 20:23,2023-05-28 21:54,Personal,Gwalior,Vadodara,55.5,Errand/Supplies
2023-02-04 04:24,2023-02-04 06:09,Business,Vasai,Hubli,63.9,Conference Visit
2023-10-04 16:41,2023-10-04 18:19,Business,Delhi,Lucknow,62.4,Conference Visit
2023-07-10 06:30,2023-07-10 08:05,Business,Allahabad,Faridabad,52.2,Office Commute
2023-07-14 16:00,2023-07-14 17:31,Business,Ranchi,Chennai,52.1,Meeting
2023-12-12 19:08,2023-12-12 21:05,Personal,Thane,Amritsar,75.1,Meal/Entertain
2023-06-02 13:35,2023-06-02 15:04,Business,Meerut,Guwahati,53.7,Office Commute
2023-08-26 20:25,2023-08-26 22:34,Business,Bangalore,Rajkot,78.4,Weekend Trip
2023-05-02 07:37,2023-05-02 09:17,Business,Kalyan,Faridabad,57.1,Site Inspection
2023-08-14 15:35,2023-08-14 17:25,Personal,Kochi,Madurai,66.1,Client Pickup
2023-07-23 10:13,2023-07-23 12:04,Personal,Vadodara,Bhubaneswar,68.2,Meeting
2023-12-29 08:28,2023-12-29 09:46,Business,Kanpur,Vijayawada,45.8,Errand/Supplies
2023-02-15 23:26,2023-02-16 01:32,Business,Hubli,Aurangabad,77.9,Airport Pickup
2023-10-25 06:22,2023-10-25 08:20,Business,Hubli,Thrissur,69.1,Site Inspection
2023-10-17 13:35,2023-10-17 15:06,Business,Varanasi,Kalyan,52.1,Client Pickup
2023-01-11 04:11,2023-01-11 05:31,Business,Chandigarh,Srinagar,45.3,Airport Pickup
2023-03-31 16:15,2023-03-31 17:55,Business,Nagpur,Mumbai,63.9,Customer Visit
2023-07-15 02:00,2023-07-15 03:48,Business,Indore,Bangalore,59.1,Meal/Entertain
2023-07-10 20:36,2023-07-10 22:47,Business,Raipur,Noida,74.1,Errand/Supplies
2023-10-24 22:01,2023-10-24 23:07,Personal,Bhubaneswar,Chennai,41.3,Client Pickup
2023-09-18 17:20,2023-09-18 18:44,Business,Visakhapatnam,Guwahati,48.9,Meal/Entertain
2023-06-20 14:26,2023-06-20 16:41,Personal,Solapur,Dewas,77.1,Delivery Task
2023-06-16 01:06,2023-06-16 03:16,Business,Pune,Hubli,75.5,Delivery Task
2023-10-07 16:45,2023-10-07 18:49,Business,Srinagar,Allahabad,73.0,Meeting
2023-07-28 05:22,2023-07-28 07:02,Business,Jodhpur,Nashik,62.9,Office Commute
2023-01-17 11:20,2023-01-17 13:21,Business,Ludhiana,Bengaluru,73.1,Field Work
2023-08-05 14:08,2023-08-05 16:09,Personal,Ludhiana,Madurai,69.4,Site Inspection
2023-04-24 01:59,2023-04-24 03:21,Business,Ludhiana,Solapur,42.0,Office Commute
2023-06-29 04:04,2023-06-29 06:03,Business,Jodhpur,Varanasi,73.1,Airport Drop
2023-07-20 18:30,2023-07-20 19:42,Business,Kanpur,Gwalior,42.2,Office Commute
2023-07-14 10:28,2023-07-14 11:41,Personal,Kolkata,Thrissur,43.6,Office Commute
2023-08-01 04:53,2023-08-01 06:55,Business,Coimbatore,Srinagar,75.8,Client Meeting
2023-06-26 04:36,2023-06-26 05:48,Business,Jodhpur,Kalyan,41.0,Errand/Supplies
2023-09-09 21:10,2023-09-09 22:39,Business,Varanasi,Kolkata,53.0,Customer Visit
2023-06-24 12:41,2023-06-24 14:03,Business,Raipur,Rajkot,44.6,Airport Drop
2023-07-18 17:04,2023-07-18 18:57,Business,Bangalore,Ludhiana,69.1,Team Outing
2023-12-21 06:48,2023-12-21 08:49,Personal,Jaipur,Meerut,70.7,Team Outing
2023-12-04 09:58,2023-12-04 11:16,Business,Mumbai,Vadodara,46.0,Office Commute
2023-05-01 04:55,2023-05-01 06:39,Personal,Coimbatore,Srinagar,56.8,Conference Visit
2023-03-20 18:42,2023-03-20 20:40,Business,Gwalior,Navi Mumbai,75.9,Meeting
2023-11-29 05:00,2023-11-29 06:47,Business,Nashik,Solapur,58.3,Weekend Trip
2023-07-04 17:57,2023-07-04 19:51,Business,Madurai,Thane,63.6,Office Commute
2023-04-06 00:53,2023-04-06 02:42,Business,Kalyan,Kochi,64.0,Site Inspection
2023-01-19 23:57,2023-01-20 01:56,Personal,Nashik,Navi Mumbai,73.0,Temporary Site
2023-11-28 14:15,2023-11-28 15:23,Business,Chandigarh,Amritsar,41.5,Field Work
2023-12-24 10:36,2023-12-24 12:00,Business,Patiala,Mumbai,51.9,Airport Drop
2023-09-19 00:20,2023-09-19 01:44,Business,Amritsar,Bengaluru,47.1,Client Meeting
2023-11-02 18:14,2023-11-02 19:59,Business,Nashik,Patiala,63.8,Site Inspection
2023-02-06 03:59,2023-02-06 06:08,Business,Kolkata,Ranchi,77.3,Temporary Site
2023-10-22 13:11,2023-10-22 15:18,Personal,Hubli,Jabalpur,72.8,Airport Drop
2023-02-17 09:20,2023-02-17 11:01,Business,Thrissur,Meerut,58.8,Delivery Task
2023-03-23 04:29,2023-03-23 05:47,Business,Hyderabad,Ludhiana,48.4,Customer Visit
2023-02-04 01:08,2023-02-04 03:05,Personal,Bengaluru,Mumbai,65.2,Weekend Trip
2023-10-02 11:54,2023-10-02 13:55,Business,Rajkot,Pune,71.5,Airport Pickup
2023-08-12 08:43,2023-08-12 10:14,Business,Kanpur,Nagpur,50.4,Meal/Entertain
2023-10-11 04:29,2023-10-11 06:18,Business,Visakhapatnam,Bhubaneswar,59.9,Weekend Trip
2023-10-03 04:30,2023-10-03 06:20,Business,Lonavala,Thane,64.4,Meal/Entertain
2023-11-06 10:05,2023-11-06 11:40,Business,Delhi,Agra,58.6,Site Inspection
2023-06-11 00:39,2023-06-11 02:33,Business,Ranchi,Tiruchirappalli,64.6,Team Outing
2023-03-24 11:07,2023-03-24 13:00,Personal,Allahabad,Hyderabad,72.2,Office Commute
2023-01-27 08:16,2023-01-27 09:45,Personal,Navi Mumbai,Delhi,50.2,Office Commute
2023-02-14 05:02,2023-02-14 07:03,Personal,Howrah,Lucknow,70.7,Site Inspection
2023-01-12 07:23,2023-01-12 09:09,Business,Hyderabad,Jodhpur,64.6,Meal/Entertain
2023-07-06 01:36,2023-07-06 03:51,Personal,Delhi,Hyderabad,76.9,Office Commute
2023-09-01 13:55,2023-09-01 15:42,Business,Thane,Allahabad,59.3,Meeting
2023-11-01 11:18,2023-11-01 12:56,Business,Vasai,Vadodara,53.4,Airport Drop
2023-08-04 14:37,2023-08-04 16:22,Business,Visakhapatnam,Ranchi,67.1,Weekend Trip
2023-12-11 21:02,2023-12-11 23:06,Business,Dewas,Mumbai,72.0,Delivery Task
2023-05-26 17:29,2023-05-26 18:40,Business,Aurangabad,Chandigarh,41.2,Team Outing
2023-12-02 18:35,2023-12-02 20:24,Personal,Mumbai,Nagpur,63.8,Airport Drop
2023-06-10 17:32,2023-06-10 18:40,Business,Raipur,Tiruchirappalli,41.3,Customer Visit
2023-04-28 12:42,2023-04-28 14:20,Business,Lonavala,Varanasi,58.1,Client Meeting
2023-01-15 12:32,2023-01-15 14:05,Business,Ludhiana,Howrah,55.0,Customer Visit
2023-07-07 10:44,2023-07-07 11:54,Business,Vijayawada,Bangalore,41.0,Client Meeting
2023-07-23 08:33,2023-07-23 10:30,Business,Delhi,Hyderabad,69.3,Meal/Entertain
2023-11-16 06:53,2023-11-16 08:54,Business,Srinagar,Hubli,74.9,Client Meeting
2023-05-01 18:33,2023-05-01 19:45,Business,Dewas,Rajkot,44.6,Errand/Supplies
2023-07-01 07:35,2023-07-01 08:46,Business,Patna,Tiruchirappalli,43.5,Customer Visit
2023-01-09 17:31,2023-01-09 19:29,Business,Bengaluru,Ludhiana,69.8,Conference Visit
2023-04-22 07:00,2023-04-22 08:25,Business,Navi Mumbai,Vasai,48.0,Site Inspection
2023-04-16 21:19,2023-04-16 23:08,Business,Madurai,Hubli,66.8,Client Meeting
2023-08-06 08:05,2023-08-06 10:10,Business,Chennai,Guwahati,78.3,Airport Pickup
2023-02-24 23:24,2023-02-25 00:57,Business,Dewas,Madurai,52.7,Meal/Entertain
2023-12-13 12:18,2023-12-13 13:51,Business,Mumbai,Faridabad,52.5,Customer Visit
2023-05-29 23:24,2023-05-30 00:33,Business,Madurai,Kochi,42.0,Meeting
2023-12-13 03:17,2023-12-13 05:18,Business,Bangalore,Kanpur,68.2,Team Outing
2023-10-04 20:41,2023-10-04 22:37,Business,Nashik,Indore,72.7,Client Meeting
2023-02-06 02:02,2023-02-06 03:55,Business,Visakhapatnam,Solapur,62.7,Site Inspection
2023-10-25 16:14,2023-10-25 18:11,Business,Bengaluru,Kolkata,65.8,Office Commute
2023-12-14 20:32,2023-12-14 21:53,Business,Kota,Dhanbad,45.7,Errand/Supplies
2023-09-16 07:55,2023-09-16 09:52,Business,Vijayawada,Jabalpur,68.0,Customer Visit
2023-07-04 14:26,2023-07-04 15:35,Business,Surat,Vadodara,41.2,Field Work
2023-10-26 05:44,2023-10-26 07:10,Personal,Indore,Kota,46.8,Conference Visit
2023-11-14 12:08,2023-11-14 13:22,Business,Nagpur,Mumbai,44.1,Site Inspection
2023-07-26 21:32,2023-07-26 23:38,Business,Hubli,Meerut,71.7,Weekend Trip
2023-08-01 19:15,2023-08-01 21:02,Business,Jodhpur,Mysore,64.8,Client Pickup
2023-09-27 13:06,2023-09-27 14:36,Business,Kota,Jaipur,48.3,Office Commute
2023-09-27 13:47,2023-09-27 15:19,Business,Surat,Kanpur,53.7,Team Outing
2023-10-04 11:28,2023-10-04 13:32,Business,Coimbatore,Patiala,69.6,Temporary Site
2023-02-07 22:12,2023-02-07 23:50,Personal,Bhopal,Mysore,53.0,Meeting
2023-02-12 05:34,2023-02-12 06:55,Business,Coimbatore,Howrah,42.8,Meeting
2023-03-26 12:17,2023-03-26 13:29,Business,Hubli,Lonavala,42.5,Weekend Trip
2023-01-01 01:43,2023-01-01 03:30,Business,Varanasi,Mysore,65.4,Team Outing
2023-08-28 01:32,2023-08-28 03:08,Business,Patiala,Chandigarh,51.7,Weekend Trip
2023-08-10 11:21,2023-08-10 12:54,Business,Delhi,Dewas,52.7,Client Meeting
2023-05-14 16:46,2023-05-14 18:51,Business,Vijayawada,Visakhapatnam,79.3,Field Work
2023-11-26 04:32,2023-11-26 06:11,Business,Mysore,Agra,60.4,Customer Visit
2023-01-21 15:10,2023-01-21 17:09,Personal,Tiruchirappalli,Gwalior,76.0,Errand/Supplies
2023-12-01 11:24,2023-12-01 12:59,Personal,Raipur,Meerut,54.4,Meeting
2023-05-04 13:09,2023-05-04 14:49,Business,Vadodara,Ahmedabad,55.8,Airport Drop
2023-03-09 08:17,2023-03-09 09:49,Business,Jodhpur,Jaipur,48.4,Errand/Supplies
2023-05-20 22:07,2023-05-21 00:15,Business,Bhubaneswar,Delhi,73.7,Office Commute
2023-02-22 03:33,2023-02-22 05:18,Business,Chandigarh,Gwalior,66.8,Client Pickup
2023-02-22 17:31,2023-02-22 19:04,Business,Aurangabad,Noida,57.5,Customer Visit
2023-12-14 00:47,2023-12-14 02:56,Business,Bhubaneswar,Noida,74.4,Meeting
2023-11-15 11:37,2023-11-15 13:21,Personal,Nashik,Coimbatore,57.0,Team Outing
2023-01-03 21:15,2023-01-03 23:00,Business,Jaipur,Indore,57.0,Client Pickup
2023-06-09 13:17,2023-06-09 15:03,Personal,Tiruchirappalli,Rajkot,60.1,Meal/Entertain
2023-02-13 22:46,2023-02-13 23:34,Business,Allahabad,Allahabad,19.1,Errand/Supplies
2023-11-30 17:43,2023-11-30 19:39,Business,Pune,Bangalore,69.3,Meeting
2023-02-04 08:22,2023-02-04 10:27,Business,Kolkata,Ludhiana,75.6,Airport Pickup
2023-01-31 07:46,2023-01-31 09:57,Personal,Kota,Navi Mumbai,78.4,Airport Drop
2023-01-05 04:30,2023-01-05 06:22,Business,Nashik,Amritsar,61.4,Client Meeting
2023-05-09 17:56,2023-05-09 19:48,Business,Kolkata,Lucknow,63.0,Meal/Entertain
2023-09-27 22:20,2023-09-27 23:44,Business,Indore,Thane,46.7,Weekend Trip
2023-07-03 18:10,2023-07-03 19:23,Business,Rajkot,Surat,42.5,Client Meeting
2023-10-14 08:52,2023-10-14 10:14,Personal,Mumbai,Amritsar,51.7,Client Pickup
2023-11-27 16:02,2023-11-27 17:45,Business,Gwalior,Lonavala,60.2,Office Commute
2023-04-10 19:00,2023-04-10 20:21,Business,Ghaziabad,Bhubaneswar,51.0,Office Commute
2023-10-14 23:40,2023-10-15 01:43,Business,Ranchi,Bhopal,76.4,Client Pickup
2023-10-31 21:41,2023-10-31 23:03,Personal,Patiala,Kochi,47.0,Office Commute
2023-05-14 03:34,2023-05-14 05:32,Business,Lonavala,Coimbatore,74.5,Site Inspection
2023-07-12 14:34,2023-07-12 16:01,Business,Chandigarh,Nagpur,46.2,Delivery Task
2023-09-05 14:37,2023-09-05 16:13,Business,Srinagar,Jaipur,57.6,Office Commute
2023-09-07 10:18,2023-09-07 11:51,Business,Dewas,Mumbai,53.8,Temporary Site
2023-06-04 20:34,2023-06-04 22:04,Business,Solapur,Thiruvananthapuram,46.7,Site Inspection
2023-07-26 19:27,2023-07-26 21:24,Personal,Howrah,Kota,70.1,Client Pickup
2023-02-26 08:53,2023-02-26 10:39,Business,Jaipur,Patna,59.0,Office Commute
2023-09-21 12:01,2023-09-21 13:43,Business,Agra,Gwalior,58.0,Meeting
2023-07-26 08:00,2023-07-26 09:21,Business,Ludhiana,Patna,43.9,Customer Visit
2023-04-16 20:43,2023-04-16 22:37,Business,Tiruchirappalli,Kanpur,66.1,Meeting
2023-08-15 20:55,2023-08-15 21:27,Business,Guwahati,Guwahati,10.1,Errand/Supplies
2023-09-18 22:28,2023-09-18 23:53,Personal,Kolkata,Srinagar,49.7,Customer Visit
2023-05-02 15:53,2023-05-02 17:57,Business,Ludhiana,Hyderabad,79.7,Meal/Entertain
2023-02-07 22:37,2023-02-07 23:45,Business,Patna,Agra,40.5,Errand/Supplies
2023-04-08 19:50,2023-04-08 21:44,Business,Patna,Kochi,69.0,Office Commute
2023-08-19 17:46,2023-08-19 19:00,Business,Allahabad,Ahmedabad,42.3,Meeting
2023-02-03 13:10,2023-02-03 15:16,Business,Nagpur,Navi Mumbai,78.3,Meeting
2023-11-08 22:22,2023-11-09 00:10,Business,Jaipur,Patiala,65.9,Customer Visit
2023-07-01 08:20,2023-07-01 09:42,Personal,Vasai,Bhopal,50.1,Client Pickup
2023-06-15 19:46,2023-06-15 21:17,Business,Navi Mumbai,Kolkata,51.1,Customer Visit
2023-01-25 05:29,2023-01-25 07:02,Personal,Ghaziabad,Chennai,51.1,Temporary Site
2023-11-12 15:51,2023-11-12 17:19,Business,Jaipur,Hyderabad,50.3,Site Inspection
2023-03-19 22:22,2023-03-20 00:37,Business,Coimbatore,Kochi,79.2,Customer Visit
2023-10-26 12:52,2023-10-26 14:18,Business,Coimbatore,Noida,45.8,Team Outing
2023-10-05 20:00,2023-10-05 22:07,Business,Dewas,Nashik,76.5,Delivery Task
2023-04-08 07:43,2023-04-08 09:36,Personal,Bengaluru,Allahabad,62.9,Meal/Entertain
2023-01-01 08:05,2023-01-01 09:50,Business,Ahmedabad,Vasai,66.1,Temporary Site
2023-12-18 07:38,2023-12-18 09:37,Business,Patiala,Jaipur,68.0,Office Commute
2023-07-10 13:27,2023-07-10 15:43,Personal,Mumbai,Agra,77.6,Delivery Task
2023-11-02 00:17,2023-11-02 02:10,Business,Kanpur,Jodhpur,71.2,Customer Visit
2023-08-09 07:05,2023-08-09 08:49,Personal,Madurai,Dhanbad,59.3,Field Work
2023-09-09 07:10,2023-09-09 08:20,Personal,Hyderabad,Patna,42.2,Meeting
2023-11-23 16:22,2023-11-23 18:01,Business,Jabalpur,Madurai,53.6,Meeting
2023-08-04 08:05,2023-08-04 09:23,Business,Solapur,Srinagar,48.1,Meeting
2023-12-15 03:37,2023-12-15 05:26,Business,Jaipur,Patiala,67.8,Delivery Task
2023-09-03 18:02,2023-09-03 19:26,Business,Navi Mumbai,Pune,43.4,Temporary Site
2023-10-07 12:27,2023-10-07 13:50,Business,Ranchi,Delhi,47.7,Customer Visit
2023-04-30 12:15,2023-04-30 14:07,Business,Lonavala,Jaipur,61.6,Office Commute
2023-01-07 09:01,2023-01-07 11:05,Business,Madurai,Thrissur,78.7,Meeting
2023-06-07 11:36,2023-06-07 13:27,Business,Hyderabad,Amritsar,68.8,Customer Visit
2023-09-21 08:08,2023-09-21 09:48,Personal,Dewas,Thane,60.9,Site Inspection
2023-10-13 14:58,2023-10-13 16:11,Business,Ranchi,Mysore,42.9,Customer Visit
2023-09-09 23:07,2023-09-10 00:30,Business,Lonavala,Noida,49.7,Meeting
2023-11-15 17:50,2023-11-15 19:52,Business,Agra,Coimbatore,76.2,Weekend Trip
2023-11-14 14:27,2023-11-14 16:10,Business,Kolkata,Nashik,63.6,Team Outing
2023-01-25 12:13,2023-01-25 14:00,Business,Bhopal,Lonavala,64.6,Meal/Entertain
2023-09-21 11:07,2023-09-21 13:22,Personal,Kanpur,Hyderabad,79.3,Meeting
2023-02-23 08:00,2023-02-23 09:49,Business,Hubli,Bhopal,63.0,Meal/Entertain
2023-03-09 08:38,2023-03-09 09:55,Business,Thrissur,Surat,41.8,Office Commute
2023-03-07 06:20,2023-03-07 08:21,Business,Aurangabad,Bhopal,70.3,Office Commute
2023-01-16 19:20,2023-01-16 21:24,Business,Meerut,Chennai,77.0,Meeting
2023-10-30 00:19,2023-10-30 02:05,Business,Bengaluru,Surat,64.5,Client Pickup
2023-03-11 16:14,2023-03-11 17:21,Business,Ahmedabad,Varanasi,40.3,Delivery Task
2023-09-27 07:55,2023-09-27 09:31,Business,Raipur,Noida,51.3,Client Meeting
2023-07-23 03:31,2023-07-23 05:28,Business,Pune,Bhubaneswar,65.6,Office Commute
2023-01-15 14:39,2023-01-15 16:25,Business,Kalyan,Faridabad,64.4,Errand/Supplies
2023-11-17 23:23,2023-11-18 00:42,Business,Raipur,Lonavala,43.5,Client Meeting
2023-02-07 03:50,2023-02-07 05:37,Business,Indore,Kalyan,61.2,Client Meeting
2023-06-30 06:48,2023-06-30 08:29,Personal,Vadodara,Solapur,60.3,Team Outing
2023-09-24 02:56,2023-09-24 05:03,Personal,Guwahati,Amritsar,71.9,Office Commute
2023-01-21 23:34,2023-01-22 01:45,Business,Lonavala,Coimbatore,76.9,Client Pickup
2023-11-09 16:34,2023-11-09 18:13,Business,Gwalior,Dewas,53.4,Client Pickup
2023-03-10 07:23,2023-03-10 09:28,Business,Allahabad,Bengaluru,77.0,Delivery Task
2023-10-08 03:57,2023-10-08 06:09,Business,Surat,Ahmedabad,75.8,Meal/Entertain
2023-09-20 20:43,2023-09-20 21:11,Business,Mysore,Mysore,9.0,Meal/Entertain
2023-04-03 02:06,2023-04-03 03:37,Personal,Dhanbad,Srinagar,49.1,Customer Visit
2023-07-02 21:56,2023-07-02 23:29,Business,Vadodara,Delhi,48.8,Meeting
2023-08-25 16:19,2023-08-25 17:50,Business,Amritsar,Varanasi,48.6,Site Inspection
2023-03-17 09:39,2023-03-17 11:22,Business,Coimbatore,Jaipur,58.3,Meeting
2023-08-09 20:20,2023-08-09 21:27,Business,Guwahati,Delhi,41.3,Customer Visit
2023-06-12 10:07,2023-06-12 11:44,Business,Guwahati,Bhubaneswar,58.6,Client Pickup
2023-03-02 21:22,2023-03-02 22:49,Business,Solapur,Hyderabad,51.8,Errand/Supplies
2023-11-29 19:34,2023-11-29 20:59,Personal,Mumbai,Meerut,43.5,Office Commute
2023-04-19 10:03,2023-04-19 11:58,Business,Vadodara,Dewas,73.5,Meal/Entertain
2023-05-08 02:37,2023-05-08 04:09,Business,Rajkot,Kanpur,49.9,Meeting
2023-02-27 20:29,2023-02-27 22:09,Business,Mysore,Dhanbad,63.7,Field Work
2023-07-26 06:24,2023-07-26 07:42,Business,Kalyan,Allahabad,41.3,Meeting
2023-06-25 17:03,2023-06-25 19:12,Business,Kota,Thane,72.9,Temporary Site
2023-10-12 04:44,2023-10-12 06:02,Business,Faridabad,Bangalore,40.5,Meeting
2023-02-05 05:39,2023-02-05 06:58,Business,Dewas,Bhubaneswar,49.6,Office Commute
2023-11-30 04:24,2023-11-30 06:11,Business,Kota,Patiala,68.1,Weekend Trip
2023-06-07 10:13,2023-06-07 10:56,Business,Kolkata,Kolkata,22.5,Field Work
2023-12-01 03:20,2023-12-01 05:04,Business,Surat,Vadodara,65.3,Weekend Trip
2023-04-26 04:25,2023-04-26 06:14,Business,Jaipur,Vasai,61.2,Client Meeting
2023-08-12 09:31,2023-08-12 11:18,Personal,Solapur,Guwahati,64.5,Customer Visit
2023-10-13 17:47,2023-10-13 19:45,Personal,Surat,Patna,75.2,Temporary Site
2023-02-13 02:16,2023-02-13 04:26,Business,Lucknow,Vijayawada,75.5,Customer Visit
2023-03-10 01:36,2023-03-10 03:04,Business,Jabalpur,Kolkata,54.6,Meal/Entertain
2023-05-11 01:46,2023-05-11 03:06,Business,Meerut,Raipur,45.5,Airport Drop
2023-10-20 03:43,2023-10-20 05:38,Business,Madurai,Bhopal,69.5,Client Meeting
2023-12-15 17:20,2023-12-15 18:52,Business,Solapur,Ranchi,52.8,Customer Visit
2023-05-25 18:52,2023-05-25 20:11,Business,Lucknow,Patna,42.2,Meal/Entertain
2023-07-02 14:14,2023-07-02 16:17,Business,Kochi,Lonavala,73.2,Customer Visit
2023-09-27 05:18,2023-09-27 07:05,Business,Kochi,Nashik,66.9,Field Work
2023-06-01 17:25,2023-06-01 18:40,Business,Delhi,Vasai,43.5,Customer Visit
2023-09-28 17:16,2023-09-28 18:41,Business,Gwalior,Aurangabad,51.0,Meal/Entertain
2023-09-01 14:38,2023-09-01 16:14,Business,Lonavala,Chandigarh,60.8,Site Inspection
2023-02-21 06:35,2023-02-21 08:27,Business,Gwalior,Kalyan,61.7,Temporary Site
2023-04-24 05:08,2023-04-24 06:57,Personal,Indore,Kalyan,65.8,Team Outing
2023-07-21 19:12,2023-07-21 20:40,Business,Aurangabad,Ahmedabad,49.3,Client Pickup
2023-05-07 17:23,2023-05-07 19:21,Business,Kalyan,Mysore,65.8,Meal/Entertain
2023-06-22 22:05,2023-06-23 00:14,Business,Mysore,Patiala,73.7,Meeting
2023-03-08 16:42,2023-03-08 18:42,Business,Howrah,Mumbai,71.6,Airport Drop
2023-11-25 08:45,2023-11-25 10:08,Business,Dhanbad,Kota,51.5,Field Work
2023-08-29 06:03,2023-08-29 08:10,Personal,Chandigarh,Indore,78.2,Delivery Task
2023-11-22 23:08,2023-11-23 01:15,Business,Raipur,Madurai,78.9,Team Outing
2023-08-12 02:57,2023-08-12 05:05,Business,Chennai,Faridabad,79.8,Client Meeting
2023-10-02 14:58,2023-10-02 16:16,Business,Kochi,Ghaziabad,48.2,Client Meeting
2023-06-24 03:39,2023-06-24 04:57,Business,Patiala,Hubli,45.9,Team Outing
2023-12-28 14:11,2023-12-28 15:32,Personal,Madurai,Howrah,41.0,Meal/Entertain
2023-03-02 14:31,2023-03-02 16:31,Business,Srinagar,Chandigarh,77.1,Airport Pickup
2023-10-01 23:16,2023-10-02 00:49,Business,Ranchi,Madurai,53.3,Team Outing
2023-08-11 19:31,2023-08-11 21:36,Business,Kota,Vasai,77.8,Customer Visit
2023-05-12 12:46,2023-05-12 14:49,Business,Thane,Mumbai,76.9,Meal/Entertain
2023-08-02 23:19,2023-08-03 00:35,Business,Rajkot,Kota,45.6,Temporary Site
2023-06-23 04:46,2023-06-23 06:52,Business,Howrah,Ahmedabad,73.6,Office Commute
2023-12-30 09:01,2023-12-30 10:27,Business,Bangalore,Hubli,48.9,Team Outing
2023-09-20 22:41,2023-09-21 00:39,Personal,Delhi,Ahmedabad,74.0,Office Commute
2023-08-23 23:44,2023-08-24 01:09,Personal,Lucknow,Jodhpur,52.7,Conference Visit
2023-11-28 14:01,2023-11-28 15:27,Business,Vijayawada,Patiala,45.9,Field Work
2023-05-17 10:51,2023-05-17 12:22,Business,Jabalpur,Jaipur,51.4,Meeting
2023-12-11 18:56,2023-12-11 20:27,Personal,Kochi,Vadodara,48.6,Office Commute
2023-11-09 21:24,2023-11-09 22:59,Personal,Ranchi,Kalyan,51.5,Weekend Trip
2023-08-21 05:09,2023-08-21 07:06,Business,Rajkot,Vasai,73.4,Team Outing
2023-07-24 00:09,2023-07-24 02:23,Business,Chandigarh,Dewas,79.5,Office Commute
2023-02-04 08:23,2023-02-04 10:13,Business,Aurangabad,Visakhapatnam,70.2,Field Work
2023-08-04 20:33,2023-08-04 22:16,Business,Kalyan,Navi Mumbai,56.6,Office Commute
2023-03-14 05:42,2023-03-14 07:07,Business,Raipur,Mumbai,45.5,Delivery Task
2023-04-28 06:46,2023-04-28 08:49,Business,Gwalior,Meerut,72.9,Meal/Entertain
2023-11-04 06:42,2023-11-04 08:00,Business,Lonavala,Meerut,49.0,Customer Visit
2023-09-05 05:10,2023-09-05 07:08,Personal,Chandigarh,Ghaziabad,65.6,Errand/Supplies
2023-03-11 15:52,2023-03-11 17:29,Business,Bhopal,Noida,51.5,Field Work
2023-10-24 23:41,2023-10-25 00:55,Business,Vijayawada,Pune,41.1,Airport Pickup
2023-07-06 14:27,2023-07-06 16:06,Business,Lonavala,Aurangabad,54.5,Client Meeting
2023-09-27 14:49,2023-09-27 16:25,Business,Vadodara,Ghaziabad,59.0,Meeting
2023-04-11 19:03,2023-04-11 20:14,Business,Jabalpur,Lucknow,40.7,Client Meeting
2023-09-27 05:51,2023-09-27 07:27,Business,Mysore,Amritsar,58.4,Meal/Entertain
2023-01-19 22:03,2023-01-20 00:14,Business,Indore,Chennai,78.2,Conference Visit
2023-03-17 06:29,2023-03-17 07:43,Business,Gwalior,Ludhiana,43.1,Conference Visit
2023-05-06 06:54,2023-05-06 08:19,Personal,Solapur,Bengaluru,46.7,Site Inspection
2023-09-24 04:47,2023-09-24 06:21,Business,Thiruvananthapuram,Tiruchirappalli,52.0,Office Commute
2023-01-06 00:12,2023-01-06 02:10,Business,Bengaluru,Madurai,72.9,Office Commute
2023-05-13 03:56,2023-05-13 05:35,Business,Ludhiana,Gwalior,59.4,Meeting
2023-03-15 04:10,2023-03-15 05:31,Business,Bengaluru,Dewas,48.8,Meeting
2023-02-20 23:10,2023-02-21 00:22,Personal,Kalyan,Kolkata,44.7,Field Work
2023-11-14 07:21,2023-11-14 09:01,Business,Kota,Indore,54.5,Field Work
2023-03-08 21:05,2023-03-08 23:17,Business,Varanasi,Nagpur,78.8,Customer Visit
2023-11-29 18:05,2023-11-29 19:27,Business,Ahmedabad,Ranchi,48.9,Office Commute
2023-01-31 12:39,2023-01-31 14:09,Business,Pune,Dhanbad,48.4,Delivery Task
2023-10-28 20:39,2023-10-28 22:03,Business,Pune,Solapur,43.1,Meeting
2023-01-24 00:23,2023-01-24 02:13,Business,Solapur,Kanpur,60.5,Customer Visit
2023-09-17 06:21,2023-09-17 07:29,Business,Bhopal,Vijayawada,42.6,Errand/Supplies
2023-03-21 18:28,2023-03-21 20:34,Personal,Solapur,Bengaluru,76.8,Field Work
2023-11-25 12:00,2023-11-25 13:18,Business,Coimbatore,Patiala,43.6,Weekend Trip
2023-10-31 05:36,2023-10-31 07:39,Business,Mysore,Indore,74.2,Office Commute
2023-10-24 09:57,2023-10-24 11:51,Business,Lucknow,Mumbai,72.8,Site Inspection
2023-03-08 17:02,2023-03-08 19:04,Personal,Ludhiana,Dewas,78.6,Client Pickup
2023-11-27 14:39,2023-11-27 16:54,Business,Rajkot,Bengaluru,76.8,Site Inspection
2023-02-11 16:20,2023-02-11 17:56,Business,Jabalpur,Pune,57.6,Weekend Trip
2023-07-19 17:10,2023-07-19 18:47,Business,Thrissur,Indore,57.0,Office Commute
2023-06-30 22:31,2023-06-30 23:57,Business,Kalyan,Bhopal,52.6,Site Inspection
2023-04-22 22:52,2023-04-23 00:19,Business,Ludhiana,Bhubaneswar,54.5,Delivery Task
2023-06-27 11:02,2023-06-27 12:39,Business,Bangalore,Hubli,55.4,Delivery Task
2023-04-23 20:29,2023-04-23 22:20,Personal,Patna,Thrissur,62.2,Client Meeting
2023-07-04 17:37,2023-07-04 19:43,Business,Delhi,Tiruchirappalli,73.6,Airport Drop
2023-02-10 20:16,2023-02-10 22:02,Business,Coimbatore,Agra,59.7,Conference Visit
2023-02-25 16:16,2023-02-25 17:38,Business,Kochi,Ludhiana,43.4,Office Commute
2023-12-26 08:19,2023-12-26 09:35,Business,Jodhpur,Pune,44.1,Meal/Entertain
2023-08-20 01:26,2023-08-20 03:03,Business,Aurangabad,Jabalpur,53.5,Meeting
2023-04-19 03:58,2023-04-19 05:54,Business,Bhopal,Dhanbad,69.0,Customer Visit
2023-05-19 07:04,2023-05-19 09:20,Business,Solapur,Surat,77.7,Office Commute
2023-07-18 14:43,2023-07-18 16:55,Business,Patiala,Nagpur,79.5,Errand/Supplies
2023-07-10 00:59,2023-07-10 02:26,Business,Chandigarh,Srinagar,44.9,Meeting
2023-10-14 12:46,2023-10-14 13:53,Personal,Dhanbad,Navi Mumbai,41.2,Meeting
2023-03-11 13:17,2023-03-11 14:35,Business,Thrissur,Aurangabad,41.1,Conference Visit
2023-08-31 00:56,2023-08-31 02:22,Business,Nagpur,Patna,52.1,Meeting
2023-07-11 03:31,2023-07-11 05:21,Business,Solapur,Aurangabad,60.8,Errand/Supplies
2023-04-12 14:53,2023-04-12 16:37,Personal,Delhi,Gwalior,59.6,Customer Visit
2023-10-24 16:40,2023-10-24 17:47,Business,Thane,Vadodara,40.7,Weekend Trip
2023-05-03 03:54,2023-05-03 05:33,Business,Kanpur,Varanasi,55.3,Weekend Trip
2023-12-10 14:00,2023-12-10 15:56,Business,Kochi,Kolkata,71.2,Field Work
2023-07-09 07:24,2023-07-09 09:14,Business,Lonavala,Kanpur,68.6,Delivery Task
2023-07-29 11:30,2023-07-29 13:23,Business,Mumbai,Patna,62.2,Temporary Site
2023-06-01 23:58,2023-06-02 01:41,Business,Kota,Meerut,60.3,Delivery Task
2023-05-17 23:59,2023-05-18 01:50,Business,Lonavala,Mysore,64.7,Meal/Entertain
2023-10-16 04:28,2023-10-16 05:54,Business,Hubli,Amritsar,54.0,Site Inspection
2023-06-16 06:37,2023-06-16 08:15,Personal,Solapur,Vasai,55.2,Conference Visit
2023-04-07 03:55,2023-04-07 05:46,Personal,Indore,Kalyan,66.4,Delivery Task
2023-01-26 10:30,2023-01-26 12:38,Business,Noida,Howrah,76.4,Meeting
2023-01-15 12:23,2023-01-15 14:14,Business,Bhopal,Hyderabad,61.5,Site Inspection
2023-06-13 13:36,2023-06-13 15:19,Business,Patiala,Vadodara,60.6,Customer Visit
2023-05-03 22:07,2023-05-03 23:25,Personal,Ahmedabad,Pune,40.9,Office Commute
2023-07-09 15:49,2023-07-09 17:02,Business,Mumbai,Jaipur,43.9,Office Commute
2023-11-12 03:19,2023-11-12 05:03,Business,Pune,Patna,59.9,Customer Visit
2023-03-20 08:31,2023-03-20 10:49,Business,Chennai,Nashik,78.8,Meeting
2023-11-27 05:41,2023-11-27 06:56,Business,Navi Mumbai,Tiruchirappalli,43.0,Office Commute
2023-10-16 12:13,2023-10-16 13:33,Personal,Gwalior,Ghaziabad,49.0,Team Outing
2023-04-17 03:56,2023-04-17 05:38,Business,Raipur,Tiruchirappalli,63.7,Site Inspection
2023-05-15 21:13,2023-05-15 22:45,Business,Mumbai,Thane,57.1,Team Outing
2023-06-18 03:01,2023-06-18 05:04,Business,Noida,Thiruvananthapuram,72.2,Site Inspection
2023-06-26 00:23,2023-06-26 02:10,Business,Delhi,Kalyan,65.0,Customer Visit
2023-03-14 10:40,2023-03-14 12:30,Business,Varanasi,Ahmedabad,60.6,Site Inspection
2023-07-01 11:30,2023-07-01 13:27,Business,Dewas,Patiala,69.7,Customer Visit
2023-10-26 16:42,2023-10-26 18:36,Business,Visakhapatnam,Navi Mumbai,64.6,Temporary Site
2023-03-19 22:10,2023-03-19 23:29,Business,Visakhapatnam,Mumbai,42.4,Meal/Entertain
2023-10-25 07:15,2023-10-25 09:13,Personal,Kolkata,Chandigarh,69.9,Customer Visit
2023-12-20 20:25,2023-12-20 22:23,Business,Tiruchirappalli,Kanpur,74.4,Meeting
2023-04-22 11:26,2023-04-22 12:52,Business,Navi Mumbai,Dewas,50.7,Office Commute
2023-02-14 02:26,2023-02-14 03:59,Business,Ghaziabad,Patna,56.2,Client Meeting
2023-06-30 06:16,2023-06-30 08:25,Business,Delhi,Ahmedabad,73.1,Temporary Site
2023-03-20 10:41,2023-03-20 12:45,Business,Meerut,Kanpur,76.2,Meeting
2023-09-08 05:15,2023-09-08 06:54,Business,Guwahati,Bhubaneswar,62.0,Office Commute
2023-12-15 04:02,2023-12-15 05:12,Business,Rajkot,Lonavala,42.2,Temporary Site
2023-06-08 01:34,2023-06-08 02:53,Business,Hubli,Nagpur,42.5,Client Pickup
2023-11-23 03:36,2023-11-23 04:04,Business,Patiala,Patiala,12.9,Office Commute
2023-02-16 20:28,2023-02-16 22:11,Personal,Faridabad,Bhopal,60.0,Airport Drop
2023-10-28 06:39,2023-10-28 08:30,Business,Lonavala,Varanasi,64.0,Customer Visit
2023-10-18 15:21,2023-10-18 16:56,Business,Hyderabad,Thrissur,55.6,Conference Visit
2023-03-25 03:38,2023-03-25 04:57,Business,Visakhapatnam,Kanpur,44.3,Airport Pickup
2023-07-10 10:28,2023-07-10 12:19,Business,Kochi,Kalyan,63.6,Meeting
2023-09-23 03:35,2023-09-23 05:12,Business,Pune,Bhopal,57.0,Client Meeting
2023-07-04 13:23,2023-07-04 14:47,Business,Guwahati,Varanasi,45.8,Errand/Supplies
2023-09-15 04:22,2023-09-15 06:18,Business,Thiruvananthapuram,Howrah,73.7,Customer Visit
2023-08-03 15:47,2023-08-03 17:18,Business,Pune,Vijayawada,49.6,Office Commute
2023-11-12 10:43,2023-11-12 12:12,Business,Howrah,Navi Mumbai,54.5,Customer Visit
2023-01-04 01:19,2023-01-04 03:02,Business,Madurai,Vadodara,57.7,Customer Visit
2023-11-16 12:11,2023-11-16 13:28,Business,Visakhapatnam,Vijayawada,43.6,Airport Pickup
2023-06-20 10:20,2023-06-20 11:44,Personal,Howrah,Dewas,46.4,Meeting
2023-01-14 03:48,2023-01-14 05:25,Personal,Varanasi,Thane,56.3,Client Meeting
2023-07-02 22:53,2023-07-03 01:07,Business,Vadodara,Bangalore,77.6,Office Commute
2023-12-23 17:28,2023-12-23 19:01,Business,Visakhapatnam,Thrissur,56.9,Customer Visit
2023-05-17 15:32,2023-05-17 17:20,Business,Thiruvananthapuram,Chennai,60.3,Errand/Supplies
2023-06-26 00:42,2023-06-26 02:31,Business,Nagpur,Rajkot,69.5,Office Commute
2023-06-22 04:50,2023-06-22 06:09,Business,Solapur,Amritsar,47.3,Office Commute
2023-08-12 14:55,2023-08-12 16:20,Business,Agra,Jodhpur,52.2,Field Work
2023-10-26 02:37,2023-10-26 04:28,Personal,Bhopal,Chennai,68.5,Client Meeting
2023-05-05 01:00,2023-05-05 03:06,Personal,Tiruchirappalli,Nagpur,71.7,Airport Drop
2023-09-24 23:39,2023-09-25 01:09,Personal,Kota,Vadodara,50.4,Meeting
2023-03-12 15:19,2023-03-12 17:00,Business,Thane,Gwalior,56.6,Errand/Supplies
2023-03-29 04:22,2023-03-29 06:20,Business,Varanasi,Jaipur,75.4,Meal/Entertain
2023-03-30 19:42,2023-03-30 21:25,Business,Ahmedabad,Visakhapatnam,64.5,Conference Visit
2023-01-20 08:00,2023-01-20 10:08,Business,Kolkata,Delhi,74.1,Meal/Entertain
2023-05-23 21:15,2023-05-23 22:34,Personal,Nashik,Kanpur,46.0,Site Inspection
2023-11-18 06:35,2023-11-18 08:50,Business,Mumbai,Bhopal,77.1,Site Inspection
2023-12-01 17:49,2023-12-01 19:13,Business,Bhopal,Dhanbad,47.6,Customer Visit
2023-11-29 13:38,2023-11-29 14:56,Personal,Gwalior,Ranchi,45.2,Customer Visit
2023-09-20 23:51,2023-09-21 01:18,Business,Nagpur,Dewas,51.3,Weekend Trip
2023-04-23 16:47,2023-04-23 18:08,Business,Kalyan,Coimbatore,45.8,Meeting
2023-08-15 09:03,2023-08-15 10:36,Business,Faridabad,Nashik,49.9,Meeting
2023-09-27 03:26,2023-09-27 05:35,Business,Bangalore,Agra,74.9,Office Commute
2023-10-13 20:59,2023-10-13 22:54,Business,Patna,Dewas,68.3,Field Work
2023-12-28 14:09,2023-12-28 15:24,Business,Aurangabad,Bengaluru,42.1,Errand/Supplies
2023-09-18 12:13,2023-09-18 13:55,Business,Kota,Vijayawada,64.3,Delivery Task
2023-06-03 06:50,2023-06-03 08:28,Business,Agra,Ghaziabad,55.2,Errand/Supplies
2023-04-12 02:05,2023-04-12 03:49,Personal,Bhubaneswar,Vasai,63.2,Office Commute
2023-02-21 05:34,2023-02-21 07:33,Business,Lucknow,Lonavala,75.1,Office Commute
2023-02-15 09:02,2023-02-15 10:25,Business,Hubli,Raipur,45.7,Meal/Entertain
2023-04-20 03:06,2023-04-20 05:20,Business,Allahabad,Bhubaneswar,78.9,Errand/Supplies
2023-08-27 00:56,2023-08-27 03:01,Business,Visakhapatnam,Kanpur,75.1,Client Meeting
2023-10-14 04:07,2023-10-14 05:36,Personal,Ludhiana,Hubli,46.6,Client Meeting
2023-09-05 06:01,2023-09-05 08:15,Personal,Solapur,Chandigarh,76.9,Errand/Supplies
2023-01-14 22:15,2023-01-14 23:48,Personal,Amritsar,Delhi,49.2,Meal/Entertain
2023-12-14 15:38,2023-12-14 17:24,Personal,Ghaziabad,Chennai,57.5,Airport Pickup
2023-07-08 10:23,2023-07-08 12:24,Business,Allahabad,Kochi,68.4,Airport Pickup
2023-02-18 00:32,2023-02-18 02:40,Business,Lonavala,Bhopal,74.7,Errand/Supplies
2023-03-07 08:37,2023-03-07 10:00,Business,Bangalore,Dewas,47.2,Client Pickup
2023-01-02 14:27,2023-01-02 15:49,Business,Mumbai,Vasai,48.5,Site Inspection
2023-09-20 21:14,2023-09-20 23:08,Personal,Kalyan,Vijayawada,70.7,Meal/Entertain
2023-08-18 06:21,2023-08-18 07:52,Business,Varanasi,Hyderabad,55.8,Weekend Trip
2023-11-19 14:40,2023-11-19 16:04,Personal,Thrissur,Hubli,43.2,Field Work
2023-01-03 06:06,2023-01-03 07:56,Business,Kolkata,Navi Mumbai,63.8,Airport Pickup
2023-10-12 02:29,2023-10-12 04:05,Business,Allahabad,Noida,58.1,Meal/Entertain
2023-01-28 11:11,2023-01-28 12:31,Business,Dewas,Vadodara,42.2,Delivery Task
2023-10-27 09:05,2023-10-27 10:36,Business,Bangalore,Jodhpur,49.6,Site Inspection
2023-10-30 17:23,2023-10-30 18:49,Business,Bangalore,Ahmedabad,46.5,Meal/Entertain
2023-02-16 20:05,2023-02-16 21:58,Business,Gwalior,Noida,66.2,Conference Visit
2023-05-01 10:21,2023-05-01 12:18,Business,Lonavala,Thane,72.3,Meeting
2023-03-19 14:56,2023-03-19 16:38,Business,Indore,Patiala,54.7,Customer Visit
2023-08-22 03:34,2023-08-22 05:08,Personal,Kochi,Varanasi,50.7,Errand/Supplies
2023-03-14 08:57,2023-03-14 10:37,Business,Bangalore,Solapur,54.7,Errand/Supplies
2023-06-30 00:21,2023-06-30 02:03,Business,Navi Mumbai,Kanpur,60.5,Client Meeting
2023-07-24 18:35,2023-07-24 20:37,Business,Noida,Patna,77.2,Meeting
2023-07-05 11:39,2023-07-05 13:47,Business,Gwalior,Kolkata,76.3,Meeting
2023-04-07 13:37,2023-04-07 15:13,Business,Chandigarh,Bhubaneswar,52.0,Site Inspection
2023-06-15 00:28,2023-06-15 01:52,Business,Gwalior,Mumbai,44.3,Customer Visit
2023-04-09 09:40,2023-04-09 11:30,Business,Bengaluru,Kolkata,62.7,Weekend Trip
2023-02-14 05:57,2023-02-14 07:46,Personal,Ghaziabad,Mysore,60.1,Meeting
2023-02-02 08:19,2023-02-02 10:00,Business,Coimbatore,Surat,55.7,Customer Visit
2023-06-26 16:53,2023-06-26 18:47,Business,Varanasi,Raipur,63.5,Conference Visit
2023-12-05 09:31,2023-12-05 11:39,Personal,Nashik,Thane,78.7,Field Work
2023-04-11 17:00,2023-04-11 19:06,Business,Dewas,Coimbatore,79.3,Customer Visit
2023-06-28 17:01,2023-06-28 18:57,Business,Kanpur,Madurai,66.2,Errand/Supplies
2023-07-09 00:34,2023-07-09 02:24,Business,Vadodara,Patiala,64.1,Customer Visit
2023-09-19 16:18,2023-09-19 17:56,Business,Nashik,Thiruvananthapuram,54.4,Errand/Supplies
2023-03-16 02:24,2023-03-16 03:40,Business,Thane,Howrah,45.4,Weekend Trip
2023-01-11 09:56,2023-01-11 11:18,Business,Thiruvananthapuram,Ahmedabad,47.5,Office Commute
2023-11-24 00:50,2023-11-24 02:15,Business,Kota,Noida,49.7,Meeting
2023-06-13 20:11,2023-06-13 21:24,Business,Bangalore,Howrah,45.9,Meal/Entertain
2023-06-22 22:10,2023-06-23 00:14,Personal,Bhopal,Chennai,69.6,Errand/Supplies
2023-03-20 04:36,2023-03-20 06:25,Personal,Kota,Ahmedabad,63.4,Client Pickup
2023-01-04 01:23,2023-01-04 02:34,Business,Mumbai,Thrissur,42.0,Client Pickup
2023-11-26 13:40,2023-11-26 15:58,Business,Navi Mumbai,Tiruchirappalli,79.2,Conference Visit
2023-04-23 22:12,2023-04-23 23:51,Business,Ranchi,Mysore,62.2,Customer Visit
2023-08-26 11:32,2023-08-26 13:27,Personal,Lonavala,Jodhpur,63.6,Field Work
2023-08-12 20:28,2023-08-12 21:44,Personal,Dhanbad,Raipur,40.8,Office Commute
2023-12-12 07:23,2023-12-12 09:21,Business,Meerut,Aurangabad,65.9,Office Commute
2023-06-24 02:41,2023-06-24 04:37,Business,Bhopal,Lonavala,65.8,Meal/Entertain
2023-05-14 12:53,2023-05-14 14:23,Business,Ahmedabad,Chennai,47.7,Meal/Entertain
2023-05-12 17:08,2023-05-12 19:21,Business,Dhanbad,Lucknow,76.4,Team Outing
2023-06-11 21:25,2023-06-11 23:23,Business,Bhubaneswar,Varanasi,68.5,Meeting
2023-08-30 11:59,2023-08-30 14:00,Business,Surat,Kota,73.8,Field Work
2023-02-20 03:16,2023-02-20 05:06,Business,Gwalior,Pune,66.7,Office Commute
2023-06-11 13:15,2023-06-11 14:41,Personal,Delhi,Chennai,44.0,Client Meeting
2023-01-08 00:59,2023-01-08 02:17,Business,Howrah,Faridabad,41.9,Delivery Task
2023-11-18 13:02,2023-11-18 14:17,Business,Varanasi,Ghaziabad,46.3,Site Inspection
2023-03-30 00:54,2023-03-30 02:08,Business,Thane,Aurangabad,44.6,Team Outing
2023-11-01 19:39,2023-11-01 21:54,Business,Meerut,Dhanbad,79.7,Errand/Supplies
2023-12-15 02:17,2023-12-15 03:59,Business,Srinagar,Allahabad,62.3,Meeting
2023-02-10 10:40,2023-02-10 12:22,Business,Tiruchirappalli,Pune,64.2,Conference Visit
2023-10-21 12:14,2023-10-21 14:19,Business,Visakhapatnam,Kochi,78.5,Office Commute
2023-02-09 13:28,2023-02-09 15:20,Business,Bengaluru,Surat,71.3,Meeting
2023-03-21 18:20,2023-03-21 19:43,Personal,Lucknow,Bengaluru,44.7,Errand/Supplies
2023-07-16 11:17,2023-07-16 13:03,Business,Chennai,Rajkot,57.7,Customer Visit
2023-05-10 22:46,2023-05-11 00:33,Business,Rajkot,Vadodara,65.9,Meeting
2023-10-26 17:38,2023-10-26 19:41,Business,Bhopal,Tiruchirappalli,78.8,Field Work
2023-07-16 03:09,2023-07-16 04:39,Business,Faridabad,Thrissur,53.7,Site Inspection
2023-05-21 01:26,2023-05-21 03:23,Business,Bangalore,Guwahati,70.2,Client Meeting
2023-03-30 14:48,2023-03-30 16:22,Business,Chandigarh,Solapur,56.9,Customer Visit
2023-06-28 03:53,2023-06-28 05:33,Business,Thane,Kanpur,56.4,Delivery Task
2023-11-10 02:45,2023-11-10 03:52,Personal,Ahmedabad,Kochi,40.4,Meal/Entertain
2023-03-05 19:37,2023-03-05 21:53,Business,Bangalore,Hyderabad,79.3,Weekend Trip
2023-09-07 02:53,2023-09-07 04:41,Personal,Amritsar,Jodhpur,66.4,Airport Pickup
2023-07-21 20:41,2023-07-21 22:34,Business,Vasai,Mumbai,66.4,Temporary Site
2023-12-06 06:02,2023-12-06 07:58,Business,Kalyan,Jodhpur,68.0,Site Inspection
2023-11-18 04:13,2023-11-18 05:46,Business,Rajkot,Ranchi,53.8,Airport Drop
2023-06-06 20:58,2023-06-06 22:25,Business,Vasai,Ludhiana,45.9,Meal/Entertain
2023-08-29 01:55,2023-08-29 03:51,Business,Noida,Dewas,65.0,Client Pickup
2023-06-07 02:15,2023-06-07 04:12,Personal,Pune,Indore,71.3,Meeting
2023-06-01 11:00,2023-06-01 12:41,Business,Varanasi,Howrah,61.5,Client Pickup
2023-08-03 07:01,2023-08-03 08:20,Business,Ludhiana,Madurai,43.7,Delivery Task
2023-01-11 19:57,2023-01-11 21:19,Business,Ludhiana,Hyderabad,46.4,Meeting
2023-07-16 05:30,2023-07-16 07:21,Business,Faridabad,Thrissur,69.1,Office Commute
2023-07-17 02:14,2023-07-17 03:45,Business,Rajkot,Amritsar,50.4,Field Work
2023-06-24 06:31,2023-06-24 08:41,Personal,Bhopal,Amritsar,77.7,Delivery Task
2023-08-14 20:50,2023-08-14 22:46,Business,Mumbai,Ranchi,69.8,Office Commute
2023-10-05 14:55,2023-10-05 16:51,Personal,Indore,Howrah,71.4,Delivery Task
2023-05-08 07:45,2023-05-08 09:10,Business,Raipur,Jaipur,49.9,Team Outing
2023-10-04 08:58,2023-10-04 10:21,Business,Thiruvananthapuram,Srinagar,43.9,Client Meeting
2023-12-12 01:30,2023-12-12 02:42,Business,Thrissur,Kalyan,42.5,Customer Visit
2023-07-24 09:03,2023-07-24 10:42,Business,Kota,Dewas,54.8,Airport Pickup
2023-04-13 09:48,2023-04-13 11:31,Personal,Mysore,Meerut,55.8,Delivery Task
2023-07-10 02:51,2023-07-10 04:50,Business,Navi Mumbai,Kanpur,67.6,Client Pickup
2023-10-04 04:24,2023-10-04 05:50,Personal,Thiruvananthapuram,Chennai,45.1,Office Commute
2023-09-27 16:56,2023-09-27 18:38,Business,Bhubaneswar,Raipur,61.2,Meal/Entertain
2023-02-16 02:58,2023-02-16 05:11,Business,Kolkata,Kota,76.9,Delivery Task
2023-07-23 00:38,2023-07-23 01:03,Business,Bhopal,Bhopal,10.8,Meeting
2023-04-25 04:06,2023-04-25 05:48,Personal,Bhopal,Jabalpur,55.0,Meeting
2023-12-30 19:48,2023-12-30 21:27,Business,Ahmedabad,Surat,56.9,Field Work
2023-07-09 19:53,2023-07-09 21:47,Business,Varanasi,Gwalior,72.8,Errand/Supplies
2023-06-12 04:04,2023-06-12 06:16,Business,Bhopal,Meerut,74.8,Client Meeting
2023-10-31 10:42,2023-10-31 12:53,Business,Mumbai,Howrah,76.0,Field Work
2023-10-23 21:54,2023-10-23 23:39,Business,Kota,Thrissur,64.2,Office Commute
2023-06-24 09:40,2023-06-24 11:16,Business,Lucknow,Navi Mumbai,58.0,Team Outing
2023-09-16 01:36,2023-09-16 03:42,Business,Vadodara,Rajkot,72.0,Client Meeting
2023-01-18 19:04,2023-01-18 20:43,Business,Jaipur,Dhanbad,53.6,Temporary Site
2023-10-02 15:39,2023-10-02 17:35,Business,Ranchi,Guwahati,74.6,Team Outing
2023-08-06 21:18,2023-08-06 23:08,Business,Mumbai,Navi Mumbai,68.3,Customer Visit
2023-07-30 10:15,2023-07-30 12:18,Business,Noida,Meerut,78.2,Team Outing
2023-12-15 07:22,2023-12-15 08:55,Business,Mumbai,Ludhiana,59.0,Client Meeting
2023-01-08 08:50,2023-01-08 10:13,Business,Bhopal,Patiala,47.2,Site Inspection
2023-12-11 17:33,2023-12-11 19:34,Business,Surat,Dewas,68.2,Client Meeting
2023-08-17 16:52,2023-08-17 18:17,Personal,Bangalore,Thane,52.8,Meeting
2023-03-12 02:27,2023-03-12 04:05,Business,Lonavala,Vadodara,53.6,Meeting
2023-02-08 13:51,2023-02-08 15:06,Business,Ahmedabad,Vadodara,43.6,Customer Visit
2023-03-01 21:30,2023-03-01 23:30,Business,Gwalior,Chandigarh,70.7,Customer Visit
2023-05-07 07:55,2023-05-07 09:41,Business,Kalyan,Patna,64.6,Customer Visit
2023-05-06 21:55,2023-05-06 23:32,Business,Ahmedabad,Raipur,56.5,Temporary Site
2023-04-04 01:26,2023-04-04 02:41,Business,Jaipur,Thiruvananthapuram,42.1,Client Meeting
2023-02-14 16:38,2023-02-14 18:14,Business,Lonavala,Lucknow,55.4,Office Commute
2023-07-08 00:48,2023-07-08 02:17,Business,Amritsar,Hubli,56.3,Customer Visit
2023-04-15 12:45,2023-04-15 14:46,Business,Kalyan,Navi Mumbai,75.4,Customer Visit
2023-04-29 07:11,2023-04-29 09:16,Personal,Faridabad,Solapur,71.4,Site Inspection
2023-11-01 00:59,2023-11-01 02:38,Business,Kochi,Bangalore,60.0,Site Inspection
2023-07-28 18:11,2023-07-28 20:15,Business,Jabalpur,Madurai,71.3,Office Commute
2023-06-30 10:52,2023-06-30 12:06,Business,Vijayawada,Meerut,40.0,Meeting
2023-11-23 00:35,2023-11-23 02:27,Business,Noida,Chennai,63.9,Errand/Supplies
2023-07-18 04:36,2023-07-18 06:25,Business,Indore,Thrissur,63.4,Airport Pickup
2023-04-27 18:09,2023-04-27 19:49,Business,Allahabad,Chennai,62.5,Office Commute
2023-08-05 02:45,2023-08-05 04:06,Business,Jodhpur,Pune,45.6,Field Work
2023-11-08 11:42,2023-11-08 13:27,Business,Varanasi,Kanpur,60.2,Temporary Site
2023-10-20 07:36,2023-10-20 09:33,Business,Varanasi,Patna,65.4,Delivery Task
2023-03-23 19:09,2023-03-23 20:47,Business,Guwahati,Faridabad,52.9,Customer Visit
2023-07-05 01:34,2023-07-05 02:39,Business,Nagpur,Hyderabad,40.1,Errand/Supplies
2023-12-14 16:30,2023-12-14 18:14,Business,Vasai,Agra,56.5,Office Commute
2023-09-10 02:01,2023-09-10 03:55,Business,Solapur,Jodhpur,71.5,Customer Visit
2023-06-22 21:20,2023-06-22 23:16,Business,Madurai,Ahmedabad,72.6,Field Work
2023-05-31 04:46,2023-05-31 06:32,Business,Indore,Thiruvananthapuram,64.1,Meeting
2023-02-18 10:53,2023-02-18 13:11,Business,Thrissur,Srinagar,79.4,Field Work
2023-10-16 14:36,2023-10-16 15:41,Business,Jabalpur,Visakhapatnam,40.4,Meeting
2023-03-16 09:01,2023-03-16 10:50,Business,Solapur,Guwahati,68.4,Site Inspection
2023-03-27 21:14,2023-03-27 23:14,Business,Thiruvananthapuram,Nashik,72.3,Errand/Supplies
2023-01-03 18:30,2023-01-03 20:17,Business,Lonavala,Jabalpur,64.2,Field Work
2023-08-10 00:25,2023-08-10 02:37,Business,Thiruvananthapuram,Navi Mumbai,74.8,Site Inspection
2023-09-19 01:07,2023-09-19 03:01,Business,Chennai,Meerut,69.6,Client Pickup
2023-04-11 19:52,2023-04-11 21:07,Business,Aurangabad,Mysore,42.6,Errand/Supplies
2023-11-26 04:49,2023-11-26 06:10,Business,Varanasi,Ludhiana,51.0,Team Outing
2023-08-06 12:39,2023-08-06 14:13,Personal,Pune,Patna,50.1,Meeting
2023-01-21 03:23,2023-01-21 05:34,Business,Agra,Kanpur,77.7,Field Work
2023-09-22 03:40,2023-09-22 05:15,Business,Kanpur,Tiruchirappalli,51.0,Team Outing
2023-10-08 02:15,2023-10-08 03:29,Business,Lonavala,Jabalpur,41.7,Client Pickup
2023-05-03 19:35,2023-05-03 21:11,Business,Amritsar,Guwahati,61.3,Delivery Task
2023-11-10 16:03,2023-11-10 18:00,Business,Jodhpur,Delhi,75.2,Meeting
2023-01-29 21:50,2023-01-29 23:27,Business,Ranchi,Dhanbad,57.0,Errand/Supplies
2023-08-31 20:10,2023-08-31 21:21,Business,Delhi,Chennai,42.5,Field Work
2023-11-06 14:38,2023-11-06 15:54,Business,Ahmedabad,Kota,41.0,Client Meeting
2023-05-13 08:30,2023-05-13 10:04,Business,Thrissur,Ghaziabad,58.9,Site Inspection
2023-01-29 07:34,2023-01-29 09:07,Personal,Thiruvananthapuram,Hyderabad,49.5,Meeting
2023-02-03 05:14,2023-02-03 06:54,Business,Solapur,Bengaluru,63.2,Office Commute
2023-09-27 06:37,2023-09-27 08:37,Business,Vijayawada,Allahabad,75.6,Conference Visit
2023-01-22 06:40,2023-01-22 08:42,Personal,Surat,Bhubaneswar,72.1,Office Commute
2023-01-22 16:00,2023-01-22 17:12,Business,Nashik,Navi Mumbai,44.1,Office Commute
2023-10-20 00:48,2023-10-20 02:11,Business,Gwalior,Tiruchirappalli,43.8,Meeting
2023-01-05 02:51,2023-01-05 04:49,Business,Dhanbad,Vadodara,66.4,Site Inspection
2023-08-29 11:38,2023-08-29 13:38,Business,Jaipur,Kolkata,75.2,Errand/Supplies
2023-06-26 08:18,2023-06-26 10:19,Business,Hyderabad,Noida,71.3,Meeting
2023-10-05 00:25,2023-10-05 01:32,Business,Mysore,Delhi,40.5,Team Outing
2023-02-18 22:14,2023-02-19 00:21,Business,Mysore,Surat,76.2,Meeting
2023-03-14 04:55,2023-03-14 06:44,Business,Indore,Kalyan,64.8,Errand/Supplies
2023-09-11 02:19,2023-09-11 04:05,Business,Bhubaneswar,Thane,60.5,Errand/Supplies
2023-02-27 05:57,2023-02-27 08:03,Business,Howrah,Mysore,71.0,Office Commute
2023-01-04 03:19,2023-01-04 04:50,Business,Howrah,Nagpur,54.8,Client Pickup
2023-11-30 11:41,2023-11-30 13:37,Business,Amritsar,Faridabad,73.4,Meeting
2023-12-19 19:50,2023-12-19 21:13,Personal,Kanpur,Indore,48.0,Client Meeting
2023-09-27 19:50,2023-09-27 21:49,Personal,Surat,Aurangabad,66.7,Client Meeting
2023-05-11 08:34,2023-05-11 10:22,Personal,Nagpur,Pune,63.1,Airport Drop
2023-11-03 11:47,2023-11-03 13:20,Business,Kalyan,Hyderabad,58.2,Site Inspection
2023-09-27 05:17,2023-09-27 07:07,Business,Lonavala,Dhanbad,65.6,Conference Visit
2023-10-26 09:31,2023-10-26 11:14,Business,Kolkata,Nashik,59.2,Meeting
2023-11-17 19:39,2023-11-17 21:08,Business,Thane,Ranchi,56.0,Weekend Trip
2023-02-14 17:38,2023-02-14 18:48,Business,Jabalpur,Agra,41.2,Airport Drop
2023-10-25 07:16,2023-10-25 09:07,Business,Gwalior,Kochi,63.4,Customer Visit
2023-03-27 00:42,2023-03-27 02:12,Personal,Allahabad,Ahmedabad,51.4,Site Inspection
2023-03-11 08:07,2023-03-11 09:51,Business,Rajkot,Coimbatore,62.2,Office Commute
2023-01-09 03:40,2023-01-09 05:43,Business,Ahmedabad,Coimbatore,76.4,Errand/Supplies
2023-12-30 13:12,2023-12-30 14:29,Business,Jaipur,Noida,44.4,Office Commute
2023-09-14 16:06,2023-09-14 18:04,Business,Howrah,Kolkata,72.4,Site Inspection
2023-12-08 03:10,2023-12-08 05:09,Personal,Ludhiana,Thane,75.3,Meeting
2023-03-15 15:35,2023-03-15 16:53,Personal,Bhopal,Chandigarh,45.2,Customer Visit
2023-06-16 19:36,2023-06-16 21:07,Business,Madurai,Jaipur,52.7,Meeting
2023-11-28 19:54,2023-11-28 21:43,Business,Vijayawada,Allahabad,63.5,Office Commute
2023-11-05 23:38,2023-11-06 00:54,Business,Surat,Chandigarh,42.1,Office Commute
2023-12-11 00:34,2023-12-11 02:52,Personal,Vadodara,Bhubaneswar,78.7,Meeting
2023-09-15 16:17,2023-09-15 17:52,Business,Dewas,Rajkot,58.8,Office Commute
2023-10-19 17:05,2023-10-19 19:13,Business,Chennai,Lucknow,75.3,Errand/Supplies
2023-05-26 04:48,2023-05-26 06:27,Business,Lonavala,Ludhiana,52.9,Meal/Entertain
2023-09-05 19:34,2023-09-05 21:14,Business,Raipur,Lonavala,63.2,Meal/Entertain
2023-04-02 00:37,2023-04-02 02:21,Business,Dewas,Dhanbad,58.1,Team Outing
2023-03-03 01:17,2023-03-03 02:55,Personal,Dewas,Howrah,55.1,Delivery Task
2023-04-25 14:02,2023-04-25 16:06,Business,Ghaziabad,Meerut,70.1,Customer Visit
2023-07-18 22:37,2023-07-18 23:54,Business,Ludhiana,Indore,41.6,Errand/Supplies
2023-11-09 10:31,2023-11-09 12:15,Business,Kanpur,Kochi,56.4,Airport Drop
2023-04-01 19:05,2023-04-01 20:28,Business,Hubli,Guwahati,47.2,Customer Visit
2023-11-24 05:37,2023-11-24 06:48,Personal,Noida,Aurangabad,43.3,Client Meeting
2023-01-28 17:01,2023-01-28 18:22,Business,Surat,Guwahati,43.9,Weekend Trip
2023-05-08 20:45,2023-05-08 22:09,Personal,Allahabad,Madurai,47.9,Customer Visit
2023-04-17 14:11,2023-04-17 16:02,Business,Howrah,Ranchi,67.3,Office Commute
2023-10-20 04:43,2023-10-20 06:55,Personal,Raipur,Nagpur,79.9,Team Outing
2023-11-01 03:17,2023-11-01 05:23,Business,Agra,Srinagar,72.9,Temporary Site
2023-07-03 07:23,2023-07-03 09:11,Business,Jodhpur,Thiruvananthapuram,66.2,Office Commute
2023-03-23 12:10,2023-03-23 14:13,Business,Vadodara,Jodhpur,68.9,Team Outing
2023-07-02 00:57,2023-07-02 02:49,Business,Dhanbad,Ludhiana,62.1,Client Meeting
2023-06-16 12:38,2023-06-16 14:46,Personal,Hyderabad,Surat,73.8,Conference Visit
2023-05-26 12:27,2023-05-26 14:09,Business,Dewas,Kochi,62.3,Client Pickup
2023-01-04 18:14,2023-01-04 20:30,Business,Mumbai,Vadodara,77.7,Site Inspection
2023-06-12 18:44,2023-06-12 20:22,Business,Thane,Patiala,53.6,Delivery Task
2023-07-28 18:49,2023-07-28 20:49,Business,Patna,Solapur,71.1,Meal/Entertain
2023-05-09 06:09,2023-05-09 07:35,Business,Hubli,Mysore,46.1,Meeting
2023-05-31 01:49,2023-05-31 03:03,Business,Jaipur,Dewas,42.5,Delivery Task
2023-09-06 03:56,2023-09-06 06:07,Business,Kota,Bengaluru,78.5,Meal/Entertain
2023-01-13 10:48,2023-01-13 12:41,Business,Bangalore,Chennai,62.1,Meeting
2023-05-30 20:47,2023-05-30 22:55,Business,Ahmedabad,Coimbatore,76.5,Weekend Trip
2023-06-26 13:46,2023-06-26 15:23,Business,Dewas,Dhanbad,61.0,Customer Visit
2023-02-13 00:12,2023-02-13 01:44,Business,Jabalpur,Ludhiana,55.6,Errand/Supplies
2023-12-17 22:02,2023-12-17 23:17,Business,Madurai,Kalyan,42.8,Client Pickup
2023-10-03 14:37,2023-10-03 16:22,Business,Bhubaneswar,Vadodara,57.3,Meeting
2023-03-20 19:50,2023-03-20 21:27,Business,Chennai,Nagpur,52.4,Errand/Supplies
2023-11-10 15:03,2023-11-10 16:39,Business,Guwahati,Delhi,56.0,Field Work
2023-06-28 17:25,2023-06-28 19:36,Business,Ludhiana,Hyderabad,75.2,Client Pickup
2023-12-09 03:27,2023-12-09 05:03,Business,Mumbai,Allahabad,51.5,Office Commute
2023-06-01 21:13,2023-06-01 23:10,Business,Indore,Pune,71.7,Delivery Task
2023-06-17 19:14,2023-06-17 21:10,Business,Kalyan,Faridabad,64.7,Meal/Entertain
2023-02-07 02:26,2023-02-07 04:24,Business,Jaipur,Vijayawada,67.9,Office Commute
2023-04-17 07:46,2023-04-17 09:52,Personal,Pune,Allahabad,74.8,Site Inspection
2023-12-17 09:26,2023-12-17 11:20,Business,Patiala,Vijayawada,69.1,Meal/Entertain
2023-02-17 01:57,2023-02-17 03:58,Business,Vijayawada,Lonavala,70.5,Meal/Entertain
2023-05-07 14:39,2023-05-07 16:43,Business,Aurangabad,Solapur,70.7,Meal/Entertain
2023-06-29 11:42,2023-06-29 13:17,Business,Kochi,Chennai,60.2,Meal/Entertain
2023-05-29 00:37,2023-05-29 02:37,Business,Aurangabad,Navi Mumbai,70.0,Weekend Trip
2023-01-05 04:04,2023-01-05 05:40,Business,Ranchi,Jodhpur,55.9,Office Commute
2023-10-18 18:09,2023-10-18 19:47,Business,Bhopal,Raipur,53.1,Meeting
2023-04-05 02:20,2023-04-05 04:11,Business,Lonavala,Kolkata,61.9,Meeting
2023-03-08 06:00,2023-03-08 07:55,Business,Bhubaneswar,Kota,73.7,Client Pickup
2023-10-15 22:46,2023-10-16 00:10,Business,Nagpur,Bengaluru,45.0,Delivery Task
2023-04-17 02:53,2023-04-17 04:02,Business,Chennai,Aurangabad,40.4,Meeting
2023-12-13 16:27,2023-12-13 18:20,Business,Kochi,Indore,68.6,Airport Drop
2023-09-14 08:01,2023-09-14 09:48,Personal,Kochi,Pune,66.5,Client Meeting
2023-01-02 19:29,2023-01-02 20:38,Personal,Jaipur,Pune,42.1,Office Commute
2023-05-26 11:56,2023-05-26 14:03,Business,Srinagar,Jaipur,77.2,Client Meeting
2023-09-22 01:40,2023-09-22 03:36,Business,Delhi,Bangalore,72.8,Meal/Entertain
2023-09-15 21:56,2023-09-15 23:56,Personal,Dhanbad,Varanasi,73.4,Team Outing
2023-09-01 10:04,2023-09-01 11:34,Business,Rajkot,Chennai,52.9,Meeting
2023-06-16 04:08,2023-06-16 05:39,Business,Nashik,Dewas,55.8,Client Meeting
2023-01-06 19:45,2023-01-06 21:21,Personal,Dhanbad,Dewas,52.9,Meal/Entertain
2023-04-19 03:24,2023-04-19 05:19,Business,Noida,Hubli,66.3,Team Outing
2023-10-26 02:02,2023-10-26 03:46,Business,Allahabad,Aurangabad,56.4,Airport Drop
2023-11-27 06:54,2023-11-27 09:03,Personal,Bengaluru,Raipur,79.6,Meeting
2023-09-28 10:07,2023-09-28 12:22,Business,Ghaziabad,Bengaluru,79.3,Meeting
2023-05-09 22:53,2023-05-10 00:44,Business,Patna,Visakhapatnam,67.7,Client Meeting
2023-11-27 17:03,2023-11-27 18:42,Business,Navi Mumbai,Solapur,52.7,Airport Pickup
2023-10-16 02:12,2023-10-16 03:54,Business,Aurangabad,Hyderabad,60.4,Customer Visit
2023-01-09 05:43,2023-01-09 06:51,Business,Lucknow,Mysore,40.5,Customer Visit
2023-08-29 16:38,2023-08-29 18:30,Business,Howrah,Faridabad,70.3,Meeting
2023-02-28 21:40,2023-02-28 23:14,Business,Amritsar,Bhubaneswar,51.9,Office Commute
2023-10-15 02:21,2023-10-15 04:32,Business,Dewas,Noida,77.8,Site Inspection
2023-01-16 09:10,2023-01-16 11:15,Business,Bhubaneswar,Guwahati,71.5,Meeting
2023-11-25 22:00,2023-11-25 23:16,Business,Noida,Thiruvananthapuram,40.9,Site Inspection
2023-12-23 09:22,2023-12-23 10:37,Business,Hyderabad,Faridabad,42.2,Meeting
2023-12-05 22:12,2023-12-05 23:42,Personal,Thane,Patna,48.9,Conference Visit
2023-01-26 02:16,2023-01-26 04:13,Business,Ludhiana,Hubli,65.2,Meeting
2023-03-09 10:46,2023-03-09 12:04,Business,Aurangabad,Delhi,45.0,Client Pickup
2023-05-01 23:02,2023-05-02 00:55,Business,Faridabad,Lucknow,69.0,Conference Visit
2023-04-07 16:33,2023-04-07 17:57,Personal,Rajkot,Delhi,47.1,Office Commute
2023-04-16 13:55,2023-04-16 15:53,Business,Gwalior,Mumbai,65.4,Site Inspection
2023-06-21 09:55,2023-06-21 11:23,Business,Bangalore,Jabalpur,46.7,Conference Visit
2023-11-15 07:15,2023-11-15 09:20,Business,Lucknow,Nashik,70.4,Meal/Entertain
2023-10-22 17:04,2023-10-22 19:09,Personal,Ahmedabad,Solapur,74.2,Conference Visit
2023-04-10 22:07,2023-04-11 00:07,Personal,Nagpur,Madurai,69.1,Conference Visit
2023-08-24 08:33,2023-08-24 10:15,Business,Kolkata,Howrah,55.0,Site Inspection
2023-03-02 02:08,2023-03-02 03:47,Personal,Aurangabad,Hyderabad,58.8,Client Pickup
2023-05-26 08:20,2023-05-26 09:09,Business,Agra,Agra,19.6,Meal/Entertain
2023-10-16 05:44,2023-10-16 07:23,Business,Jodhpur,Visakhapatnam,55.8,Delivery Task
2023-01-28 15:57,2023-01-28 18:14,Business,Jaipur,Lonavala,79.5,Meal/Entertain
2023-12-29 00:04,2023-12-29 01:21,Business,Varanasi,Allahabad,45.0,Errand/Supplies
2023-12-21 14:34,2023-12-21 16:05,Business,Delhi,Solapur,50.2,Office Commute
2023-09-28 11:26,2023-09-28 13:13,Personal,Lucknow,Raipur,67.5,Office Commute
2023-04-05 02:53,2023-04-05 04:57,Business,Noida,Jaipur,69.4,Meeting
2023-09-20 16:44,2023-09-20 18:26,Business,Allahabad,Vijayawada,65.2,Temporary Site
2023-06-26 21:17,2023-06-26 22:41,Personal,Pune,Patiala,50.5,Site Inspection
2023-11-23 19:29,2023-11-23 21:36,Business,Ghaziabad,Faridabad,78.1,Errand/Supplies
2023-12-23 01:58,2023-12-23 03:53,Business,Agra,Bhopal,65.8,Errand/Supplies
2023-07-21 09:06,2023-07-21 11:11,Personal,Jodhpur,Raipur,76.0,Site Inspection
2023-09-26 16:23,2023-09-26 18:02,Business,Varanasi,Kanpur,57.1,Errand/Supplies
2023-04-30 14:34,2023-04-30 16:14,Business,Lucknow,Madurai,55.3,Delivery Task
2023-02-12 10:30,2023-02-12 12:38,Business,Solapur,Varanasi,74.8,Client Pickup
2023-10-18 14:34,2023-10-18 16:03,Business,Thiruvananthapuram,Chandigarh,48.4,Site Inspection
2023-10-28 11:48,2023-10-28 13:11,Personal,Pune,Howrah,43.9,Conference Visit
2023-03-08 06:25,2023-03-08 08:18,Business,Ludhiana,Kalyan,69.3,Meal/Entertain
2023-03-12 16:13,2023-03-12 17:32,Business,Jabalpur,Coimbatore,47.9,Delivery Task
2023-01-23 21:45,2023-01-23 23:06,Business,Kochi,Mumbai,47.4,Office Commute
2023-12-05 12:02,2023-12-05 14:18,Business,Thane,Solapur,79.3,Errand/Supplies
2023-09-05 03:59,2023-09-05 05:15,Business,Kochi,Navi Mumbai,44.4,Team Outing
2023-01-25 22:58,2023-01-26 00:20,Business,Bangalore,Gwalior,45.0,Client Pickup
2023-10-23 08:41,2023-10-23 10:18,Business,Ahmedabad,Mysore,59.4,Site Inspection
2023-09-16 09:15,2023-09-16 11:18,Business,Agra,Amritsar,78.2,Weekend Trip
2023-08-23 04:13,2023-08-23 05:26,Personal,Bengaluru,Dewas,40.3,Customer Visit
2023-06-16 18:47,2023-06-16 20:22,Personal,Visakhapatnam,Lonavala,53.5,Airport Pickup
2023-11-14 05:34,2023-11-14 07:46,Personal,Jabalpur,Patna,80.0,Client Meeting
2023-05-19 06:25,2023-05-19 08:16,Business,Jabalpur,Patiala,64.4,Client Pickup
2023-12-26 05:58,2023-12-26 07:57,Business,Thane,Bengaluru,73.4,Meeting
2023-09-29 13:37,2023-09-29 15:20,Personal,Ahmedabad,Nagpur,61.2,Customer Visit
2023-07-04 13:10,2023-07-04 15:07,Business,Jabalpur,Kochi,66.4,Client Meeting
2023-05-06 02:58,2023-05-06 08:44,Personal,Patiala,Delhi,227.6,Airport Pickup
2023-10-13 18:16,2023-10-13 20:29,Business,Navi Mumbai,Jabalpur,78.8,Meeting
2023-10-15 01:53,2023-10-15 03:29,Business,Patna,Kochi,59.4,Meal/Entertain
2023-07-04 21:46,2023-07-04 23:50,Business,Indore,Kanpur,77.7,Customer Visit
2023-02-25 14:21,2023-02-25 15:38,Business,Rajkot,Jaipur,47.8,Client Pickup
2023-09-19 09:23,2023-09-19 11:00,Business,Bhubaneswar,Lonavala,52.1,Site Inspection
2023-09-15 08:16,2023-09-15 09:34,Business,Chennai,Vasai,44.6,Meeting
2023-09-29 19:37,2023-09-29 21:40,Business,Faridabad,Dewas,77.8,Site Inspection
2023-12-27 18:56,2023-12-27 20:12,Business,Bengaluru,Kanpur,41.2,Meeting
2023-04-11 01:16,2023-04-11 02:49,Personal,Vasai,Jaipur,48.8,Site Inspection
2023-07-27 14:18,2023-07-27 15:46,Business,Vasai,Patiala,45.4,Site Inspection
2023-12-28 20:49,2023-12-28 22:48,Personal,Bangalore,Surat,74.9,Client Pickup
2023-10-13 20:02,2023-10-13 22:02,Business,Noida,Hyderabad,68.7,Airport Pickup
2023-06-19 16:47,2023-06-19 17:35,Business,Noida,Noida,24.3,Office Commute
2023-02-04 14:50,2023-02-04 16:10,Business,Dhanbad,Ghaziabad,43.5,Temporary Site
2023-02-15 02:11,2023-02-15 04:11,Business,Ranchi,Mysore,69.8,Client Pickup
2023-10-14 04:34,2023-10-14 06:01,Personal,Bhubaneswar,Tiruchirappalli,55.2,Field Work
2023-05-31 17:46,2023-05-31 19:15,Business,Howrah,Amritsar,47.6,Airport Drop
2023-11-06 08:31,2023-11-06 10:20,Business,Hubli,Srinagar,67.2,Airport Pickup
2023-06-03 12:34,2023-06-03 13:52,Personal,Ludhiana,Patiala,48.9,Site Inspection
2023-04-26 06:35,2023-04-26 07:55,Personal,Madurai,Tiruchirappalli,45.8,Delivery Task
2023-02-26 15:36,2023-02-26 17:18,Business,Lonavala,Patna,64.1,Meeting
2023-02-17 22:46,2023-02-18 00:58,Business,Nagpur,Hubli,79.6,Site Inspection
2023-03-25 18:31,2023-03-25 20:28,Business,Tiruchirappalli,Raipur,65.2,Customer Visit
2023-11-11 15:42,2023-11-11 17:00,Personal,Gwalior,Raipur,42.4,Meal/Entertain
2023-12-29 21:32,2023-12-29 23:34,Business,Chandigarh,Thiruvananthapuram,73.9,Delivery Task
2023-06-02 03:54,2023-06-02 05:37,Business,Pune,Ranchi,59.5,Site Inspection
2023-01-09 09:00,2023-01-09 10:26,Business,Thiruvananthapuram,Patiala,46.4,Meal/Entertain
2023-10-22 06:24,2023-10-22 08:40,Business,Hyderabad,Kanpur,79.6,Client Pickup
2023-09-28 10:41,2023-09-28 12:08,Business,Jodhpur,Aurangabad,51.3,Delivery Task
2023-05-06 14:28,2023-05-06 15:39,Business,Pune,Tiruchirappalli,43.9,Site Inspection
2023-03-05 13:44,2023-03-05 15:20,Personal,Tiruchirappalli,Visakhapatnam,58.3,Meal/Entertain
2023-03-23 11:09,2023-03-23 13:13,Business,Kochi,Pune,75.9,Conference Visit
2023-05-21 16:11,2023-05-21 17:58,Business,Thane,Ranchi,66.0,Delivery Task
2023-06-15 20:57,2023-06-15 22:15,Personal,Patna,Surat,45.9,Client Meeting
2023-03-11 18:17,2023-03-11 20:21,Personal,Visakhapatnam,Amritsar,79.0,Airport Drop
2023-02-27 16:45,2023-02-27 18:37,Business,Bhopal,Lucknow,63.7,Temporary Site
2023-04-28 13:16,2023-04-28 14:49,Business,Faridabad,Allahabad,55.9,Client Pickup
2023-11-05 20:58,2023-11-05 22:46,Business,Noida,Ranchi,67.7,Weekend Trip
2023-04-17 21:11,2023-04-17 23:09,Business,Srinagar,Kolkata,66.0,Client Pickup
2023-07-09 23:50,2023-07-10 01:06,Business,Jabalpur,Agra,43.3,Meeting
2023-04-17 07:18,2023-04-17 09:00,Business,Ahmedabad,Mysore,62.9,Office Commute
2023-09-08 08:04,2023-09-08 09:51,Business,Surat,Mysore,59.4,Client Pickup
2023-10-05 04:48,2023-10-05 06:17,Personal,Howrah,Mumbai,53.0,Team Outing
2023-11-14 11:18,2023-11-14 13:01,Business,Jodhpur,Thiruvananthapuram,55.8,Errand/Supplies
2023-11-15 00:01,2023-11-15 01:41,Personal,Aurangabad,Ludhiana,61.6,Team Outing
2023-08-21 16:02,2023-08-21 17:22,Business,Solapur,Patiala,47.2,Conference Visit
2023-01-16 04:50,2023-01-16 06:17,Business,Agra,Meerut,52.6,Client Meeting
2023-04-10 17:10,2023-04-10 18:21,Personal,Mumbai,Dewas,43.5,Meeting
2023-07-31 10:25,2023-07-31 11:56,Personal,Bangalore,Bhopal,54.5,Site Inspection
2023-07-21 17:33,2023-07-21 21:47,Personal,Kanpur,Patiala,160.1,Office Commute
2023-09-27 22:48,2023-09-28 00:37,Personal,Patiala,Madurai,63.1,Meeting
2023-07-29 00:28,2023-07-29 02:00,Business,Ludhiana,Vijayawada,54.1,Meeting
2023-01-15 06:23,2023-01-15 07:36,Personal,Pune,Bengaluru,41.8,Client Meeting
2023-02-22 02:54,2023-02-22 04:17,Personal,Chandigarh,Howrah,48.6,Field Work
2023-06-13 21:27,2023-06-13 23:17,Business,Mysore,Indore,69.2,Temporary Site
2023-03-05 10:14,2023-03-05 12:10,Business,Meerut,Ghaziabad,66.0,Errand/Supplies
2023-09-27 17:21,2023-09-27 19:10,Business,Kolkata,Bangalore,67.1,Office Commute
2023-09-03 21:06,2023-09-03 23:00,Business,Madurai,Dewas,69.3,Meeting
2023-07-18 14:50,2023-07-18 16:38,Business,Raipur,Jabalpur,65.9,Meal/Entertain
2023-06-18 09:41,2023-06-18 11:57,Personal,Kalyan,Thiruvananthapuram,79.7,Conference Visit
2023-07-26 09:39,2023-07-26 11:03,Personal,Ahmedabad,Nagpur,50.8,Office Commute
2023-02-04 13:17,2023-02-04 14:52,Business,Patna,Meerut,53.2,Client Meeting
2023-04-17 06:34,2023-04-17 08:26,Business,Vijayawada,Hyderabad,71.9,Customer Visit
2023-02-10 18:41,2023-02-10 20:02,Business,Bengaluru,Jaipur,48.9,Meal/Entertain
2023-11-15 23:28,2023-11-16 01:06,Business,Coimbatore,Ludhiana,52.3,Customer Visit
2023-04-20 12:23,2023-04-20 14:10,Business,Bengaluru,Ludhiana,62.9,Meeting
2023-10-19 23:57,2023-10-20 01:24,Business,Nagpur,Bengaluru,46.8,Client Meeting
2023-11-03 07:39,2023-11-03 09:36,Business,Coimbatore,Indore,67.1,Customer Visit
2023-07-19 10:46,2023-07-19 11:55,Personal,Kota,Mysore,40.4,Meal/Entertain
2023-04-14 20:04,2023-04-14 21:44,Business,Patiala,Bhubaneswar,62.7,Office Commute
2023-10-29 23:05,2023-10-30 00:39,Business,Vijayawada,Rajkot,54.8,Client Pickup
2023-06-20 11:24,2023-06-20 13:07,Personal,Patna,Nagpur,58.3,Meal/Entertain
2023-06-16 03:03,2023-06-16 04:31,Business,Thane,Kolkata,51.0,Office Commute
2023-06-07 20:59,2023-06-07 23:10,Business,Howrah,Navi Mumbai,77.9,Site Inspection
2023-04-04 05:18,2023-04-04 06:29,Business,Tiruchirappalli,Bangalore,43.1,Office Commute
2023-12-06 13:33,2023-12-06 15:07,Business,Chennai,Mumbai,59.7,Office Commute
2023-07-06 06:43,2023-07-06 08:46,Business,Kanpur,Patna,69.2,Client Meeting
2023-09-29 00:43,2023-09-29 02:44,Business,Lucknow,Patna,75.5,Office Commute
2023-10-17 16:27,2023-10-17 18:26,Business,Jodhpur,Agra,76.4,Delivery Task
2023-04-05 20:21,2023-04-05 22:12,Business,Raipur,Kanpur,70.0,Site Inspection
2023-12-09 12:11,2023-12-09 14:03,Business,Nagpur,Kochi,67.0,Team Outing
2023-05-18 04:54,2023-05-18 06:07,Business,Coimbatore,Aurangabad,45.3,Airport Drop
2023-02-13 23:24,2023-02-14 01:01,Personal,Kanpur,Lonavala,54.9,Airport Pickup
2023-10-25 15:29,2023-10-25 17:09,Personal,Vijayawada,Patna,61.6,Customer Visit
2023-01-01 20:49,2023-01-01 22:21,Business,Gwalior,Howrah,50.6,Office Commute
2023-09-07 16:56,2023-09-07 18:57,Business,Dewas,Visakhapatnam,77.3,Office Commute
2023-01-23 07:54,2023-01-23 10:00,Business,Visakhapatnam,Kolkata,73.9,Client Meeting
2023-02-11 14:50,2023-02-11 16:12,Business,Agra,Nashik,51.9,Team Outing
2023-01-04 10:36,2023-01-04 12:08,Business,Indore,Varanasi,56.1,Customer Visit
2023-12-15 22:43,2023-12-16 00:23,Business,Kanpur,Lonavala,61.2,Conference Visit
2023-10-26 19:46,2023-10-26 20:59,Business,Kalyan,Bhopal,40.3,Meal/Entertain
2023-06-16 08:25,2023-06-16 09:53,Personal,Dhanbad,Kota,52.0,Meal/Entertain
2023-09-12 20:58,2023-09-12 23:16,Business,Madurai,Thane,79.6,Client Pickup
2023-05-20 12:19,2023-05-20 13:56,Business,Chennai,Bhubaneswar,57.4,Site Inspection
2023-06-13 12:31,2023-06-13 13:53,Business,Bhopal,Delhi,45.3,Airport Drop
2023-07-06 03:21,2023-07-06 04:46,Business,Vasai,Allahabad,48.0,Site Inspection
2023-09-22 18:14,2023-09-22 19:52,Business,Bhopal,Kalyan,59.8,Client Pickup
2023-07-14 21:39,2023-07-14 23:48,Business,Hubli,Solapur,75.3,Errand/Supplies
2023-02-18 23:33,2023-02-19 01:29,Business,Bhubaneswar,Bhopal,71.7,Meal/Entertain
2023-06-16 20:46,2023-06-16 22:40,Personal,Indore,Lucknow,73.2,Customer Visit
2023-10-23 12:06,2023-10-23 13:53,Personal,Kanpur,Kota,59.4,Field Work
2023-04-07 21:11,2023-04-07 22:54,Business,Faridabad,Nashik,60.4,Meal/Entertain
2023-04-07 01:30,2023-04-07 03:47,Business,Srinagar,Bhopal,79.8,Client Meeting
2023-09-30 07:08,2023-09-30 09:06,Business,Delhi,Kota,72.4,Meeting
2023-03-31 02:00,2023-03-31 03:46,Business,Delhi,Tiruchirappalli,65.4,Client Meeting
2023-08-28 09:53,2023-08-28 11:29,Business,Bhubaneswar,Jodhpur,57.1,Meal/Entertain
2023-03-31 21:03,2023-03-31 22:52,Business,Bangalore,Vadodara,65.3,Errand/Supplies
2023-09-08 01:19,2023-09-08 02:55,Business,Hyderabad,Kanpur,60.4,Team Outing
2023-05-17 07:47,2023-05-17 09:21,Business,Howrah,Bhopal,51.2,Errand/Supplies
2023-01-01 04:59,2023-01-01 06:15,Business,Faridabad,Hubli,47.3,Team Outing
2023-04-19 19:16,2023-04-19 20:41,Business,Patiala,Ranchi,51.4,Site Inspection
2023-05-10 19:44,2023-05-10 21:27,Business,Kanpur,Coimbatore,59.7,Meal/Entertain
2023-10-27 05:14,2023-10-27 07:03,Business,Bhopal,Bengaluru,67.3,Customer Visit
2023-10-30 11:01,2023-10-30 12:38,Business,Hyderabad,Jabalpur,54.5,Office Commute
2023-02-03 21:03,2023-02-03 22:46,Personal,Faridabad,Noida,63.4,Meeting
2023-08-16 19:08,2023-08-16 20:26,Business,Bhubaneswar,Navi Mumbai,44.8,Meal/Entertain
2023-08-01 06:29,2023-08-01 07:49,Business,Delhi,Raipur,43.9,Weekend Trip
2023-07-27 05:07,2023-07-27 07:01,Business,Howrah,Rajkot,70.4,Office Commute
2023-04-09 01:42,2023-04-09 03:31,Business,Allahabad,Bhubaneswar,62.0,Meal/Entertain
2023-12-20 17:43,2023-12-20 19:44,Business,Vasai,Jabalpur,68.7,Office Commute
2023-07-15 16:24,2023-07-15 18:24,Business,Aurangabad,Kota,77.3,Airport Pickup
2023-04-23 11:47,2023-04-23 13:51,Business,Chennai,Nagpur,78.7,Temporary Site
2023-10-15 15:57,2023-10-15 17:55,Personal,Mumbai,Amritsar,67.8,Meal/Entertain
2023-01-30 02:54,2023-01-30 04:34,Business,Lonavala,Patna,60.5,Meal/Entertain
2023-06-01 13:21,2023-06-01 15:11,Business,Kochi,Solapur,62.5,Office Commute
2023-08-11 02:28,2023-08-11 03:39,Business,Nagpur,Guwahati,40.1,Weekend Trip
2023-10-07 20:17,2023-10-07 22:00,Business,Mysore,Pune,60.2,Office Commute
2023-08-03 10:25,2023-08-03 12:15,Business,Howrah,Tiruchirappalli,68.3,Meeting
2023-12-10 03:46,2023-12-10 05:07,Business,Chennai,Dhanbad,45.9,Office Commute
2023-09-07 11:43,2023-09-07 13:42,Personal,Visakhapatnam,Bhubaneswar,71.6,Meal/Entertain
2023-05-15 22:34,2023-05-15 23:50,Business,Thiruvananthapuram,Dewas,40.1,Office Commute
2023-04-13 13:00,2023-04-13 15:02,Business,Hubli,Bangalore,75.4,Meeting
2023-01-23 05:44,2023-01-23 07:08,Business,Kalyan,Vasai,53.0,Meeting
2023-03-10 15:17,2023-03-10 17:27,Business,Thiruvananthapuram,Indore,78.6,Errand/Supplies
2023-12-31 16:16,2023-12-31 18:16,Business,Ahmedabad,Madurai,74.7,Temporary Site
2023-04-10 22:37,2023-04-11 00:44,Personal,Rajkot,Ranchi,77.8,Temporary Site
2023-08-14 21:29,2023-08-14 23:02,Business,Thiruvananthapuram,Kochi,50.8,Meal/Entertain
2023-05-24 03:58,2023-05-24 05:50,Business,Chandigarh,Kochi,69.1,Errand/Supplies
2023-03-13 20:35,2023-03-13 21:55,Business,Vasai,Kota,47.3,Client Pickup
2023-09-09 11:44,2023-09-09 13:41,Personal,Delhi,Mumbai,69.2,Temporary Site
2023-06-03 02:11,2023-06-03 03:32,Business,Ahmedabad,Howrah,47.1,Meeting
2023-12-20 01:42,2023-12-20 03:13,Personal,Aurangabad,Chandigarh,49.8,Airport Drop
2023-11-10 19:02,2023-11-10 20:50,Business,Bengaluru,Rajkot,69.1,Errand/Supplies
2023-11-18 00:07,2023-11-18 01:13,Business,Nagpur,Bengaluru,40.8,Meeting
2023-04-07 10:43,2023-04-07 11:52,Personal,Solapur,Thrissur,41.7,Site Inspection
2023-11-04 17:42,2023-11-04 19:23,Personal,Guwahati,Chandigarh,64.0,Errand/Supplies
2023-11-28 03:55,2023-11-28 05:51,Business,Surat,Bengaluru,72.7,Site Inspection
2023-06-22 13:25,2023-06-22 15:08,Business,Delhi,Bhubaneswar,62.5,Client Meeting
2023-07-31 02:02,2023-07-31 03:29,Personal,Howrah,Hyderabad,49.8,Team Outing
2023-02-09 22:18,2023-02-10 00:21,Business,Navi Mumbai,Madurai,73.0,Errand/Supplies
2023-01-01 11:16,2023-01-01 12:52,Business,Bengaluru,Lucknow,56.6,Field Work
2023-09-12 12:26,2023-09-12 13:48,Business,Ahmedabad,Dhanbad,45.9,Delivery Task
2023-12-10 09:33,2023-12-10 11:04,Business,Dhanbad,Vijayawada,55.4,Site Inspection
2023-04-20 10:41,2023-04-20 12:10,Personal,Lonavala,Chennai,49.0,Customer Visit
2023-12-26 02:50,2023-12-26 04:18,Business,Aurangabad,Nashik,54.4,Meeting
2023-07-26 00:26,2023-07-26 01:51,Business,Vasai,Allahabad,47.1,Errand/Supplies
2023-09-17 03:26,2023-09-17 04:49,Business,Nagpur,Coimbatore,46.0,Client Meeting
2023-04-16 06:46,2023-04-16 08:58,Personal,Nashik,Thiruvananthapuram,75.0,Meal/Entertain
2023-10-04 05:51,2023-10-04 07:46,Business,Patiala,Jabalpur,72.4,Field Work
2023-10-30 01:28,2023-10-30 03:35,Business,Surat,Agra,79.1,Meeting
2023-11-02 01:49,2023-11-02 03:52,Business,Hubli,Chandigarh,68.9,Client Pickup
2023-10-10 05:24,2023-10-10 07:02,Business,Thiruvananthapuram,Aurangabad,57.1,Field Work
2023-10-26 01:56,2023-10-26 03:20,Business,Chandigarh,Bangalore,45.1,Office Commute
2023-06-10 18:14,2023-06-10 19:57,Business,Indore,Hubli,59.3,Office Commute
2023-05-29 19:32,2023-05-29 21:45,Business,Bhubaneswar,Thane,76.9,Conference Visit
2023-07-28 05:51,2023-07-28 07:32,Business,Meerut,Lonavala,59.7,Client Pickup
2023-08-13 10:11,2023-08-13 11:48,Personal,Jaipur,Bangalore,56.9,Client Meeting
2023-11-27 08:07,2023-11-27 09:12,Business,Pune,Bangalore,40.1,Meeting
2023-02-12 18:43,2023-02-12 19:56,Business,Jabalpur,Meerut,45.3,Errand/Supplies
2023-10-30 09:30,2023-10-30 11:30,Business,Vijayawada,Indore,74.0,Office Commute
2023-12-28 16:44,2023-12-28 18:53,Business,Gwalior,Kolkata,74.1,Team Outing
2023-02-23 12:24,2023-02-23 13:35,Personal,Faridabad,Dewas,42.2,Weekend Trip
2023-09-28 08:19,2023-09-28 10:20,Business,Pune,Raipur,69.3,Delivery Task
2023-01-29 15:35,2023-01-29 17:34,Business,Jabalpur,Amritsar,66.5,Meal/Entertain
2023-05-22 20:19,2023-05-22 21:29,Business,Thrissur,Nagpur,41.2,Customer Visit
2023-11-13 00:20,2023-11-13 02:12,Business,Bangalore,Faridabad,62.8,Client Meeting
2023-10-18 12:51,2023-10-18 14:49,Business,Chandigarh,Solapur,69.7,Delivery Task
2023-09-08 10:24,2023-09-08 11:55,Business,Kota,Kalyan,57.8,Customer Visit
2023-01-13 11:22,2023-01-13 13:24,Business,Gwalior,Bhopal,75.2,Customer Visit
2023-08-04 05:06,2023-08-04 07:11,Business,Lucknow,Chennai,75.0,Office Commute
2023-06-14 12:53,2023-06-14 14:45,Business,Vijayawada,Mumbai,68.4,Meal/Entertain
2023-02-18 14:19,2023-02-18 16:28,Business,Guwahati,Bangalore,79.1,Weekend Trip
2023-08-23 23:47,2023-08-24 01:52,Business,Jodhpur,Nashik,79.0,Delivery Task
2023-09-07 06:51,2023-09-07 08:26,Business,Thiruvananthapuram,Pune,52.5,Field Work
2023-09-09 03:11,2023-09-09 05:17,Personal,Thiruvananthapuram,Jaipur,72.1,Client Pickup
2023-08-23 06:08,2023-08-23 07:27,Business,Delhi,Guwahati,43.1,Weekend Trip
2023-01-26 08:49,2023-01-26 10:32,Business,Ahmedabad,Faridabad,61.7,Customer Visit
2023-08-03 06:08,2023-08-03 07:37,Business,Nagpur,Agra,52.4,Client Meeting
2023-08-08 08:17,2023-08-08 12:13,Personal,Navi Mumbai,Visakhapatnam,153.8,Meeting
2023-02-06 04:47,2023-02-06 06:03,Business,Mumbai,Surat,41.9,Office Commute
2023-07-14 06:21,2023-07-14 08:29,Business,Agra,Indore,78.3,Airport Pickup
2023-02-20 07:11,2023-02-20 08:40,Business,Hubli,Solapur,54.2,Meeting
2023-07-15 00:37,2023-07-15 02:16,Business,Hyderabad,Kalyan,60.1,Conference Visit
2023-12-04 09:55,2023-12-04 11:29,Business,Ahmedabad,Mysore,59.1,Site Inspection
2023-12-10 18:41,2023-12-10 20:15,Business,Gwalior,Chennai,58.5,Meeting
2023-09-12 01:46,2023-09-12 03:43,Business,Raipur,Dhanbad,72.3,Client Pickup
2023-07-20 12:16,2023-07-20 14:28,Business,Srinagar,Raipur,78.5,Field Work
2023-08-31 03:10,2023-08-31 04:45,Personal,Kochi,Surat,51.6,Airport Pickup
2023-04-03 20:40,2023-04-03 22:31,Business,Allahabad,Vasai,67.3,Field Work
2023-09-01 19:25,2023-09-01 20:54,Business,Nashik,Nagpur,46.1,Customer Visit
2023-11-06 16:08,2023-11-06 18:07,Business,Bengaluru,Thane,74.7,Meeting
2023-04-25 19:16,2023-04-25 20:36,Business,Lonavala,Bengaluru,46.8,Office Commute
2023-01-28 15:00,2023-01-28 16:31,Business,Aurangabad,Guwahati,54.1,Site Inspection
2023-04-10 10:20,2023-04-10 12:38,Business,Raipur,Srinagar,79.4,Client Pickup
2023-08-09 20:58,2023-08-09 22:25,Business,Noida,Visakhapatnam,45.0,Client Meeting
2023-11-29 19:49,2023-11-29 21:22,Personal,Allahabad,Jabalpur,56.0,Office Commute
2023-05-02 19:23,2023-05-02 21:16,Business,Kochi,Jabalpur,65.0,Customer Visit
2023-12-07 18:02,2023-12-07 19:35,Personal,Bangalore,Patna,58.0,Customer Visit
2023-03-02 00:37,2023-03-02 02:18,Business,Nashik,Noida,62.4,Meeting
2023-01-29 08:12,2023-01-29 09:48,Business,Gwalior,Jaipur,56.0,Office Commute
2023-06-30 22:17,2023-06-30 23:41,Personal,Jaipur,Vadodara,43.7,Errand/Supplies
2023-02-03 07:55,2023-02-03 09:32,Business,Noida,Madurai,58.6,Client Meeting
2023-10-26 08:17,2023-10-26 10:30,Personal,Rajkot,Bengaluru,76.9,Temporary Site
2023-08-23 17:07,2023-08-23 18:46,Business,Delhi,Jodhpur,52.7,Customer Visit
2023-06-26 12:58,2023-06-26 14:10,Personal,Dewas,Pune,44.6,Meal/Entertain
2023-03-24 21:41,2023-03-24 23:04,Personal,Madurai,Chandigarh,45.8,Delivery Task
2023-01-25 05:36,2023-01-25 07:38,Business,Mumbai,Allahabad,71.0,Meeting
2023-03-24 03:15,2023-03-24 04:32,Business,Surat,Kanpur,48.5,Office Commute
2023-03-10 09:25,2023-03-10 10:47,Business,Solapur,Patna,50.1,Site Inspection
2023-12-06 08:10,2023-12-06 09:33,Personal,Chandigarh,Aurangabad,43.3,Client Pickup
2023-04-11 18:13,2023-04-11 20:03,Business,Vadodara,Kalyan,66.8,Meeting
2023-05-13 19:50,2023-05-13 21:58,Business,Thrissur,Amritsar,76.1,Meal/Entertain
2023-07-04 15:58,2023-07-04 17:33,Business,Chennai,Delhi,56.8,Field Work
2023-06-01 03:01,2023-06-01 04:47,Business,Pune,Kanpur,67.7,Meeting
2023-10-08 16:16,2023-10-08 17:36,Business,Meerut,Surat,47.9,Airport Drop
2023-10-16 11:44,2023-10-16 13:55,Business,Hubli,Patiala,77.6,Client Meeting
2023-07-13 23:10,2023-07-14 01:21,Personal,Agra,Chandigarh,77.4,Client Pickup
2023-07-22 05:11,2023-07-22 06:40,Business,Bhopal,Surat,56.3,Errand/Supplies
2023-09-04 08:02,2023-09-04 10:05,Business,Kochi,Thrissur,69.6,Customer Visit
2023-03-14 21:05,2023-03-14 22:36,Business,Navi Mumbai,Mysore,48.7,Site Inspection
2023-03-25 22:32,2023-03-26 00:24,Business,Pune,Madurai,64.0,Meeting
2023-01-06 13:56,2023-01-06 15:46,Business,Dewas,Delhi,63.1,Meal/Entertain
2023-09-29 14:06,2023-09-29 16:18,Business,Thiruvananthapuram,Jabalpur,74.7,Client Meeting
2023-11-18 15:15,2023-11-18 16:54,Business,Noida,Kolkata,54.1,Office Commute
2023-06-28 04:32,2023-06-28 06:45,Business,Ludhiana,Solapur,77.1,Team Outing
2023-06-19 06:39,2023-06-19 08:05,Business,Jabalpur,Coimbatore,46.5,Errand/Supplies
2023-09-04 06:18,2023-09-04 08:12,Business,Gwalior,Tiruchirappalli,67.2,Delivery Task
2023-02-08 12:50,2023-02-08 14:51,Personal,Pune,Nashik,76.2,Errand/Supplies
2023-08-28 07:57,2023-08-28 09:54,Personal,Thane,Thrissur,66.0,Field Work
2023-07-31 13:17,2023-07-31 15:02,Personal,Bengaluru,Lonavala,65.0,Site Inspection
2023-09-17 07:30,2023-09-17 09:32,Business,Navi Mumbai,Kochi,72.2,Temporary Site
2023-08-03 05:10,2023-08-03 07:13,Business,Tiruchirappalli,Kalyan,71.1,Airport Drop
2023-05-17 03:57,2023-05-17 06:13,Business,Bhopal,Delhi,78.0,Office Commute
2023-10-15 20:02,2023-10-15 22:01,Business,Kalyan,Vijayawada,68.2,Client Meeting
2023-04-14 22:17,2023-04-15 00:00,Business,Agra,Jabalpur,60.3,Client Meeting
2023-09-19 11:37,2023-09-19 13:43,Business,Howrah,Thrissur,76.4,Client Meeting
2023-01-11 04:38,2023-01-11 05:48,Business,Agra,Vasai,41.3,Temporary Site
2023-10-15 20:54,2023-10-15 22:40,Personal,Surat,Jabalpur,60.8,Errand/Supplies
2023-04-04 22:01,2023-04-05 00:17,Personal,Hyderabad,Chennai,79.7,Office Commute
2023-11-08 04:57,2023-11-08 07:04,Business,Delhi,Nashik,73.1,Customer Visit
2023-06-06 13:20,2023-06-06 15:18,Business,Bhubaneswar,Navi Mumbai,69.1,Customer Visit
2023-11-08 03:27,2023-11-08 04:42,Business,Ludhiana,Chennai,44.0,Errand/Supplies
2023-11-24 09:36,2023-11-24 11:36,Business,Lucknow,Bhopal,71.4,Airport Pickup
2023-02-06 05:11,2023-02-06 06:37,Personal,Thrissur,Meerut,52.9,Temporary Site
2023-07-31 03:23,2023-07-31 05:07,Business,Ahmedabad,Kanpur,64.7,Customer Visit
2023-09-04 09:37,2023-09-04 16:03,Business,Mumbai,Jaipur,246.8,Client Meeting
2023-03-17 06:36,2023-03-17 08:01,Personal,Coimbatore,Faridabad,48.9,Temporary Site
2023-04-12 03:50,2023-04-12 05:18,Business,Rajkot,Srinagar,55.1,Errand/Supplies
2023-09-05 22:11,2023-09-05 23:56,Personal,Guwahati,Bangalore,65.1,Meeting
2023-02-25 02:00,2023-02-25 03:21,Business,Bhopal,Kolkata,44.9,Site Inspection
2023-11-25 00:27,2023-11-25 01:47,Business,Ghaziabad,Vasai,43.1,Meal/Entertain
2023-11-05 22:03,2023-11-05 23:14,Personal,Vijayawada,Thrissur,44.0,Meal/Entertain
2023-03-23 16:06,2023-03-23 18:01,Business,Kalyan,Aurangabad,65.0,Errand/Supplies
2023-11-11 00:13,2023-11-11 02:17,Business,Jaipur,Varanasi,76.3,Airport Drop
2023-01-13 05:08,2023-01-13 06:52,Business,Coimbatore,Howrah,64.3,Meal/Entertain
2023-08-01 05:35,2023-08-01 07:16,Business,Hyderabad,Indore,64.6,Office Commute
2023-03-16 21:26,2023-03-16 23:26,Business,Chennai,Ludhiana,77.1,Weekend Trip
2023-03-26 00:07,2023-03-26 02:08,Business,Madurai,Ahmedabad,70.4,Temporary Site
2023-03-27 08:19,2023-03-27 09:45,Business,Bhopal,Vasai,53.1,Meeting
2023-07-07 00:36,2023-07-07 02:03,Business,Rajkot,Pune,50.7,Client Pickup
2023-07-01 09:09,2023-07-01 11:08,Business,Bangalore,Indore,66.1,Errand/Supplies
2023-03-18 20:20,2023-03-18 21:48,Business,Kanpur,Lucknow,50.0,Client Meeting
2023-05-02 00:11,2023-05-02 02:07,Personal,Jodhpur,Bengaluru,70.7,Meal/Entertain
2023-12-09 20:49,2023-12-09 22:37,Business,Surat,Dewas,59.5,Team Outing
2023-08-30 21:57,2023-08-30 23:53,Personal,Kanpur,Nagpur,72.6,Office Commute
2023-05-26 05:33,2023-05-26 07:14,Business,Nagpur,Jaipur,62.7,Meeting
2023-04-09 06:43,2023-04-09 08:58,Business,Kochi,Chennai,78.3,Temporary Site
2023-07-26 00:36,2023-07-26 02:30,Business,Gwalior,Nagpur,65.8,Client Pickup
2023-06-16 18:10,2023-06-16 20:08,Business,Jodhpur,Ahmedabad,72.4,Client Meeting
2023-05-25 10:57,2023-05-25 12:45,Business,Indore,Faridabad,66.3,Meeting
2023-01-05 05:36,2023-01-05 07:10,Business,Srinagar,Hubli,52.7,Temporary Site
2023-04-01 08:26,2023-04-01 09:52,Personal,Dewas,Kolkata,52.9,Airport Drop
2023-02-09 23:17,2023-02-10 01:01,Business,Jaipur,Gwalior,61.1,Delivery Task
2023-09-18 17:23,2023-09-18 19:18,Business,Raipur,Nagpur,72.3,Weekend Trip
2023-06-19 00:24,2023-06-19 02:19,Business,Mumbai,Vasai,67.3,Airport Drop
2023-07-11 19:48,2023-07-11 21:11,Business,Thiruvananthapuram,Hubli,42.0,Office Commute
2023-03-08 11:08,2023-03-08 12:30,Personal,Allahabad,Guwahati,45.0,Client Meeting
2023-01-07 22:14,2023-01-07 23:20,Business,Mysore,Jaipur,40.9,Errand/Supplies
2023-06-06 10:28,2023-06-06 12:24,Personal,Vijayawada,Kolkata,73.7,Field Work
2023-09-08 09:44,2023-09-08 10:51,Business,Vasai,Madurai,41.6,Office Commute
2023-10-08 21:12,2023-10-08 23:14,Business,Aurangabad,Kota,72.1,Team Outing
2023-08-05 02:29,2023-08-05 04:08,Business,Guwahati,Hubli,56.0,Errand/Supplies
2023-07-11 14:13,2023-07-11 18:20,Business,Lonavala,Nashik,159.7,Meeting
2023-03-28 23:57,2023-03-29 01:09,Business,Thrissur,Jabalpur,44.1,Office Commute
2023-12-01 12:43,2023-12-01 15:00,Business,Thiruvananthapuram,Agra,79.7,Temporary Site
2023-11-12 11:01,2023-11-12 13:00,Business,Dhanbad,Chennai,69.0,Meal/Entertain
2024-09-24 06:52,2024-09-24 07:58,Business,Thiruvananthapuram,Vasai,40.2,Client Meeting
2024-04-28 04:11,2024-04-28 05:24,Business,Ghaziabad,Varanasi,44.4,Meal/Entertain
2024-05-27 09:43,2024-05-27 11:43,Business,Ghaziabad,Hyderabad,71.7,Errand/Supplies
2024-02-16 13:33,2024-02-16 15:16,Business,Pune,Chennai,63.3,Office Commute
2024-11-26 04:00,2024-11-26 05:53,Business,Hubli,Vadodara,63.4,Meeting
2024-04-03 09:50,2024-04-03 11:41,Business,Navi Mumbai,Kochi,60.9,Temporary Site
2024-10-10 20:09,2024-10-10 21:48,Business,Patiala,Lonavala,52.9,Meal/Entertain
2024-02-02 03:41,2024-02-02 05:14,Business,Dhanbad,Bangalore,51.8,Errand/Supplies
2024-10-12 13:11,2024-10-12 15:01,Personal,Meerut,Thrissur,66.4,Weekend Trip
2024-03-23 12:24,2024-03-23 13:58,Business,Pune,Aurangabad,59.8,Errand/Supplies
2024-07-08 09:11,2024-07-08 10:42,Business,Patiala,Dewas,55.4,Errand/Supplies
2024-07-18 14:08,2024-07-18 16:08,Business,Hyderabad,Dewas,70.5,Client Meeting
2024-11-25 06:08,2024-11-25 07:55,Business,Solapur,Howrah,66.2,Client Meeting
2024-06-24 16:58,2024-06-24 18:30,Business,Vijayawada,Bhubaneswar,54.5,Meal/Entertain
2024-03-04 18:25,2024-03-04 19:55,Business,Srinagar,Jodhpur,51.1,Customer Visit
2024-12-06 06:44,2024-12-06 08:00,Business,Vadodara,Mumbai,45.9,Errand/Supplies
2024-03-13 15:14,2024-03-13 17:20,Business,Ranchi,Bhopal,75.8,Airport Pickup
2024-04-13 03:22,2024-04-13 04:57,Business,Ahmedabad,Kota,58.1,Airport Pickup
2024-02-28 11:52,2024-02-28 13:34,Personal,Visakhapatnam,Meerut,57.3,Client Meeting
2024-02-07 23:40,2024-02-08 01:02,Business,Lucknow,Kanpur,50.9,Client Pickup
2024-04-24 04:20,2024-04-24 05:56,Personal,Noida,Jaipur,56.9,Customer Visit
2024-07-10 16:50,2024-07-10 18:39,Business,Jodhpur,Coimbatore,61.2,Site Inspection
2024-12-13 14:32,2024-12-13 15:44,Business,Bengaluru,Patna,44.6,Office Commute
2024-04-16 23:28,2024-04-17 01:11,Business,Mumbai,Guwahati,61.3,Client Pickup
2024-06-01 13:57,2024-06-01 15:29,Personal,Varanasi,Nashik,56.2,Meal/Entertain
2024-07-11 07:20,2024-07-11 09:12,Personal,Dhanbad,Rajkot,67.7,Delivery Task
2024-10-01 03:01,2024-10-01 04:53,Personal,Chennai,Surat,65.5,Airport Drop
2024-09-29 00:51,2024-09-29 02:41,Business,Rajkot,Agra,60.1,Meeting
2024-03-07 02:40,2024-03-07 04:36,Personal,Ranchi,Howrah,67.5,Meeting
2024-06-25 18:55,2024-06-25 20:23,Personal,Patna,Aurangabad,53.3,Airport Pickup
2024-03-09 22:33,2024-03-10 00:06,Business,Agra,Patiala,53.4,Errand/Supplies
2024-01-04 18:43,2024-01-04 20:44,Business,Varanasi,Aurangabad,70.4,Errand/Supplies
2024-01-07 18:05,2024-01-07 19:21,Personal,Kota,Mysore,41.8,Meeting
2024-02-26 22:15,2024-02-26 23:33,Business,Thrissur,Dhanbad,46.7,Airport Pickup
2024-07-09 13:17,2024-07-09 14:53,Business,Bengaluru,Howrah,53.4,Client Meeting
2024-06-27 03:52,2024-06-27 05:12,Business,Madurai,Ghaziabad,50.1,Site Inspection
2024-07-20 02:32,2024-07-20 04:11,Business,Thiruvananthapuram,Indore,53.3,Client Pickup
2024-01-09 01:11,2024-01-09 03:03,Business,Bhopal,Guwahati,69.1,Client Pickup
2024-05-18 17:17,2024-05-18 19:36,Business,Kalyan,Tiruchirappalli,79.8,Errand/Supplies
2024-06-16 06:36,2024-06-16 08:33,Business,Ahmedabad,Faridabad,67.8,Errand/Supplies
2024-05-26 17:08,2024-05-26 19:11,Business,Dewas,Ranchi,76.8,Errand/Supplies
2024-12-20 08:05,2024-12-20 09:56,Business,Guwahati,Varanasi,61.8,Conference Visit
2024-05-15 11:28,2024-05-15 13:37,Business,Varanasi,Ludhiana,76.4,Meeting
2024-04-30 03:06,2024-04-30 05:16,Business,Jodhpur,Mysore,79.8,Client Pickup
2024-08-25 19:40,2024-08-25 21:08,Personal,Allahabad,Mysore,53.7,Meeting
2024-11-03 17:08,2024-11-03 19:22,Business,Kanpur,Surat,78.7,Customer Visit
2024-09-23 05:34,2024-09-23 07:13,Business,Gwalior,Bhopal,60.0,Field Work
2024-08-30 06:11,2024-08-30 08:19,Business,Kolkata,Patna,78.7,Office Commute
2024-01-07 01:19,2024-01-07 03:26,Business,Howrah,Lonavala,72.0,Meeting
2024-01-21 15:47,2024-01-21 17:42,Business,Allahabad,Dewas,63.7,Meeting
2024-01-01 05:58,2024-01-01 07:43,Business,Howrah,Agra,66.4,Office Commute
2024-11-29 14:33,2024-11-29 15:58,Business,Ghaziabad,Bhubaneswar,51.3,Meal/Entertain
2024-03-17 09:37,2024-03-17 11:54,Business,Bangalore,Raipur,79.8,Site Inspection
2024-07-02 18:20,2024-07-02 19:49,Personal,Mysore,Vijayawada,48.8,Meeting
2024-06-04 00:00,2024-06-04 01:31,Personal,Faridabad,Thane,55.4,Client Pickup
2024-03-08 07:17,2024-03-08 09:10,Business,Vasai,Ghaziabad,63.9,Office Commute
2024-09-22 09:00,2024-09-22 10:45,Business,Patna,Varanasi,63.1,Meeting
2024-04-28 10:46,2024-04-28 12:05,Business,Ghaziabad,Bhubaneswar,48.0,Customer Visit
2024-03-12 05:09,2024-03-12 06:53,Personal,Howrah,Mumbai,58.4,Office Commute
2024-07-23 12:00,2024-07-23 13:24,Business,Surat,Varanasi,43.8,Delivery Task
2024-05-18 20:41,2024-05-18 22:41,Business,Pune,Hubli,67.4,Airport Drop
2024-06-28 03:28,2024-06-28 05:30,Business,Indore,Kanpur,78.5,Weekend Trip
2024-12-18 04:26,2024-12-18 05:48,Business,Vijayawada,Meerut,45.6,Site Inspection
2024-08-29 03:06,2024-08-29 04:42,Business,Surat,Faridabad,54.9,Field Work
2024-09-17 05:35,2024-09-17 06:47,Business,Amritsar,Solapur,45.0,Meeting
2024-11-21 21:53,2024-11-21 23:30,Business,Kolkata,Thane,60.7,Errand/Supplies
2024-02-11 13:46,2024-02-11 16:00,Business,Bangalore,Amritsar,79.4,Site Inspection
2024-09-25 04:47,2024-09-25 06:35,Business,Nagpur,Bengaluru,62.6,Meeting
2024-07-17 09:11,2024-07-17 10:52,Business,Vadodara,Amritsar,63.4,Customer Visit
2024-07-11 08:34,2024-07-11 10:16,Business,Pune,Dewas,62.5,Airport Drop
2024-04-26 20:31,2024-04-26 22:36,Business,Dhanbad,Vasai,74.1,Meal/Entertain
2024-01-01 00:19,2024-01-01 01:34,Business,Rajkot,Visakhapatnam,44.6,Client Meeting
2024-03-20 08:09,2024-03-20 09:22,Personal,Nagpur,Varanasi,43.9,Site Inspection
2024-01-22 14:43,2024-01-22 16:17,Business,Kota,Ahmedabad,57.8,Temporary Site
2024-04-01 05:41,2024-04-01 07:05,Business,Howrah,Jodhpur,47.4,Conference Visit
2024-08-27 16:20,2024-08-27 18:19,Business,Thiruvananthapuram,Nashik,74.4,Meeting
2024-11-13 21:26,2024-11-13 22:49,Business,Kanpur,Chandigarh,47.4,Customer Visit
2024-07-03 22:07,2024-07-03 23:59,Business,Chennai,Lucknow,61.9,Meeting
2024-07-10 10:45,2024-07-10 11:37,Business,Gwalior,Gwalior,24.2,Team Outing
2024-02-11 16:26,2024-02-11 18:26,Personal,Patiala,Guwahati,67.9,Client Pickup
2024-06-26 12:18,2024-06-26 13:27,Business,Kalyan,Thiruvananthapuram,41.1,Meeting
2024-08-28 17:40,2024-08-28 19:52,Business,Mumbai,Jaipur,75.7,Temporary Site
2024-06-30 17:12,2024-06-30 19:28,Business,Allahabad,Vijayawada,78.5,Temporary Site
2024-11-28 09:00,2024-11-28 10:32,Business,Guwahati,Agra,54.3,Meeting
2024-01-25 09:01,2024-01-25 10:34,Business,Indore,Vasai,55.6,Meeting
2024-05-11 18:25,2024-05-11 20:27,Business,Noida,Chandigarh,68.8,Airport Pickup
2024-10-23 04:01,2024-10-23 05:31,Business,Raipur,Tiruchirappalli,51.1,Airport Drop
2024-07-06 20:49,2024-07-06 22:56,Personal,Visakhapatnam,Jodhpur,73.6,Airport Pickup
2024-12-26 04:06,2024-12-26 05:53,Business,Kota,Nagpur,63.0,Client Meeting
2024-05-15 04:28,2024-05-15 06:42,Business,Bhubaneswar,Pune,78.2,Customer Visit
2024-07-12 23:03,2024-07-13 01:02,Business,Aurangabad,Allahabad,66.6,Site Inspection
2024-12-22 05:33,2024-12-22 07:31,Business,Hubli,Solapur,70.9,Customer Visit
2024-05-29 03:55,2024-05-29 05:56,Business,Bengaluru,Vasai,69.1,Site Inspection
2024-01-15 12:45,2024-01-15 14:07,Business,Visakhapatnam,Aurangabad,50.0,Client Pickup
2024-01-12 10:34,2024-01-12 12:21,Business,Kochi,Solapur,65.3,Delivery Task
2024-08-10 20:00,2024-08-10 22:10,Business,Hubli,Bengaluru,79.6,Team Outing
2024-03-28 13:46,2024-03-28 15:37,Business,Delhi,Ghaziabad,67.2,Delivery Task
2024-11-02 19:22,2024-11-02 21:04,Business,Ranchi,Chennai,61.1,Meal/Entertain
2024-02-24 14:08,2024-02-24 15:14,Business,Bangalore,Mysore,41.3,Customer Visit
2024-01-28 22:45,2024-01-29 00:32,Business,Jabalpur,Srinagar,61.9,Site Inspection
2024-09-06 10:02,2024-09-06 12:16,Personal,Coimbatore,Patna,76.4,Meal/Entertain
2024-07-13 12:15,2024-07-13 14:20,Business,Delhi,Thrissur,73.1,Field Work
2024-11-07 07:24,2024-11-07 09:22,Business,Indore,Nashik,74.1,Office Commute
2024-08-09 00:53,2024-08-09 02:52,Business,Kochi,Kanpur,75.0,Airport Drop
2024-07-12 16:20,2024-07-12 17:38,Business,Bhubaneswar,Surat,44.0,Meeting
2024-11-14 23:19,2024-11-15 00:34,Business,Amritsar,Nagpur,40.9,Client Pickup
2024-01-27 09:21,2024-01-27 11:13,Business,Visakhapatnam,Thrissur,68.1,Errand/Supplies
2024-07-20 01:52,2024-07-20 03:20,Business,Gwalior,Aurangabad,49.7,Client Meeting
2024-12-22 06:42,2024-12-22 08:23,Business,Jodhpur,Nashik,58.8,Office Commute
2024-01-24 01:34,2024-01-24 03:36,Business,Noida,Ahmedabad,75.5,Errand/Supplies
2024-10-21 02:57,2024-10-21 04:22,Business,Dewas,Meerut,53.2,Site Inspection
2024-12-17 04:54,2024-12-17 06:56,Personal,Faridabad,Lonavala,77.9,Client Meeting
2024-08-25 20:17,2024-08-25 21:59,Business,Indore,Aurangabad,63.9,Delivery Task
2024-10-07 21:55,2024-10-07 23:08,Business,Varanasi,Meerut,45.2,Site Inspection
2024-05-16 00:38,2024-05-16 02:09,Business,Bengaluru,Allahabad,49.0,Meal/Entertain
2024-03-29 10:49,2024-03-29 12:46,Business,Kota,Howrah,75.1,Airport Drop
2024-05-27 08:09,2024-05-27 09:50,Business,Visakhapatnam,Amritsar,64.3,Weekend Trip
2024-06-14 18:22,2024-06-14 19:56,Business,Meerut,Kota,57.2,Customer Visit
2024-12-16 21:42,2024-12-16 23:34,Business,Bhopal,Kochi,64.6,Conference Visit
2024-04-02 11:54,2024-04-02 14:01,Business,Indore,Delhi,76.7,Customer Visit
2024-07-27 05:54,2024-07-27 07:48,Business,Bangalore,Mysore,72.3,Temporary Site
2024-01-23 02:11,2024-01-23 03:33,Business,Thane,Agra,50.0,Office Commute
2024-05-01 23:51,2024-05-02 01:23,Business,Amritsar,Bhubaneswar,51.3,Field Work
2024-02-20 09:02,2024-02-20 11:18,Business,Nagpur,Noida,79.9,Meal/Entertain
2024-04-07 04:01,2024-04-07 05:16,Business,Kota,Patiala,43.1,Field Work
2024-12-21 09:21,2024-12-21 10:54,Business,Lonavala,Raipur,54.3,Meeting
2024-08-02 03:28,2024-08-02 05:04,Business,Kochi,Raipur,54.7,Office Commute
2024-05-03 19:58,2024-05-03 21:59,Business,Vadodara,Noida,75.7,Site Inspection
2024-08-29 12:15,2024-08-29 14:17,Personal,Amritsar,Indore,68.2,Office Commute
2024-07-21 08:01,2024-07-21 09:21,Business,Guwahati,Bangalore,45.5,Temporary Site
2024-10-08 12:39,2024-10-08 13:55,Business,Howrah,Ranchi,44.9,Team Outing
2024-06-25 05:22,2024-06-25 07:09,Business,Allahabad,Faridabad,66.0,Temporary Site
2024-08-16 10:47,2024-08-16 12:20,Business,Ahmedabad,Lonavala,50.8,Office Commute
2024-11-27 21:12,2024-11-27 22:32,Business,Howrah,Thiruvananthapuram,42.4,Meeting
2024-01-18 05:58,2024-01-18 07:33,Personal,Lonavala,Ahmedabad,55.4,Field Work
2024-01-21 07:05,2024-01-21 08:44,Business,Dewas,Jaipur,57.2,Field Work
2024-12-19 10:19,2024-12-19 12:30,Business,Allahabad,Madurai,77.5,Office Commute
2024-08-17 12:08,2024-08-17 14:07,Business,Visakhapatnam,Thrissur,72.4,Client Pickup
2024-06-17 13:52,2024-06-17 15:59,Business,Solapur,Ahmedabad,73.2,Customer Visit
2024-11-09 13:28,2024-11-09 15:21,Business,Surat,Rajkot,70.1,Temporary Site
2024-04-21 14:56,2024-04-21 17:10,Business,Meerut,Jaipur,77.3,Delivery Task
2024-04-11 00:18,2024-04-11 02:14,Business,Kanpur,Mumbai,70.8,Meeting
2024-02-21 05:08,2024-02-21 07:08,Business,Jaipur,Kolkata,77.0,Client Pickup
2024-04-07 01:32,2024-04-07 03:02,Personal,Guwahati,Thane,51.0,Client Pickup
2024-05-20 11:14,2024-05-20 13:03,Business,Hyderabad,Mumbai,64.6,Client Meeting
2024-08-24 02:57,2024-08-24 04:50,Business,Patiala,Ghaziabad,72.4,Meeting
2024-04-12 17:28,2024-04-12 18:57,Business,Bhopal,Howrah,52.8,Weekend Trip
2024-09-04 16:11,2024-09-04 17:43,Business,Kochi,Kolkata,54.3,Customer Visit
2024-12-14 09:03,2024-12-14 10:22,Business,Kalyan,Amritsar,43.2,Meal/Entertain
2024-04-17 05:51,2024-04-17 07:49,Business,Aurangabad,Kochi,70.6,Client Pickup
2024-02-27 01:13,2024-02-27 02:56,Business,Vadodara,Lonavala,65.2,Field Work
2024-07-15 18:57,2024-07-15 20:27,Business,Dhanbad,Bhopal,47.4,Client Pickup
2024-04-10 14:33,2024-04-10 16:28,Personal,Mysore,Hubli,68.6,Meeting
2024-07-28 21:16,2024-07-28 23:13,Business,Ahmedabad,Patna,74.0,Site Inspection
2024-06-21 08:38,2024-06-21 09:50,Personal,Nagpur,Faridabad,43.1,Client Meeting
2024-05-24 05:19,2024-05-24 06:56,Business,Lucknow,Aurangabad,53.0,Field Work
2024-01-10 14:10,2024-01-10 15:41,Business,Aurangabad,Noida,51.3,Team Outing
2024-12-14 12:18,2024-12-14 14:32,Personal,Nagpur,Surat,79.0,Meal/Entertain
2024-01-18 07:48,2024-01-18 09:11,Business,Kota,Gwalior,46.4,Meeting
2024-08-24 12:38,2024-08-24 13:50,Business,Visakhapatnam,Chandigarh,41.0,Office Commute
2024-07-16 08:36,2024-07-16 10:38,Business,Thane,Hubli,71.2,Field Work
2024-10-09 01:13,2024-10-09 02:23,Business,Dewas,Jaipur,41.3,Office Commute
2024-01-31 00:35,2024-01-31 01:51,Personal,Jaipur,Solapur,43.1,Field Work
2024-10-12 00:55,2024-10-12 02:50,Business,Mumbai,Lucknow,65.2,Airport Pickup
2024-11-05 23:48,2024-11-06 01:46,Business,Madurai,Rajkot,75.1,Client Meeting
2024-05-03 02:05,2024-05-03 03:49,Business,Nagpur,Kota,60.8,Meal/Entertain
2024-05-07 15:33,2024-05-07 17:39,Business,Delhi,Thrissur,76.4,Site Inspection
2024-05-02 06:18,2024-05-02 07:39,Business,Thane,Srinagar,49.2,Meeting
2024-06-08 04:47,2024-06-08 07:00,Business,Pune,Faridabad,78.3,Weekend Trip
2024-05-20 16:51,2024-05-20 18:15,Business,Bangalore,Indore,43.1,Errand/Supplies
2024-08-09 02:39,2024-08-09 04:13,Business,Nagpur,Dhanbad,56.8,Meeting
2024-09-18 19:06,2024-09-18 21:09,Personal,Visakhapatnam,Madurai,76.4,Client Meeting
2024-02-15 19:30,2024-02-15 20:57,Business,Nagpur,Ghaziabad,53.7,Customer Visit
2024-07-10 22:16,2024-07-10 22:39,Business,Kalyan,Kalyan,8.0,Airport Drop
2024-02-16 21:50,2024-02-16 23:08,Personal,Vasai,Coimbatore,40.6,Site Inspection
2024-10-15 11:54,2024-10-15 13:57,Business,Ghaziabad,Solapur,77.2,Client Pickup
2024-02-21 09:51,2024-02-21 12:07,Business,Bhubaneswar,Vadodara,79.6,Field Work
2024-08-04 07:03,2024-08-04 08:39,Business,Vasai,Kanpur,56.1,Client Pickup
2024-12-14 21:15,2024-12-14 23:23,Business,Raipur,Gwalior,75.9,Site Inspection
2024-01-18 13:38,2024-01-18 15:44,Business,Mysore,Nagpur,79.8,Meal/Entertain
2024-06-07 18:59,2024-06-07 20:45,Business,Ranchi,Vijayawada,58.0,Client Pickup
2024-09-28 21:31,2024-09-28 23:25,Business,Ranchi,Thrissur,70.3,Airport Drop
2024-11-14 11:56,2024-11-14 13:38,Business,Rajkot,Coimbatore,63.6,Site Inspection
2024-05-04 10:41,2024-05-04 12:27,Business,Chandigarh,Vasai,58.1,Office Commute
2024-10-27 04:56,2024-10-27 06:20,Business,Coimbatore,Lucknow,51.2,Meal/Entertain
2024-07-20 01:06,2024-07-20 02:26,Business,Dhanbad,Howrah,41.9,Temporary Site
2024-02-25 14:41,2024-02-25 16:32,Business,Gwalior,Hubli,70.3,Temporary Site
2024-06-16 04:54,2024-06-16 06:50,Business,Thiruvananthapuram,Ranchi,69.2,Office Commute
2024-04-20 14:26,2024-04-20 15:42,Business,Mumbai,Varanasi,44.0,Client Meeting
2024-12-09 20:03,2024-12-09 21:39,Business,Bhopal,Gwalior,57.6,Office Commute
2024-02-11 05:06,2024-02-11 06:54,Business,Gwalior,Vijayawada,64.2,Meeting
2024-11-21 18:05,2024-11-21 19:27,Business,Patiala,Guwahati,48.3,Client Pickup
2024-07-28 15:34,2024-07-28 17:42,Personal,Ahmedabad,Nagpur,78.4,Client Pickup
2024-03-19 21:24,2024-03-19 22:39,Personal,Agra,Lonavala,41.0,Meeting
2024-11-18 17:50,2024-11-18 19:40,Business,Mumbai,Kanpur,60.8,Meeting
2024-11-24 01:35,2024-11-24 03:25,Business,Gwalior,Vijayawada,68.3,Airport Drop
2024-12-01 17:44,2024-12-01 19:08,Business,Kochi,Varanasi,50.5,Meeting
2024-11-08 02:28,2024-11-08 04:33,Personal,Guwahati,Rajkot,78.7,Client Meeting
2024-03-01 20:48,2024-03-01 22:07,Business,Ranchi,Surat,43.0,Meeting
2024-10-28 18:35,2024-10-28 20:12,Business,Guwahati,Kolkata,60.5,Meal/Entertain
2024-06-17 07:22,2024-06-17 09:25,Business,Raipur,Pune,77.0,Office Commute
2024-11-22 18:42,2024-11-22 20:07,Business,Visakhapatnam,Raipur,52.7,Customer Visit
2024-03-26 12:30,2024-03-26 14:33,Personal,Navi Mumbai,Bhubaneswar,74.9,Delivery Task
2024-10-11 21:16,2024-10-11 23:24,Personal,Ghaziabad,Kota,72.6,Meal/Entertain
2024-07-19 12:19,2024-07-19 14:22,Business,Gwalior,Bhubaneswar,75.0,Airport Drop
2024-03-21 23:47,2024-03-22 01:30,Business,Agra,Kanpur,62.3,Meeting
2024-09-02 01:35,2024-09-02 03:23,Business,Allahabad,Kalyan,64.5,Site Inspection
2024-03-10 22:19,2024-03-11 00:12,Business,Navi Mumbai,Indore,66.3,Office Commute
2024-07-09 09:11,2024-07-09 11:08,Business,Thrissur,Dhanbad,66.7,Meeting
2024-03-26 00:34,2024-03-26 01:59,Business,Nagpur,Indore,51.8,Meal/Entertain
2024-06-22 15:57,2024-06-22 17:29,Business,Varanasi,Vasai,51.5,Field Work
2024-05-03 20:25,2024-05-03 21:43,Business,Faridabad,Patiala,47.0,Delivery Task
2024-12-08 14:26,2024-12-08 15:53,Business,Indore,Pune,45.1,Temporary Site
2024-09-23 21:22,2024-09-23 23:10,Business,Thrissur,Thane,64.0,Meeting
2024-11-26 11:47,2024-11-26 13:17,Business,Ahmedabad,Gwalior,48.6,Client Meeting
2024-05-03 08:25,2024-05-03 09:58,Business,Amritsar,Meerut,50.5,Airport Drop
2024-12-20 07:53,2024-12-20 09:22,Business,Jodhpur,Thane,55.9,Weekend Trip
2024-11-13 21:12,2024-11-13 22:38,Business,Guwahati,Lonavala,53.6,Errand/Supplies
2024-03-05 16:13,2024-03-05 17:58,Business,Howrah,Kochi,62.9,Conference Visit
2024-08-25 04:36,2024-08-25 06:49,Personal,Srinagar,Navi Mumbai,78.7,Errand/Supplies
2024-01-09 04:49,2024-01-09 07:03,Personal,Bhubaneswar,Nagpur,78.0,Client Meeting
2024-10-24 19:29,2024-10-24 21:30,Business,Bangalore,Srinagar,76.5,Temporary Site
2024-03-18 01:35,2024-03-18 03:06,Business,Noida,Amritsar,54.5,Airport Pickup
2024-04-22 16:44,2024-04-22 18:37,Business,Thrissur,Madurai,68.7,Client Meeting
2024-10-11 19:10,2024-10-11 20:34,Business,Vijayawada,Jabalpur,48.6,Delivery Task
2024-07-23 11:51,2024-07-23 13:44,Business,Agra,Allahabad,70.2,Client Pickup
2024-04-19 22:35,2024-04-19 23:51,Personal,Lucknow,Jodhpur,41.7,Client Meeting
2024-01-14 02:50,2024-01-14 04:44,Personal,Ahmedabad,Dhanbad,67.5,Meeting
2024-06-04 15:16,2024-06-04 16:47,Business,Ranchi,Bhopal,55.1,Meal/Entertain
2024-01-30 17:17,2024-01-30 19:15,Business,Thiruvananthapuram,Ranchi,74.5,Airport Drop
2024-01-08 19:51,2024-01-08 21:39,Business,Lucknow,Rajkot,69.3,Airport Drop
2024-02-07 02:39,2024-02-07 04:51,Personal,Ranchi,Thrissur,76.8,Meal/Entertain
2024-05-05 17:21,2024-05-05 18:57,Business,Delhi,Thrissur,52.5,Temporary Site
2024-09-11 18:50,2024-09-11 20:25,Business,Lucknow,Ranchi,50.6,Meal/Entertain
2024-06-06 19:16,2024-06-06 20:42,Personal,Jaipur,Gwalior,48.9,Team Outing
2024-04-04 23:58,2024-04-05 01:46,Personal,Kota,Gwalior,61.3,Airport Pickup
2024-10-23 04:52,2024-10-23 06:57,Business,Ahmedabad,Lonavala,78.1,Customer Visit
2024-10-26 12:09,2024-10-26 13:22,Business,Kochi,Dhanbad,41.0,Office Commute
2024-04-30 15:05,2024-04-30 16:26,Business,Kochi,Jabalpur,44.4,Customer Visit
2024-08-05 19:49,2024-08-05 21:03,Business,Chandigarh,Thane,43.3,Client Pickup
2024-02-02 13:54,2024-02-02 15:38,Business,Dewas,Vadodara,63.7,Office Commute
2024-11-22 02:06,2024-11-22 03:49,Business,Jodhpur,Nashik,60.9,Client Pickup
2024-10-14 14:03,2024-10-14 15:42,Business,Amritsar,Srinagar,56.5,Conference Visit
2024-04-14 03:17,2024-04-14 05:20,Business,Thrissur,Chandigarh,74.9,Customer Visit
2024-05-01 13:31,2024-05-01 15:15,Business,Solapur,Meerut,61.8,Client Pickup
2024-11-29 11:13,2024-11-29 12:50,Business,Hubli,Kolkata,60.6,Delivery Task
2024-02-19 10:21,2024-02-19 11:30,Business,Vijayawada,Bengaluru,43.1,Client Meeting
2024-06-18 22:44,2024-06-19 00:01,Business,Chennai,Ludhiana,46.6,Client Pickup
2024-11-07 21:56,2024-11-07 23:26,Business,Allahabad,Varanasi,46.8,Meal/Entertain
2024-01-04 14:17,2024-01-04 15:56,Business,Bhubaneswar,Ranchi,56.7,Office Commute
2024-12-07 20:18,2024-12-07 22:14,Business,Bhopal,Kanpur,68.8,Office Commute
2024-09-09 12:29,2024-09-09 14:01,Business,Ludhiana,Hubli,54.9,Meeting
2024-08-26 10:53,2024-08-26 12:21,Business,Chandigarh,Gwalior,48.2,Customer Visit
2024-12-29 14:02,2024-12-29 15:44,Business,Ludhiana,Nagpur,58.5,Meeting
2024-02-22 13:27,2024-02-22 15:28,Business,Visakhapatnam,Ranchi,74.1,Field Work
2024-06-10 16:13,2024-06-10 17:23,Business,Ludhiana,Raipur,40.4,Office Commute
2024-05-01 02:33,2024-05-01 04:42,Business,Chandigarh,Kota,79.1,Site Inspection
2024-02-06 18:48,2024-02-06 20:21,Business,Delhi,Pune,58.3,Office Commute
2024-09-04 03:09,2024-09-04 04:25,Business,Nashik,Kolkata,42.7,Weekend Trip
2024-06-14 12:09,2024-06-14 14:17,Business,Indore,Navi Mumbai,76.5,Meeting
2024-08-05 21:56,2024-08-06 00:03,Personal,Jabalpur,Nashik,77.4,Client Pickup
2024-04-18 17:39,2024-04-18 19:32,Personal,Aurangabad,Mysore,69.2,Client Pickup
2024-08-16 02:11,2024-08-16 04:15,Personal,Ghaziabad,Mumbai,71.9,Office Commute
2024-04-17 16:02,2024-04-17 17:57,Business,Hyderabad,Mumbai,63.7,Weekend Trip
2024-08-26 19:30,2024-08-26 21:34,Business,Dewas,Chennai,77.2,Meal/Entertain
2024-01-31 05:01,2024-01-31 06:07,Business,Chandigarh,Chennai,40.0,Meal/Entertain
2024-07-02 04:27,2024-07-02 06:07,Business,Bhubaneswar,Lucknow,57.0,Customer Visit
2024-06-01 17:19,2024-06-01 18:50,Business,Howrah,Lucknow,49.6,Client Pickup
2024-11-21 16:46,2024-11-21 18:22,Business,Srinagar,Jaipur,54.2,Site Inspection
2024-03-05 12:18,2024-03-05 14:21,Business,Ludhiana,Bangalore,73.7,Meeting
2024-07-09 08:00,2024-07-09 09:46,Business,Raipur,Chandigarh,62.4,Office Commute
2024-05-15 05:16,2024-05-15 06:52,Business,Patna,Bhopal,57.4,Customer Visit
2024-10-09 22:01,2024-10-09 23:59,Business,Ahmedabad,Vadodara,66.8,Client Meeting
2024-12-30 19:54,2024-12-30 22:04,Business,Dewas,Nashik,79.9,Site Inspection
2024-01-05 03:28,2024-01-05 05:23,Business,Jaipur,Jabalpur,69.9,Client Meeting
2024-04-30 13:03,2024-04-30 14:18,Personal,Kochi,Jabalpur,40.2,Meeting
2024-12-23 21:35,2024-12-23 22:55,Business,Bengaluru,Vijayawada,50.2,Team Outing
2024-09-27 02:31,2024-09-27 03:46,Business,Nagpur,Guwahati,41.8,Client Pickup
2024-07-01 20:15,2024-07-01 22:17,Business,Guwahati,Navi Mumbai,68.7,Site Inspection
2024-10-18 11:58,2024-10-18 13:58,Personal,Lonavala,Coimbatore,75.0,Airport Pickup
2024-12-04 05:29,2024-12-04 07:22,Business,Allahabad,Jabalpur,69.4,Customer Visit
2024-06-21 04:34,2024-06-21 05:47,Personal,Bangalore,Kalyan,44.8,Meeting
2024-09-11 10:01,2024-09-11 11:57,Business,Hubli,Bengaluru,74.1,Weekend Trip
2024-12-14 15:30,2024-12-14 17:34,Business,Hyderabad,Thrissur,76.0,Errand/Supplies
2024-01-06 12:05,2024-01-06 13:44,Business,Vasai,Mysore,54.7,Team Outing
2024-03-15 22:19,2024-03-15 23:31,Business,Kalyan,Thrissur,42.5,Site Inspection
2024-04-17 00:05,2024-04-17 01:42,Business,Rajkot,Guwahati,57.7,Conference Visit
2024-11-23 01:09,2024-11-23 02:52,Business,Pune,Lucknow,65.4,Customer Visit
2024-06-30 01:47,2024-06-30 03:01,Business,Howrah,Guwahati,44.7,Errand/Supplies
2024-02-05 04:05,2024-02-05 05:22,Personal,Mumbai,Visakhapatnam,44.7,Site Inspection
2024-01-08 19:24,2024-01-08 21:09,Personal,Rajkot,Bangalore,63.6,Customer Visit
2024-02-01 13:32,2024-02-01 15:06,Business,Surat,Agra,55.0,Conference Visit
2024-12-01 18:31,2024-12-01 20:38,Business,Howrah,Thrissur,77.7,Field Work
2024-05-27 07:25,2024-05-27 08:57,Business,Ranchi,Solapur,52.4,Meal/Entertain
2024-03-28 18:06,2024-03-28 19:35,Business,Coimbatore,Guwahati,52.6,Delivery Task
2024-04-10 17:21,2024-04-10 19:38,Business,Guwahati,Varanasi,79.2,Meal/Entertain
2024-05-15 11:36,2024-05-15 13:29,Business,Ghaziabad,Bangalore,63.1,Customer Visit
2024-11-20 04:11,2024-11-20 05:38,Business,Thrissur,Navi Mumbai,46.8,Site Inspection
2024-06-17 11:48,2024-06-17 14:03,Business,Chandigarh,Madurai,79.8,Errand/Supplies
2024-05-12 21:21,2024-05-12 22:51,Business,Noida,Thane,51.5,Errand/Supplies
2024-06-30 15:10,2024-06-30 16:38,Business,Bangalore,Lucknow,50.3,Client Meeting
2024-03-13 09:36,2024-03-13 11:35,Personal,Allahabad,Visakhapatnam,66.3,Customer Visit
2024-08-16 12:11,2024-08-16 13:39,Business,Bhubaneswar,Kolkata,55.1,Weekend Trip
2024-12-15 22:09,2024-12-15 23:35,Personal,Hubli,Pune,54.4,Meal/Entertain
2024-12-16 16:22,2024-12-16 17:50,Personal,Chennai,Kalyan,53.5,Customer Visit
2024-07-31 08:20,2024-07-31 09:39,Business,Coimbatore,Vijayawada,46.5,Meeting
2024-08-18 12:31,2024-08-18 14:26,Business,Solapur,Ahmedabad,64.7,Meeting
2024-10-07 22:19,2024-10-07 23:49,Business,Rajkot,Jodhpur,49.7,Customer Visit
2024-01-16 14:01,2024-01-16 15:37,Personal,Nagpur,Hyderabad,56.0,Team Outing
2024-06-12 11:52,2024-06-12 13:40,Business,Solapur,Visakhapatnam,60.3,Team Outing
2024-01-12 02:09,2024-01-12 03:43,Personal,Srinagar,Guwahati,56.0,Conference Visit
2024-09-27 22:23,2024-09-28 00:27,Business,Lucknow,Chennai,75.5,Delivery Task
2024-11-02 05:59,2024-11-02 07:44,Personal,Mumbai,Solapur,66.5,Delivery Task
2024-05-14 09:54,2024-05-14 11:21,Business,Bangalore,Howrah,45.7,Office Commute
2024-03-18 19:55,2024-03-18 21:44,Business,Jodhpur,Chennai,66.3,Office Commute
2024-10-08 05:25,2024-10-08 07:03,Business,Howrah,Faridabad,57.5,Customer Visit
2024-01-02 22:05,2024-01-03 00:11,Personal,Chandigarh,Patna,71.0,Team Outing
2024-06-02 00:47,2024-06-02 02:31,Business,Chennai,Indore,62.0,Field Work
2024-10-01 06:29,2024-10-01 08:30,Business,Vijayawada,Kota,73.3,Site Inspection
2024-10-23 08:05,2024-10-23 09:21,Business,Solapur,Vijayawada,45.1,Client Meeting
2024-09-19 01:07,2024-09-19 02:41,Personal,Jodhpur,Srinagar,51.3,Customer Visit
2024-09-17 03:42,2024-09-17 05:07,Personal,Nagpur,Jodhpur,53.9,Meal/Entertain
2024-05-23 08:33,2024-05-23 10:35,Business,Dhanbad,Varanasi,70.7,Conference Visit
2024-10-18 22:12,2024-10-19 00:05,Business,Hyderabad,Lucknow,64.4,Errand/Supplies
2024-03-14 00:00,2024-03-14 01:14,Personal,Vijayawada,Aurangabad,45.5,Meal/Entertain
2024-09-11 00:08,2024-09-11 01:38,Business,Dewas,Howrah,53.6,Delivery Task
2024-11-14 22:50,2024-11-15 00:33,Business,Kanpur,Chandigarh,55.5,Team Outing
2024-03-04 12:19,2024-03-04 14:01,Business,Allahabad,Ghaziabad,56.9,Meal/Entertain
2024-02-02 02:15,2024-02-02 03:58,Personal,Patna,Ludhiana,58.6,Airport Drop
2024-11-08 01:37,2024-11-08 03:33,Business,Patna,Rajkot,74.5,Delivery Task
2024-09-23 12:46,2024-09-23 14:35,Business,Chennai,Hubli,60.3,Client Pickup
2024-06-13 01:35,2024-06-13 03:21,Business,Agra,Lonavala,66.8,Client Meeting
2024-08-22 10:17,2024-08-22 12:14,Personal,Howrah,Kanpur,65.4,Delivery Task
2024-11-23 20:13,2024-11-23 22:11,Business,Lucknow,Jabalpur,68.5,Client Meeting
2024-10-22 00:05,2024-10-22 01:47,Business,Bhopal,Surat,57.0,Delivery Task
2024-12-28 19:09,2024-12-28 20:22,Business,Vadodara,Patna,40.3,Team Outing
2024-06-25 16:48,2024-06-25 18:49,Business,Delhi,Lucknow,69.1,Meeting
2024-07-09 03:36,2024-07-09 05:02,Business,Amritsar,Kolkata,44.9,Team Outing
2024-04-07 23:51,2024-04-08 01:50,Business,Jabalpur,Amritsar,67.5,Field Work
2024-07-29 18:46,2024-07-29 20:48,Business,Hyderabad,Patna,72.8,Site Inspection
2024-05-06 01:47,2024-05-06 03:02,Business,Coimbatore,Gwalior,40.7,Errand/Supplies
2024-01-15 05:15,2024-01-15 06:53,Personal,Navi Mumbai,Allahabad,54.3,Customer Visit
2024-10-09 06:08,2024-10-09 07:22,Business,Faridabad,Coimbatore,43.8,Temporary Site
2024-06-26 21:09,2024-06-26 22:37,Business,Navi Mumbai,Lonavala,51.0,Meeting
2024-11-14 15:28,2024-11-14 17:42,Business,Vijayawada,Thiruvananthapuram,77.3,Airport Pickup
2024-08-24 15:35,2024-08-24 16:45,Business,Allahabad,Aurangabad,41.5,Customer Visit
2024-12-26 04:22,2024-12-26 05:40,Business,Jaipur,Lucknow,43.2,Airport Drop
2024-12-08 21:27,2024-12-08 23:13,Business,Kanpur,Jodhpur,66.1,Team Outing
2024-03-15 10:14,2024-03-15 11:34,Business,Thrissur,Vijayawada,44.7,Office Commute
2024-04-04 15:56,2024-04-04 17:53,Business,Howrah,Nashik,74.2,Airport Pickup
2024-06-18 16:37,2024-06-18 18:35,Business,Jabalpur,Mumbai,70.4,Meeting
2024-09-17 18:16,2024-09-17 19:38,Business,Ranchi,Pune,51.1,Client Pickup
2024-04-15 21:33,2024-04-15 23:18,Business,Nagpur,Jodhpur,67.1,Office Commute
2024-08-20 15:49,2024-08-20 17:20,Business,Kalyan,Dewas,50.7,Meal/Entertain
2024-03-26 20:24,2024-03-26 22:13,Personal,Bengaluru,Dhanbad,68.4,Site Inspection
2024-06-27 21:30,2024-06-27 23:24,Business,Nashik,Gwalior,64.4,Office Commute
2024-12-27 03:02,2024-12-27 04:30,Business,Navi Mumbai,Nagpur,55.6,Conference Visit
2024-02-28 22:40,2024-02-28 23:31,Business,Hyderabad,Hyderabad,21.5,Customer Visit
2024-03-07 00:38,2024-03-07 02:26,Business,Tiruchirappalli,Ranchi,61.3,Airport Pickup
2024-09-02 04:55,2024-09-02 12:00,Business,Ghaziabad,Jodhpur,270.5,Weekend Trip
2024-07-24 16:09,2024-07-24 18:09,Business,Meerut,Indore,69.9,Meeting
2024-06-30 12:17,2024-06-30 13:49,Business,Howrah,Gwalior,58.1,Office Commute
2024-08-07 09:10,2024-08-07 11:05,Business,Chandigarh,Nashik,65.0,Meeting
2024-04-01 03:44,2024-04-01 05:30,Personal,Kalyan,Solapur,59.6,Client Meeting
2024-11-25 23:28,2024-11-26 01:12,Business,Vijayawada,Madurai,64.3,Meal/Entertain
2024-08-09 15:43,2024-08-09 17:56,Business,Bengaluru,Jodhpur,79.7,Meeting
2024-10-12 05:40,2024-10-12 07:43,Business,Coimbatore,Vadodara,71.1,Field Work
2024-12-15 16:53,2024-12-15 18:19,Business,Meerut,Kalyan,48.7,Meal/Entertain
2024-12-09 14:32,2024-12-09 15:53,Business,Hubli,Srinagar,44.2,Customer Visit
2024-06-05 21:14,2024-06-05 22:47,Business,Lucknow,Madurai,49.0,Site Inspection
2024-03-01 23:02,2024-03-02 01:07,Business,Solapur,Kolkata,77.0,Meeting
2024-09-22 09:18,2024-09-22 11:05,Business,Jodhpur,Gwalior,66.2,Airport Pickup
2024-06-08 08:12,2024-06-08 10:21,Business,Jaipur,Mysore,79.0,Meeting
2024-08-28 18:04,2024-08-28 19:19,Business,Navi Mumbai,Ahmedabad,45.5,Meeting
2024-05-06 05:24,2024-05-06 07:32,Business,Nagpur,Mumbai,77.8,Client Meeting
2024-05-23 19:24,2024-05-23 21:10,Business,Chennai,Mumbai,67.4,Office Commute
2024-08-02 09:32,2024-08-02 11:22,Business,Ranchi,Nagpur,66.2,Office Commute
2024-12-05 16:19,2024-12-05 17:53,Personal,Tiruchirappalli,Vijayawada,54.8,Team Outing
2024-05-05 08:00,2024-05-05 10:04,Business,Coimbatore,Kota,76.9,Conference Visit
2024-06-28 02:30,2024-06-28 04:01,Business,Gwalior,Aurangabad,48.3,Airport Pickup
2024-11-05 10:16,2024-11-05 12:25,Business,Faridabad,Patna,79.6,Airport Pickup
2024-11-21 09:33,2024-11-21 11:36,Business,Kolkata,Lucknow,72.1,Errand/Supplies
2024-10-07 09:57,2024-10-07 11:18,Business,Vadodara,Vijayawada,49.8,Airport Pickup
2024-11-30 19:59,2024-11-30 22:15,Personal,Agra,Ranchi,79.8,Meeting
2024-10-05 01:23,2024-10-05 02:46,Business,Aurangabad,Surat,50.4,Customer Visit
2024-10-04 14:05,2024-10-04 16:09,Business,Raipur,Srinagar,79.6,Temporary Site
2024-11-11 05:14,2024-11-11 06:34,Business,Kochi,Kota,42.4,Client Meeting
2024-06-04 02:57,2024-06-04 04:18,Business,Thrissur,Thiruvananthapuram,41.6,Client Meeting
2024-04-11 22:40,2024-04-11 23:56,Business,Kanpur,Surat,45.8,Customer Visit
2024-02-25 03:04,2024-02-25 04:55,Business,Rajkot,Chennai,66.3,Errand/Supplies
2024-09-06 08:12,2024-09-06 09:24,Business,Surat,Kota,43.9,Meal/Entertain
2024-10-20 23:34,2024-10-21 01:32,Business,Kolkata,Vasai,70.1,Customer Visit
2024-06-23 21:48,2024-06-23 23:20,Business,Hyderabad,Gwalior,53.2,Customer Visit
2024-02-27 11:41,2024-02-27 13:40,Personal,Mumbai,Guwahati,70.5,Weekend Trip
2024-10-04 05:07,2024-10-04 06:54,Business,Ahmedabad,Dhanbad,62.5,Customer Visit
2024-07-03 13:58,2024-07-03 15:55,Business,Howrah,Raipur,65.4,Field Work
2024-02-19 22:12,2024-02-20 00:09,Business,Patna,Gwalior,72.2,Customer Visit
2024-03-29 12:21,2024-03-29 13:41,Business,Nagpur,Gwalior,50.3,Customer Visit
2024-01-05 16:28,2024-01-05 17:49,Business,Tiruchirappalli,Dewas,45.9,Client Meeting
2024-07-19 17:05,2024-07-19 19:14,Business,Jabalpur,Rajkot,74.8,Site Inspection
2024-09-07 01:07,2024-09-07 03:14,Business,Kota,Nashik,78.9,Meeting
2024-05-26 19:01,2024-05-26 20:52,Personal,Mysore,Tiruchirappalli,60.9,Meal/Entertain
2024-07-06 23:11,2024-07-07 00:56,Personal,Noida,Chennai,59.3,Airport Drop
2024-04-30 02:57,2024-04-30 04:28,Business,Agra,Patiala,53.7,Field Work
2024-11-02 12:34,2024-11-02 14:28,Business,Dhanbad,Chandigarh,71.1,Team Outing
2024-12-20 11:00,2024-12-20 12:32,Business,Noida,Delhi,58.4,Team Outing
2024-07-22 13:08,2024-07-22 15:06,Business,Thrissur,Ranchi,71.3,Office Commute
2024-08-31 06:29,2024-08-31 07:38,Business,Ranchi,Delhi,41.3,Field Work
2024-07-26 16:16,2024-07-26 17:56,Personal,Hyderabad,Lucknow,62.1,Client Meeting
2024-04-05 00:41,2024-04-05 02:25,Personal,Thane,Amritsar,60.9,Meal/Entertain
2024-11-29 00:41,2024-11-29 02:49,Business,Thane,Ranchi,77.5,Customer Visit
2024-08-24 13:34,2024-08-24 14:57,Business,Dhanbad,Pune,47.1,Temporary Site
2024-11-18 14:36,2024-11-18 15:54,Business,Meerut,Guwahati,47.6,Meal/Entertain
2024-08-15 10:54,2024-08-15 12:27,Business,Vasai,Howrah,49.1,Meal/Entertain
2024-05-03 19:58,2024-05-03 21:51,Business,Kolkata,Bengaluru,71.3,Office Commute
2024-03-17 15:51,2024-03-17 17:03,Business,Delhi,Kota,43.3,Conference Visit
2024-08-09 02:32,2024-08-09 04:06,Business,Madurai,Mysore,59.5,Meal/Entertain
2024-12-10 06:56,2024-12-10 08:21,Business,Mysore,Kanpur,44.5,Meeting
2024-08-26 14:44,2024-08-26 16:51,Business,Srinagar,Noida,72.2,Office Commute
2024-07-10 07:24,2024-07-10 09:10,Business,Agra,Ghaziabad,64.1,Errand/Supplies
2024-09-07 14:26,2024-09-07 15:57,Personal,Hyderabad,Lucknow,51.4,Field Work
2024-09-20 05:57,2024-09-20 07:31,Business,Ghaziabad,Vadodara,53.6,Meeting
2024-03-11 18:02,2024-03-11 20:07,Business,Navi Mumbai,Kochi,70.3,Temporary Site
2024-07-11 13:04,2024-07-11 14:44,Personal,Agra,Hubli,60.4,Meal/Entertain
2024-02-06 17:26,2024-02-06 19:25,Business,Coimbatore,Aurangabad,66.9,Meeting
2024-03-16 04:26,2024-03-16 06:23,Personal,Hyderabad,Navi Mumbai,72.9,Temporary Site
2024-05-04 06:45,2024-05-04 08:35,Business,Solapur,Dhanbad,60.1,Customer Visit
2024-08-09 18:11,2024-08-09 19:56,Business,Bengaluru,Patna,64.4,Meal/Entertain
2024-03-07 17:04,2024-03-07 18:37,Business,Hubli,Chennai,55.8,Field Work
2024-07-02 23:54,2024-07-03 02:09,Personal,Nashik,Patiala,78.3,Weekend Trip
2024-07-02 07:11,2024-07-02 09:20,Business,Srinagar,Rajkot,77.3,Client Meeting
2024-11-18 00:59,2024-11-18 02:57,Business,Jabalpur,Chandigarh,69.1,Customer Visit
2024-06-10 23:52,2024-06-11 01:20,Business,Kochi,Howrah,55.7,Site Inspection
2024-06-26 10:31,2024-06-26 11:52,Business,Solapur,Jodhpur,45.6,Meal/Entertain
2024-10-05 07:52,2024-10-05 09:17,Business,Ahmedabad,Thiruvananthapuram,48.3,Client Meeting
2024-11-03 03:54,2024-11-03 05:30,Business,Gwalior,Thrissur,52.9,Meal/Entertain
2024-03-24 11:45,2024-03-24 13:16,Business,Hubli,Meerut,48.0,Errand/Supplies
2024-05-06 09:43,2024-05-06 11:17,Business,Tiruchirappalli,Guwahati,49.7,Site Inspection
2024-01-18 20:45,2024-01-18 23:00,Business,Rajkot,Mysore,78.8,Delivery Task
2024-08-23 14:53,2024-08-23 16:25,Business,Pune,Vijayawada,50.0,Client Meeting
2024-04-20 09:15,2024-04-20 10:49,Business,Amritsar,Bengaluru,57.5,Office Commute
2024-10-28 01:47,2024-10-28 03:09,Personal,Kota,Bhubaneswar,43.0,Meal/Entertain
2024-08-10 22:53,2024-08-11 00:39,Business,Thiruvananthapuram,Chandigarh,63.6,Team Outing
2024-07-31 06:32,2024-07-31 08:04,Business,Meerut,Bangalore,53.1,Delivery Task
2024-02-24 13:15,2024-02-24 15:03,Business,Meerut,Ludhiana,67.6,Delivery Task
2024-05-20 06:54,2024-05-20 09:10,Business,Vadodara,Surat,78.3,Meeting
2024-03-29 10:09,2024-03-29 11:47,Business,Ranchi,Varanasi,52.9,Errand/Supplies
2024-04-10 14:17,2024-04-10 16:28,Business,Jabalpur,Hyderabad,78.9,Meeting
2024-09-06 10:06,2024-09-06 11:32,Business,Nagpur,Ranchi,45.6,Customer Visit
2024-11-18 23:46,2024-11-19 01:39,Business,Kanpur,Jodhpur,71.9,Weekend Trip
2024-01-13 11:02,2024-01-13 12:50,Business,Vijayawada,Lucknow,62.6,Office Commute
2024-09-03 08:47,2024-09-03 10:28,Business,Surat,Madurai,63.0,Customer Visit
2024-10-30 03:36,2024-10-30 05:42,Personal,Ranchi,Aurangabad,79.0,Meal/Entertain
2024-02-04 01:42,2024-02-04 03:51,Personal,Madurai,Chennai,73.9,Meal/Entertain
2024-10-24 22:01,2024-10-25 00:04,Business,Nashik,Noida,70.1,Airport Drop
2024-10-13 23:23,2024-10-14 01:25,Personal,Thiruvananthapuram,Guwahati,75.6,Airport Drop
2024-05-11 23:15,2024-05-12 01:12,Business,Noida,Hyderabad,65.9,Meal/Entertain
2024-06-16 22:14,2024-06-17 00:08,Business,Ludhiana,Srinagar,72.8,Weekend Trip
2024-05-31 10:34,2024-05-31 12:16,Business,Jodhpur,Mumbai,64.9,Customer Visit
2024-11-28 06:32,2024-11-28 07:53,Business,Agra,Dhanbad,46.0,Customer Visit
2024-09-10 20:06,2024-09-10 21:48,Personal,Mysore,Patna,61.3,Conference Visit
2024-12-07 21:06,2024-12-07 22:36,Business,Srinagar,Thiruvananthapuram,54.2,Team Outing
2024-02-09 04:25,2024-02-09 05:48,Business,Delhi,Srinagar,52.3,Errand/Supplies
2024-02-19 10:44,2024-02-19 12:02,Business,Madurai,Nagpur,41.6,Errand/Supplies
2024-09-12 14:33,2024-09-12 16:39,Business,Aurangabad,Hubli,77.1,Weekend Trip
2024-03-31 11:31,2024-03-31 13:41,Business,Delhi,Howrah,79.6,Customer Visit
2024-02-17 19:28,2024-02-18 02:38,Personal,Srinagar,Indore,275.5,Office Commute
2024-03-22 00:08,2024-03-22 02:16,Business,Ahmedabad,Kochi,74.2,Customer Visit
2024-10-26 10:05,2024-10-26 11:33,Personal,Amritsar,Kochi,47.9,Client Pickup
2024-07-15 18:49,2024-07-15 20:55,Business,Mysore,Thiruvananthapuram,78.8,Client Meeting
2024-10-14 15:17,2024-10-14 17:29,Business,Chennai,Solapur,77.6,Office Commute
2024-02-05 06:13,2024-02-05 07:41,Personal,Ranchi,Hubli,48.4,Customer Visit
2024-01-07 06:29,2024-01-07 08:30,Business,Kota,Ghaziabad,77.8,Field Work
2024-02-08 20:40,2024-02-08 22:53,Business,Jaipur,Thane,78.5,Conference Visit
2024-11-25 06:08,2024-11-25 07:48,Personal,Jabalpur,Howrah,57.4,Client Meeting
2024-05-31 08:08,2024-05-31 10:06,Business,Dhanbad,Pune,65.7,Meeting
2024-01-18 14:52,2024-01-18 16:54,Business,Ahmedabad,Guwahati,75.9,Site Inspection
2024-07-20 09:54,2024-07-20 11:03,Business,Tiruchirappalli,Faridabad,40.4,Conference Visit
2024-08-19 13:01,2024-08-19 14:14,Business,Bhubaneswar,Pune,41.6,Site Inspection
2024-06-10 02:55,2024-06-10 04:27,Business,Vadodara,Ranchi,54.9,Conference Visit
2024-02-28 18:58,2024-02-28 20:39,Business,Kalyan,Coimbatore,60.7,Meal/Entertain
2024-01-12 15:26,2024-01-12 17:33,Business,Jabalpur,Varanasi,71.5,Conference Visit
2024-11-22 18:38,2024-11-22 20:13,Business,Dewas,Howrah,54.9,Errand/Supplies
2024-10-12 10:14,2024-10-12 11:51,Personal,Nashik,Hubli,58.8,Delivery Task
2024-03-02 10:16,2024-03-02 11:55,Personal,Vijayawada,Kalyan,61.0,Office Commute
2024-01-26 18:12,2024-01-26 19:25,Business,Agra,Indore,43.7,Weekend Trip
2024-07-27 10:39,2024-07-27 12:49,Business,Kota,Kolkata,74.2,Delivery Task
2024-04-30 22:44,2024-05-01 00:42,Business,Bhubaneswar,Tiruchirappalli,65.5,Office Commute
2024-09-11 21:51,2024-09-11 23:14,Business,Kota,Vasai,45.1,Meal/Entertain
2024-10-17 18:33,2024-10-17 20:12,Business,Nashik,Patiala,59.1,Meeting
2024-02-25 09:05,2024-02-25 11:05,Personal,Bhubaneswar,Dhanbad,72.2,Errand/Supplies
2024-04-19 15:13,2024-04-19 17:04,Business,Patiala,Bangalore,68.7,Client Meeting
2024-04-26 22:31,2024-04-27 00:29,Business,Faridabad,Dhanbad,69.2,Meal/Entertain
2024-08-12 03:35,2024-08-12 05:19,Business,Raipur,Kolkata,60.8,Client Pickup
2024-09-13 18:50,2024-09-13 20:24,Business,Solapur,Vasai,56.9,Conference Visit
2024-12-17 20:40,2024-12-17 21:59,Personal,Mysore,Ranchi,41.4,Client Pickup
2024-01-06 13:29,2024-01-06 15:36,Business,Navi Mumbai,Amritsar,79.2,Site Inspection
2024-06-03 02:06,2024-06-03 03:35,Business,Navi Mumbai,Allahabad,49.5,Weekend Trip
2024-03-13 21:56,2024-03-14 00:04,Business,Agra,Mumbai,74.3,Customer Visit
2024-06-19 19:49,2024-06-19 21:12,Personal,Kochi,Dewas,50.5,Client Pickup
2024-05-11 00:19,2024-05-11 02:04,Business,Ranchi,Guwahati,60.6,Office Commute
2024-07-08 06:28,2024-07-08 08:35,Personal,Vasai,Coimbatore,72.3,Customer Visit
2024-07-20 14:06,2024-07-20 15:39,Personal,Patiala,Bengaluru,53.7,Meeting
2024-07-30 00:05,2024-07-30 01:52,Business,Aurangabad,Surat,65.7,Client Meeting
2024-02-16 17:04,2024-02-16 19:07,Business,Bengaluru,Dhanbad,73.2,Office Commute
2024-08-02 21:06,2024-08-02 22:40,Business,Bhubaneswar,Vadodara,58.1,Delivery Task
2024-12-09 22:36,2024-12-10 00:36,Business,Vadodara,Lucknow,72.8,Site Inspection
2024-03-18 03:48,2024-03-18 05:50,Business,Chandigarh,Thrissur,71.0,Errand/Supplies
2024-07-25 01:11,2024-07-25 02:50,Business,Ludhiana,Nagpur,62.5,Customer Visit
2024-07-25 04:04,2024-07-25 05:27,Business,Thane,Madurai,49.2,Team Outing
2024-09-03 08:13,2024-09-03 09:34,Business,Jabalpur,Chennai,46.6,Office Commute
2024-12-31 21:51,2024-12-31 23:18,Personal,Thrissur,Visakhapatnam,46.1,Delivery Task
2024-06-04 16:24,2024-06-04 18:35,Personal,Tiruchirappalli,Delhi,78.4,Airport Drop
2024-07-04 01:43,2024-07-04 03:27,Business,Jaipur,Vasai,56.9,Meeting
2024-01-30 01:50,2024-01-30 03:21,Business,Hubli,Bhubaneswar,52.0,Meal/Entertain
2024-10-11 20:20,2024-10-11 21:39,Business,Raipur,Meerut,48.4,Airport Drop
2024-11-15 09:42,2024-11-15 11:00,Business,Amritsar,Solapur,45.8,Client Pickup
2024-05-31 22:36,2024-06-01 00:44,Business,Solapur,Thane,79.1,Temporary Site
2024-11-20 00:30,2024-11-20 01:57,Business,Noida,Kalyan,47.7,Field Work
2024-12-12 15:59,2024-12-12 17:32,Business,Aurangabad,Dhanbad,51.0,Weekend Trip
2024-02-28 23:18,2024-02-29 01:25,Business,Bhopal,Rajkot,77.8,Client Pickup
2024-01-05 04:22,2024-01-05 06:15,Business,Kochi,Chandigarh,70.4,Site Inspection
2024-08-20 09:55,2024-08-20 12:01,Business,Ludhiana,Howrah,70.9,Client Pickup
2024-07-29 04:54,2024-07-29 07:02,Business,Dhanbad,Patiala,72.9,Airport Drop
2024-10-06 14:56,2024-10-06 16:56,Business,Chandigarh,Aurangabad,70.2,Airport Drop
2024-11-21 10:30,2024-11-21 11:45,Business,Varanasi,Guwahati,41.6,Client Meeting
2024-12-06 07:10,2024-12-06 09:05,Business,Bhopal,Navi Mumbai,63.4,Meeting
2024-10-11 04:29,2024-10-11 05:51,Business,Solapur,Gwalior,44.1,Site Inspection
2024-09-29 11:22,2024-09-29 13:09,Business,Faridabad,Vadodara,59.8,Errand/Supplies
2024-04-18 19:41,2024-04-18 21:45,Business,Kalyan,Amritsar,74.6,Customer Visit
2024-09-16 00:41,2024-09-16 02:13,Personal,Vasai,Ghaziabad,53.2,Weekend Trip
2024-03-26 23:29,2024-03-27 01:22,Business,Indore,Bangalore,63.4,Customer Visit
2024-10-02 03:58,2024-10-02 06:04,Business,Patiala,Guwahati,71.2,Meeting
2024-07-20 13:07,2024-07-20 14:46,Business,Meerut,Nagpur,55.0,Customer Visit
2024-09-06 14:11,2024-09-06 16:09,Personal,Allahabad,Nagpur,73.5,Meeting
2024-05-20 01:58,2024-05-20 04:01,Business,Mumbai,Bengaluru,70.6,Conference Visit
2024-09-08 07:18,2024-09-08 08:39,Business,Thiruvananthapuram,Jodhpur,41.6,Meeting
2024-12-31 03:16,2024-12-31 05:04,Personal,Tiruchirappalli,Kolkata,60.9,Office Commute
2024-09-16 20:10,2024-09-16 22:01,Business,Thiruvananthapuram,Thane,71.1,Errand/Supplies
2024-05-07 18:09,2024-05-07 19:54,Business,Dewas,Mumbai,65.2,Office Commute
2024-06-26 08:02,2024-06-26 09:16,Business,Gwalior,Vijayawada,41.1,Meeting
2024-04-06 14:03,2024-04-06 15:37,Personal,Indore,Thiruvananthapuram,54.1,Errand/Supplies
2024-04-12 04:57,2024-04-12 09:54,Business,Kochi,Surat,191.6,Office Commute
2024-05-05 00:08,2024-05-05 01:57,Business,Dewas,Meerut,61.9,Meeting
2024-07-13 02:48,2024-07-13 04:05,Business,Solapur,Indore,46.9,Meal/Entertain
2024-11-20 18:16,2024-11-20 20:12,Business,Hyderabad,Indore,69.6,Meeting
2024-02-05 02:53,2024-02-05 05:04,Personal,Hubli,Thrissur,76.6,Meal/Entertain
2024-05-28 14:59,2024-05-28 16:21,Business,Hubli,Nashik,47.4,Office Commute
2024-11-08 23:30,2024-11-09 01:10,Personal,Ghaziabad,Tiruchirappalli,54.0,Errand/Supplies
2024-05-05 08:20,2024-05-05 10:22,Business,Vasai,Jabalpur,78.4,Meeting
2024-09-28 22:36,2024-09-29 00:44,Business,Bhopal,Delhi,76.4,Client Pickup
2024-09-27 03:47,2024-09-27 05:17,Business,Solapur,Meerut,55.9,Customer Visit
2024-12-06 13:36,2024-12-06 15:28,Business,Delhi,Bangalore,63.9,Meeting
2024-05-17 09:39,2024-05-17 11:16,Business,Tiruchirappalli,Ghaziabad,53.6,Meeting
2024-10-12 22:38,2024-10-13 00:42,Business,Bhubaneswar,Vijayawada,73.8,Field Work
2024-03-28 07:31,2024-03-28 09:09,Personal,Nashik,Mumbai,53.0,Team Outing
2024-04-16 07:53,2024-04-16 09:07,Business,Thiruvananthapuram,Allahabad,46.2,Delivery Task
2024-04-05 06:50,2024-04-05 09:00,Business,Lonavala,Dhanbad,79.3,Site Inspection
2024-04-25 06:18,2024-04-25 07:38,Business,Kochi,Noida,45.8,Office Commute
2024-06-09 23:39,2024-06-10 01:40,Business,Ahmedabad,Tiruchirappalli,73.5,Errand/Supplies
2024-08-31 14:26,2024-08-31 16:17,Business,Kalyan,Coimbatore,63.2,Field Work
2024-11-08 00:28,2024-11-08 02:39,Business,Ranchi,Ghaziabad,79.3,Office Commute
2024-04-01 03:37,2024-04-01 05:47,Personal,Kanpur,Jabalpur,77.0,Client Pickup
2024-05-04 22:06,2024-05-04 23:59,Business,Madurai,Indore,67.7,Errand/Supplies
2024-12-22 07:31,2024-12-22 08:56,Business,Surat,Madurai,43.9,Team Outing
2024-03-29 11:28,2024-03-29 13:33,Business,Madurai,Hubli,73.1,Office Commute
2024-03-27 23:29,2024-03-28 01:21,Business,Raipur,Pune,62.2,Meeting
2024-06-19 01:15,2024-06-19 03:02,Personal,Guwahati,Mumbai,58.4,Customer Visit
2024-01-09 14:07,2024-01-09 16:25,Business,Mysore,Kanpur,79.8,Meeting
2024-09-21 20:45,2024-09-21 22:09,Business,Meerut,Noida,45.9,Field Work
2024-12-14 04:15,2024-12-14 05:35,Business,Aurangabad,Rajkot,50.1,Meal/Entertain
2024-02-21 18:58,2024-02-21 20:57,Business,Raipur,Nagpur,68.2,Conference Visit
2024-09-19 00:21,2024-09-19 02:07,Business,Dewas,Patiala,61.5,Team Outing
2024-06-07 02:50,2024-06-07 04:51,Business,Hyderabad,Dhanbad,75.0,Weekend Trip
2024-12-01 01:15,2024-12-01 02:55,Business,Srinagar,Madurai,63.5,Meal/Entertain
2024-02-16 11:31,2024-02-16 12:59,Business,Nashik,Amritsar,54.3,Meal/Entertain
2024-10-11 11:55,2024-10-11 13:49,Personal,Nashik,Aurangabad,69.2,Conference Visit
2024-11-20 13:39,2024-11-20 15:48,Business,Faridabad,Nagpur,79.6,Customer Visit
2024-05-08 20:30,2024-05-08 22:20,Business,Ahmedabad,Noida,69.1,Conference Visit
2024-05-30 11:18,2024-05-30 13:33,Business,Bengaluru,Jodhpur,78.0,Errand/Supplies
2024-03-12 01:35,2024-03-12 03:33,Business,Jaipur,Pune,73.9,Meeting
2024-04-07 20:56,2024-04-07 22:41,Business,Howrah,Indore,57.2,Office Commute
2024-05-16 09:25,2024-05-16 10:44,Business,Bangalore,Coimbatore,48.0,Airport Pickup
2024-01-08 22:08,2024-01-08 23:45,Business,Hyderabad,Kochi,61.0,Meal/Entertain
2024-01-01 16:06,2024-01-01 17:16,Business,Meerut,Amritsar,43.8,Conference Visit
2024-12-17 12:33,2024-12-17 13:50,Business,Agra,Hubli,41.1,Client Pickup
2024-08-29 02:57,2024-08-29 04:28,Business,Tiruchirappalli,Aurangabad,47.5,Meeting
2024-12-04 16:32,2024-12-04 18:01,Business,Coimbatore,Madurai,53.8,Client Meeting
2024-10-01 07:49,2024-10-01 09:52,Personal,Nagpur,Jabalpur,75.7,Meeting
2024-08-29 14:13,2024-08-29 15:45,Business,Lucknow,Chandigarh,57.8,Weekend Trip
2024-02-16 17:07,2024-02-16 19:08,Business,Visakhapatnam,Madurai,71.7,Client Meeting
2024-08-17 04:11,2024-08-17 06:01,Business,Visakhapatnam,Gwalior,67.3,Field Work
2024-08-26 03:21,2024-08-26 05:12,Business,Vasai,Bengaluru,64.1,Field Work
2024-10-31 11:59,2024-10-31 14:07,Business,Kolkata,Visakhapatnam,73.3,Customer Visit
2024-05-22 00:30,2024-05-22 01:59,Personal,Bhopal,Patiala,53.5,Errand/Supplies
2024-01-17 03:39,2024-01-17 05:42,Business,Faridabad,Thiruvananthapuram,71.8,Delivery Task
2024-11-23 14:56,2024-11-23 16:32,Business,Amritsar,Vijayawada,59.2,Field Work
2024-12-20 03:13,2024-12-20 05:09,Business,Tiruchirappalli,Ludhiana,66.2,Client Meeting
2024-02-22 14:43,2024-02-22 16:18,Business,Solapur,Madurai,51.3,Meeting
2024-06-05 23:46,2024-06-06 01:41,Business,Solapur,Delhi,65.1,Errand/Supplies
2024-05-04 20:43,2024-05-04 22:32,Business,Jaipur,Bangalore,59.6,Airport Pickup
2024-10-26 07:49,2024-10-26 10:02,Business,Nashik,Jaipur,79.7,Delivery Task
2024-01-17 04:02,2024-01-17 05:44,Personal,Srinagar,Patna,61.1,Customer Visit
2024-08-09 20:40,2024-08-09 22:34,Personal,Bangalore,Howrah,69.9,Office Commute
2024-01-19 08:00,2024-01-19 09:46,Personal,Noida,Hubli,61.4,Meal/Entertain
2024-09-22 16:53,2024-09-22 19:00,Personal,Jaipur,Delhi,72.9,Errand/Supplies
2024-05-24 00:19,2024-05-24 01:35,Business,Ranchi,Lucknow,47.1,Conference Visit
2024-12-12 13:21,2024-12-12 15:30,Business,Vijayawada,Dewas,78.0,Client Pickup
2024-03-21 06:55,2024-03-21 08:12,Business,Raipur,Hubli,48.1,Conference Visit
2024-02-15 04:17,2024-02-15 06:25,Business,Allahabad,Visakhapatnam,76.0,Meeting
2024-11-18 20:18,2024-11-18 22:21,Business,Agra,Vasai,72.5,Office Commute
2024-11-21 08:44,2024-11-21 10:23,Business,Coimbatore,Jaipur,54.9,Customer Visit
2024-09-16 15:10,2024-09-16 16:37,Business,Allahabad,Chandigarh,49.8,Meeting
2024-12-01 10:40,2024-12-01 12:28,Business,Varanasi,Visakhapatnam,62.8,Team Outing
2024-06-07 22:03,2024-06-08 00:02,Business,Dewas,Varanasi,76.5,Client Pickup
2024-12-15 22:38,2024-12-16 00:05,Business,Kalyan,Thiruvananthapuram,51.1,Office Commute
2024-08-31 07:44,2024-08-31 09:37,Business,Thiruvananthapuram,Srinagar,64.0,Office Commute
2024-09-24 18:35,2024-09-24 19:54,Business,Allahabad,Pune,45.2,Meeting
2024-11-03 06:25,2024-11-03 07:54,Business,Aurangabad,Navi Mumbai,46.4,Site Inspection
2024-10-14 10:09,2024-10-14 11:32,Business,Aurangabad,Coimbatore,46.7,Customer Visit
2024-07-27 06:18,2024-07-27 07:55,Personal,Patna,Raipur,55.9,Office Commute
2024-02-16 08:53,2024-02-16 10:16,Business,Gwalior,Tiruchirappalli,44.3,Weekend Trip
2024-08-03 10:38,2024-08-03 12:55,Business,Thiruvananthapuram,Varanasi,78.0,Client Pickup
2024-07-04 22:55,2024-07-05 00:05,Business,Delhi,Bhubaneswar,41.4,Team Outing
2024-01-27 04:13,2024-01-27 06:06,Business,Bhopal,Dhanbad,67.7,Office Commute
2024-06-20 15:57,2024-06-20 17:47,Business,Kanpur,Nashik,69.5,Field Work
2024-10-25 11:23,2024-10-25 13:32,Business,Patiala,Visakhapatnam,79.0,Meeting
2024-04-07 09:38,2024-04-07 11:39,Personal,Rajkot,Hubli,74.4,Office Commute
2024-05-31 23:17,2024-06-01 01:12,Business,Indore,Kolkata,65.8,Airport Drop
2024-08-31 14:03,2024-08-31 15:27,Business,Chandigarh,Gwalior,49.0,Team Outing
2024-06-20 02:02,2024-06-20 03:10,Business,Hyderabad,Patiala,41.0,Client Meeting
2024-03-03 13:32,2024-03-03 14:58,Business,Thrissur,Faridabad,51.5,Meeting
2024-08-28 05:38,2024-08-28 07:20,Personal,Meerut,Hubli,61.4,Office Commute
2024-12-16 02:46,2024-12-16 03:56,Business,Rajkot,Visakhapatnam,41.5,Office Commute
2024-08-08 04:24,2024-08-08 05:55,Personal,Patna,Dhanbad,55.5,Customer Visit
2024-07-30 21:11,2024-07-30 22:20,Business,Tiruchirappalli,Dhanbad,41.4,Meal/Entertain
2024-08-09 22:41,2024-08-10 00:26,Business,Ahmedabad,Noida,59.1,Conference Visit
2024-10-17 12:30,2024-10-17 14:09,Business,Gwalior,Patna,58.0,Errand/Supplies
2024-09-04 06:27,2024-09-04 08:06,Business,Patna,Lonavala,53.8,Customer Visit
2024-12-07 13:00,2024-12-07 14:43,Personal,Kota,Vijayawada,58.2,Customer Visit
2024-05-30 20:37,2024-05-30 22:33,Personal,Dhanbad,Chandigarh,69.2,Office Commute
2024-11-08 19:20,2024-11-08 20:35,Business,Varanasi,Chennai,40.8,Weekend Trip
2024-07-29 07:07,2024-07-29 09:01,Business,Chandigarh,Allahabad,68.4,Delivery Task
2024-12-31 18:58,2024-12-31 20:36,Personal,Jodhpur,Bhubaneswar,54.1,Meeting
2024-06-21 09:22,2024-06-21 11:22,Business,Kalyan,Varanasi,69.3,Delivery Task
2024-02-21 16:43,2024-02-21 18:33,Business,Kolkata,Jabalpur,66.6,Meal/Entertain
2024-12-05 06:35,2024-12-05 08:25,Business,Faridabad,Dewas,62.7,Meeting
2024-06-07 12:46,2024-06-07 14:47,Business,Vasai,Kolkata,70.6,Meal/Entertain
2024-02-12 04:41,2024-02-12 06:08,Business,Noida,Howrah,45.7,Client Pickup
2024-08-30 04:20,2024-08-30 06:24,Business,Howrah,Vasai,71.0,Meeting
2024-03-01 20:43,2024-03-01 22:33,Business,Amritsar,Delhi,62.1,Meeting
2024-01-10 06:09,2024-01-10 08:16,Business,Visakhapatnam,Ludhiana,77.7,Weekend Trip
2024-10-16 16:57,2024-10-16 18:22,Business,Jaipur,Mumbai,50.9,Airport Drop
2024-02-28 12:28,2024-02-28 14:34,Business,Noida,Jodhpur,72.0,Temporary Site
2024-10-23 04:08,2024-10-23 06:12,Personal,Hubli,Kolkata,69.5,Weekend Trip
2024-10-12 13:39,2024-10-12 15:21,Business,Hubli,Nashik,64.5,Site Inspection
2024-01-04 08:47,2024-01-04 09:58,Personal,Patna,Bengaluru,43.4,Field Work
2024-05-18 12:39,2024-05-18 14:45,Business,Hyderabad,Tiruchirappalli,77.3,Office Commute
2024-01-26 15:22,2024-01-26 16:56,Business,Ranchi,Chandigarh,52.3,Field Work
2024-06-22 10:46,2024-06-22 13:00,Business,Nashik,Vijayawada,76.2,Client Pickup
2024-11-07 14:18,2024-11-07 15:46,Business,Hyderabad,Raipur,52.1,Errand/Supplies
2024-07-25 17:26,2024-07-25 19:08,Business,Vasai,Varanasi,56.6,Airport Pickup
2024-04-19 05:17,2024-04-19 06:57,Business,Chennai,Meerut,58.8,Client Pickup
2024-02-07 16:44,2024-02-07 18:44,Business,Bhopal,Patiala,76.4,Meal/Entertain
2024-03-07 04:46,2024-03-07 06:13,Business,Bhubaneswar,Varanasi,55.2,Office Commute
2024-06-20 05:49,2024-06-20 07:20,Business,Mysore,Pune,54.5,Customer Visit
2024-05-11 22:56,2024-05-12 00:23,Business,Kochi,Vasai,53.8,Customer Visit
2024-04-26 13:10,2024-04-26 14:35,Personal,Varanasi,Jabalpur,45.4,Field Work
2024-09-16 18:38,2024-09-16 20:45,Business,Vijayawada,Chandigarh,77.4,Client Pickup
2024-11-01 11:25,2024-11-01 13:19,Personal,Navi Mumbai,Hubli,71.7,Meeting
2024-08-29 12:10,2024-08-29 13:57,Personal,Indore,Nagpur,59.8,Field Work
2024-04-18 20:04,2024-04-18 21:20,Business,Chennai,Jabalpur,47.7,Meal/Entertain
2024-04-02 17:48,2024-04-02 19:05,Personal,Lonavala,Hubli,42.1,Airport Drop
2024-04-15 23:01,2024-04-16 00:40,Business,Ghaziabad,Kochi,53.5,Errand/Supplies
2024-12-04 16:00,2024-12-04 17:06,Business,Patiala,Bangalore,41.3,Delivery Task
2024-01-14 23:23,2024-01-15 00:58,Business,Ranchi,Mumbai,55.2,Airport Pickup
2024-11-27 12:22,2024-11-27 14:28,Business,Pune,Jaipur,72.1,Airport Drop
2024-10-06 06:39,2024-10-06 08:48,Business,Kalyan,Raipur,77.7,Temporary Site
2024-12-20 17:06,2024-12-20 18:41,Business,Meerut,Delhi,50.7,Airport Pickup
2024-05-03 17:41,2024-05-03 19:28,Personal,Vijayawada,Patiala,66.6,Office Commute
2024-04-04 08:33,2024-04-04 10:25,Business,Ahmedabad,Thane,70.5,Errand/Supplies
2024-04-02 00:29,2024-04-02 02:10,Business,Coimbatore,Jabalpur,62.9,Delivery Task
2024-08-27 19:09,2024-08-27 21:08,Business,Vadodara,Aurangabad,74.8,Airport Pickup
2024-06-27 22:37,2024-06-28 00:44,Business,Chandigarh,Mysore,74.9,Customer Visit
2024-09-30 11:07,2024-09-30 12:23,Business,Surat,Patiala,44.9,Meal/Entertain
2024-02-05 14:44,2024-02-05 15:55,Business,Delhi,Vijayawada,43.2,Customer Visit
2024-01-20 10:01,2024-01-20 11:21,Business,Agra,Kanpur,49.3,Conference Visit
2024-11-13 12:07,2024-11-13 13:29,Business,Jaipur,Hubli,47.7,Client Meeting
2024-04-21 20:56,2024-04-21 22:13,Business,Raipur,Lonavala,47.4,Customer Visit
2024-03-17 18:53,2024-03-17 20:10,Personal,Kochi,Coimbatore,43.2,Errand/Supplies
2024-09-28 20:09,2024-09-28 22:15,Business,Chandigarh,Varanasi,78.9,Office Commute
2024-05-04 19:42,2024-05-04 21:05,Business,Pune,Solapur,47.5,Meeting
2024-08-21 14:53,2024-08-21 16:46,Business,Chennai,Jodhpur,63.7,Office Commute
2024-11-16 04:36,2024-11-16 06:17,Business,Lucknow,Navi Mumbai,57.1,Field Work
2024-09-22 10:58,2024-09-22 12:50,Business,Ranchi,Faridabad,66.2,Team Outing
2024-07-10 19:41,2024-07-10 21:00,Business,Gwalior,Solapur,42.5,Client Pickup
2024-06-16 00:46,2024-06-16 02:38,Personal,Vasai,Rajkot,70.2,Client Pickup
2024-10-16 01:05,2024-10-16 02:38,Business,Patna,Solapur,57.8,Customer Visit
2024-09-28 02:32,2024-09-28 04:33,Business,Hubli,Mysore,76.6,Office Commute
2024-05-19 01:51,2024-05-19 03:30,Business,Mumbai,Ghaziabad,52.8,Team Outing
2024-07-31 00:18,2024-07-31 01:58,Business,Jabalpur,Lonavala,59.6,Field Work
2024-06-08 02:58,2024-06-08 04:58,Personal,Dhanbad,Mysore,67.6,Errand/Supplies
2024-06-05 14:29,2024-06-05 16:35,Business,Varanasi,Kolkata,71.9,Weekend Trip
2024-10-13 13:20,2024-10-13 14:46,Personal,Vadodara,Vasai,46.1,Office Commute
2024-05-28 03:26,2024-05-28 05:22,Business,Kalyan,Ahmedabad,71.5,Airport Drop
2024-08-18 06:34,2024-08-18 07:54,Business,Jodhpur,Jabalpur,46.9,Errand/Supplies
2024-07-12 03:22,2024-07-12 04:50,Business,Dewas,Bengaluru,47.9,Meeting
2024-04-17 20:04,2024-04-17 22:07,Business,Chennai,Howrah,74.2,Temporary Site
2024-06-17 23:29,2024-06-18 01:09,Business,Delhi,Lonavala,60.0,Customer Visit
2024-07-04 03:10,2024-07-04 04:43,Business,Lonavala,Patiala,52.9,Customer Visit
2024-03-25 01:01,2024-03-25 02:48,Business,Chandigarh,Faridabad,59.8,Customer Visit
2024-05-11 11:47,2024-05-11 13:38,Personal,Lonavala,Agra,65.3,Office Commute
2024-02-20 06:21,2024-02-20 07:42,Business,Patna,Nashik,44.9,Client Pickup
2024-02-19 18:17,2024-02-19 20:14,Personal,Hyderabad,Rajkot,67.5,Errand/Supplies
2024-06-10 22:43,2024-06-11 00:21,Business,Mumbai,Kota,57.9,Delivery Task
2024-12-16 12:24,2024-12-16 14:33,Business,Dewas,Hubli,76.4,Meeting
2024-04-18 22:44,2024-04-19 00:27,Business,Navi Mumbai,Vijayawada,59.0,Meeting
2024-02-19 08:57,2024-02-19 10:23,Business,Mumbai,Surat,47.8,Conference Visit
2024-10-02 00:00,2024-10-02 02:06,Business,Surat,Navi Mumbai,76.5,Client Meeting
2024-07-17 10:29,2024-07-17 11:38,Business,Thiruvananthapuram,Mumbai,40.8,Client Meeting
2024-07-24 12:49,2024-07-24 14:28,Business,Jaipur,Solapur,52.9,Errand/Supplies
2024-10-09 15:50,2024-10-09 17:59,Business,Kolkata,Nagpur,77.9,Field Work
2024-10-26 00:24,2024-10-26 01:48,Business,Aurangabad,Kochi,47.7,Meal/Entertain
2024-07-02 23:38,2024-07-03 01:36,Business,Raipur,Chandigarh,71.1,Site Inspection
2024-10-31 08:28,2024-10-31 10:14,Business,Dhanbad,Navi Mumbai,62.5,Meal/Entertain
2024-07-27 06:46,2024-07-27 08:33,Business,Hubli,Lonavala,64.2,Errand/Supplies
2024-08-20 01:54,2024-08-20 03:59,Business,Thiruvananthapuram,Thane,78.3,Office Commute
2024-07-22 07:23,2024-07-22 09:30,Business,Gwalior,Rajkot,75.4,Errand/Supplies
2024-11-27 03:44,2024-11-27 05:31,Business,Faridabad,Surat,68.0,Temporary Site
2024-01-12 04:38,2024-01-12 06:13,Personal,Howrah,Ghaziabad,51.8,Field Work
2024-02-27 07:52,2024-02-27 10:05,Personal,Bangalore,Jabalpur,76.4,Errand/Supplies
2024-10-21 13:22,2024-10-21 15:12,Business,Navi Mumbai,Jaipur,63.8,Customer Visit
2024-10-01 07:09,2024-10-01 08:44,Business,Bengaluru,Visakhapatnam,51.0,Office Commute
2024-01-07 14:02,2024-01-07 15:29,Business,Gwalior,Chennai,52.9,Team Outing
2024-02-25 01:13,2024-02-25 02:56,Personal,Amritsar,Vadodara,59.1,Customer Visit
2024-06-17 15:35,2024-06-17 16:51,Business,Thrissur,Rajkot,41.0,Customer Visit
2024-01-14 09:52,2024-01-14 11:56,Business,Jodhpur,Coimbatore,73.4,Delivery Task
2024-07-17 17:28,2024-07-17 18:36,Business,Hubli,Mumbai,41.6,Office Commute
2024-12-25 23:47,2024-12-26 01:23,Business,Rajkot,Raipur,59.9,Delivery Task
2024-10-04 05:35,2024-10-04 06:56,Business,Bhubaneswar,Chandigarh,46.5,Customer Visit
2024-02-01 12:27,2024-02-01 14:06,Personal,Bangalore,Solapur,54.3,Customer Visit
2024-01-25 03:17,2024-01-25 04:59,Business,Hyderabad,Solapur,56.0,Delivery Task
2024-11-15 13:28,2024-11-15 14:44,Business,Noida,Surat,46.2,Airport Pickup
2024-12-19 23:05,2024-12-20 00:24,Business,Thiruvananthapuram,Dewas,44.6,Site Inspection
2024-09-27 19:11,2024-09-27 21:01,Business,Dhanbad,Faridabad,65.7,Weekend Trip
2024-12-04 01:29,2024-12-04 07:55,Business,Kota,Allahabad,251.7,Conference Visit
2024-09-17 07:18,2024-09-17 09:20,Business,Lucknow,Hubli,70.2,Errand/Supplies
2024-09-17 01:30,2024-09-17 03:17,Business,Ahmedabad,Lucknow,59.7,Customer Visit
2024-01-03 18:39,2024-01-03 20:29,Business,Meerut,Aurangabad,63.3,Weekend Trip
2024-12-14 23:21,2024-12-15 00:53,Business,Pune,Bangalore,54.7,Site Inspection
2024-08-31 18:23,2024-08-31 19:37,Business,Jodhpur,Dewas,40.3,Meeting
2024-11-20 05:06,2024-11-20 06:40,Business,Guwahati,Meerut,55.5,Office Commute
2024-12-14 17:17,2024-12-14 18:41,Business,Solapur,Nagpur,47.8,Meal/Entertain
2024-06-22 00:45,2024-06-22 02:29,Business,Jodhpur,Bhopal,58.1,Customer Visit
2024-02-11 10:47,2024-02-11 12:21,Business,Dewas,Coimbatore,55.5,Office Commute
2024-11-19 11:28,2024-11-19 13:23,Business,Delhi,Solapur,69.9,Field Work
2024-01-22 02:44,2024-01-22 04:17,Personal,Varanasi,Mysore,54.4,Delivery Task
2024-07-17 11:47,2024-07-17 13:07,Business,Mumbai,Varanasi,50.1,Conference Visit
2024-05-09 16:28,2024-05-09 17:49,Personal,Howrah,Agra,47.2,Conference Visit
2024-05-31 18:05,2024-05-31 19:34,Business,Lonavala,Rajkot,53.1,Site Inspection
2024-11-04 17:57,2024-11-04 19:44,Personal,Vijayawada,Lonavala,63.9,Client Pickup
2024-01-13 02:48,2024-01-13 03:54,Business,Aurangabad,Nashik,40.0,Office Commute
2024-04-27 20:19,2024-04-27 22:33,Business,Tiruchirappalli,Agra,77.2,Meeting
2024-01-21 19:00,2024-01-21 20:25,Business,Jaipur,Rajkot,46.4,Meeting
2024-12-06 09:03,2024-12-06 10:44,Business,Dewas,Noida,56.9,Customer Visit
2024-10-26 05:03,2024-10-26 06:10,Business,Aurangabad,Guwahati,40.9,Meal/Entertain
2024-12-27 05:24,2024-12-27 06:50,Business,Vasai,Bhopal,50.5,Client Meeting
2024-11-03 21:04,2024-11-03 23:06,Business,Bhopal,Vijayawada,78.1,Meeting
2024-02-13 17:23,2024-02-13 18:40,Business,Varanasi,Visakhapatnam,47.0,Team Outing
2024-09-26 21:06,2024-09-26 23:12,Business,Rajkot,Faridabad,75.5,Office Commute
2024-10-11 01:27,2024-10-11 03:04,Business,Guwahati,Ahmedabad,59.2,Site Inspection
2024-01-15 10:22,2024-01-15 12:04,Personal,Dewas,Aurangabad,55.1,Client Meeting
2024-01-06 03:40,2024-01-06 04:56,Business,Kanpur,Thrissur,47.0,Meeting
2024-10-02 16:45,2024-10-02 18:51,Business,Patiala,Aurangabad,75.1,Meeting
2024-09-17 16:26,2024-09-17 17:55,Business,Rajkot,Kota,50.7,Meal/Entertain
2024-01-01 18:09,2024-01-01 19:41,Business,Vadodara,Delhi,57.9,Temporary Site
2024-09-29 23:56,2024-09-30 01:42,Personal,Vadodara,Mumbai,57.4,Client Pickup
2024-04-21 06:31,2024-04-21 08:31,Personal,Surat,Dhanbad,69.7,Delivery Task
2024-07-30 11:57,2024-07-30 13:56,Business,Bangalore,Nagpur,72.8,Conference Visit
2024-07-29 00:18,2024-07-29 02:10,Business,Jabalpur,Patiala,69.0,Site Inspection
2024-08-13 07:57,2024-08-13 09:38,Business,Hubli,Ranchi,56.3,Airport Pickup
2024-02-27 08:02,2024-02-27 10:08,Business,Jabalpur,Kolkata,70.7,Errand/Supplies
2024-02-03 13:43,2024-02-03 15:53,Personal,Patna,Madurai,78.5,Meeting
2024-06-30 04:36,2024-06-30 06:16,Business,Varanasi,Bhubaneswar,54.3,Delivery Task
2024-01-17 14:30,2024-01-17 15:54,Personal,Solapur,Madurai,46.6,Airport Pickup
2024-08-20 13:09,2024-08-20 15:01,Personal,Lucknow,Vijayawada,65.0,Meeting
2024-11-06 04:45,2024-11-06 06:03,Personal,Madurai,Navi Mumbai,46.4,Site Inspection
2024-02-01 17:54,2024-02-01 19:53,Business,Thiruvananthapuram,Surat,67.7,Meal/Entertain
2024-07-20 18:43,2024-07-20 20:23,Business,Varanasi,Bhopal,61.8,Airport Pickup
2024-12-31 22:46,2025-01-01 00:29,Personal,Mumbai,Agra,62.0,Office Commute
2024-07-08 23:29,2024-07-09 01:24,Business,Ranchi,Dhanbad,71.5,Customer Visit
2024-12-29 20:48,2024-12-29 22:27,Personal,Hubli,Rajkot,54.9,Delivery Task
2024-05-16 08:48,2024-05-16 10:19,Business,Ludhiana,Patiala,48.8,Meeting
2024-09-07 01:36,2024-09-07 03:08,Business,Pune,Solapur,49.0,Office Commute
2024-10-05 03:29,2024-10-05 05:19,Personal,Chandigarh,Thrissur,70.1,Site Inspection
2024-07-11 07:37,2024-07-11 09:34,Business,Vasai,Surat,72.0,Airport Drop
2024-10-20 12:34,2024-10-20 14:09,Business,Vijayawada,Aurangabad,52.3,Airport Pickup
2024-11-12 07:38,2024-11-12 09:27,Business,Howrah,Thiruvananthapuram,65.5,Office Commute
2024-09-21 06:32,2024-09-21 08:28,Business,Ahmedabad,Bhopal,73.1,Delivery Task
2024-05-18 20:16,2024-05-18 21:40,Business,Aurangabad,Ghaziabad,44.8,Delivery Task
2024-05-25 14:28,2024-05-25 15:59,Business,Agra,Pune,53.7,Customer Visit
2024-09-03 16:40,2024-09-03 18:41,Business,Howrah,Kanpur,76.8,Site Inspection
2024-05-16 12:11,2024-05-16 13:46,Business,Patna,Lonavala,60.0,Client Pickup
2024-10-19 09:42,2024-10-19 11:37,Personal,Ghaziabad,Pune,71.9,Weekend Trip
2024-09-22 23:14,2024-09-23 01:26,Business,Kanpur,Pune,75.2,Office Commute
2024-07-30 03:58,2024-07-30 05:33,Business,Ahmedabad,Jaipur,59.0,Site Inspection
2024-12-24 04:33,2024-12-24 06:23,Personal,Bangalore,Faridabad,68.6,Errand/Supplies
2024-07-01 06:00,2024-07-01 07:20,Business,Kolkata,Jaipur,49.7,Client Meeting
2024-06-24 05:28,2024-06-24 07:21,Personal,Hubli,Howrah,68.2,Errand/Supplies
2024-08-18 11:09,2024-08-18 12:55,Business,Nashik,Kalyan,67.4,Meal/Entertain
2024-06-28 21:09,2024-06-28 22:52,Business,Visakhapatnam,Lucknow,60.1,Weekend Trip
2024-01-19 22:03,2024-01-19 23:55,Personal,Pune,Mumbai,66.1,Conference Visit
2024-12-16 09:41,2024-12-16 11:29,Business,Mysore,Bhopal,59.6,Client Meeting
2024-05-08 17:01,2024-05-08 18:36,Business,Gwalior,Tiruchirappalli,51.6,Customer Visit
2024-03-18 07:57,2024-03-18 10:07,Business,Bhopal,Patna,73.5,Meeting
2024-10-26 23:52,2024-10-27 02:03,Business,Lonavala,Faridabad,76.2,Client Pickup
2024-09-22 06:19,2024-09-22 07:59,Business,Allahabad,Howrah,53.6,Meal/Entertain
2024-12-20 01:14,2024-12-20 03:04,Business,Dhanbad,Raipur,68.0,Meeting
2024-08-06 13:24,2024-08-06 15:25,Business,Bengaluru,Chennai,77.9,Client Meeting
2024-01-08 23:25,2024-01-09 01:23,Business,Kochi,Lonavala,68.0,Meeting
2024-04-18 07:33,2024-04-18 09:19,Business,Navi Mumbai,Madurai,58.9,Client Meeting
2024-04-12 01:14,2024-04-12 02:33,Business,Meerut,Pune,42.6,Customer Visit
2024-12-26 08:21,2024-12-26 09:44,Business,Kota,Jodhpur,49.7,Errand/Supplies
2024-09-15 02:54,2024-09-15 04:39,Business,Bhopal,Ahmedabad,62.8,Delivery Task
2024-04-12 03:23,2024-04-12 05:05,Business,Kochi,Patiala,54.9,Client Pickup
2024-02-14 23:47,2024-02-15 01:27,Business,Aurangabad,Surat,63.3,Site Inspection
2024-09-29 10:12,2024-09-29 11:36,Business,Dhanbad,Delhi,45.3,Customer Visit
2024-08-15 09:56,2024-08-15 11:40,Business,Agra,Jabalpur,66.6,Meal/Entertain
2024-04-04 15:13,2024-04-04 16:52,Business,Howrah,Varanasi,52.8,Team Outing
2024-07-04 22:07,2024-07-04 23:46,Personal,Thane,Dewas,59.0,Site Inspection
2024-07-29 06:14,2024-07-29 07:58,Business,Bengaluru,Coimbatore,65.3,Meeting
2024-11-30 10:49,2024-11-30 12:26,Personal,Chandigarh,Patiala,60.4,Client Pickup
2024-03-04 23:25,2024-03-05 00:41,Business,Kota,Lucknow,42.9,Conference Visit
2024-12-30 03:08,2024-12-30 04:57,Business,Navi Mumbai,Solapur,65.0,Client Meeting
2024-01-17 15:56,2024-01-17 17:56,Business,Thiruvananthapuram,Ghaziabad,70.1,Conference Visit
2024-08-23 12:23,2024-08-23 13:58,Personal,Srinagar,Jodhpur,55.6,Customer Visit
2024-11-02 23:41,2024-11-03 01:35,Business,Ranchi,Vijayawada,64.6,Customer Visit
2024-08-20 14:53,2024-08-20 16:16,Personal,Noida,Vadodara,46.3,Meeting
2024-06-11 01:40,2024-06-11 03:23,Business,Lonavala,Srinagar,64.0,Meal/Entertain
2024-10-27 04:07,2024-10-27 05:59,Business,Meerut,Bangalore,71.1,Meal/Entertain
2024-11-09 08:01,2024-11-09 09:43,Business,Jabalpur,Guwahati,58.6,Office Commute
2024-04-29 16:05,2024-04-29 17:44,Personal,Howrah,Thrissur,53.1,Errand/Supplies
2024-09-24 08:50,2024-09-24 10:51,Business,Lucknow,Lonavala,74.8,Conference Visit
2024-05-12 23:29,2024-05-13 01:05,Business,Kota,Hyderabad,59.6,Weekend Trip
2024-04-22 05:10,2024-04-22 06:38,Business,Ghaziabad,Navi Mumbai,50.9,Site Inspection
2024-08-07 19:38,2024-08-07 21:43,Business,Hubli,Visakhapatnam,76.3,Meal/Entertain
2024-09-19 13:42,2024-09-19 15:20,Business,Indore,Howrah,53.4,Client Pickup
2024-03-14 03:34,2024-03-14 05:23,Business,Guwahati,Ghaziabad,66.8,Customer Visit
2024-09-23 09:47,2024-09-23 11:14,Business,Thane,Srinagar,47.6,Temporary Site
2024-06-28 16:35,2024-06-28 17:57,Personal,Raipur,Madurai,48.2,Customer Visit
2024-04-05 22:27,2024-04-05 23:55,Business,Bhopal,Rajkot,51.7,Customer Visit
2024-12-10 13:59,2024-12-10 15:39,Business,Nagpur,Surat,53.5,Errand/Supplies
2024-12-28 03:22,2024-12-28 05:24,Personal,Jabalpur,Faridabad,68.7,Errand/Supplies
2024-04-08 01:48,2024-04-08 03:32,Personal,Madurai,Hyderabad,64.2,Meeting
2024-01-26 20:15,2024-01-26 21:49,Business,Jaipur,Thiruvananthapuram,55.7,Weekend Trip
2024-12-29 00:30,2024-12-29 02:12,Business,Thane,Visakhapatnam,59.8,Field Work
2024-06-15 02:31,2024-06-15 04:06,Business,Lucknow,Mumbai,50.6,Field Work
2024-02-16 09:18,2024-02-16 10:50,Business,Nagpur,Bengaluru,55.5,Customer Visit
2024-01-22 03:59,2024-01-22 05:53,Business,Coimbatore,Bhopal,72.1,Customer Visit
2024-04-14 05:48,2024-04-14 07:29,Business,Tiruchirappalli,Aurangabad,61.9,Meal/Entertain
2024-03-20 13:44,2024-03-20 15:31,Business,Surat,Bengaluru,67.5,Office Commute
2024-05-11 02:42,2024-05-11 03:55,Business,Vasai,Patiala,40.4,Meal/Entertain
2024-08-22 10:31,2024-08-22 11:57,Business,Gwalior,Kanpur,48.8,Site Inspection
2024-01-09 21:56,2024-01-09 23:25,Business,Visakhapatnam,Meerut,49.5,Meeting
2024-05-28 20:21,2024-05-28 22:30,Business,Solapur,Dhanbad,78.7,Weekend Trip
2024-04-14 18:03,2024-04-14 19:59,Personal,Madurai,Nashik,64.6,Customer Visit
2024-04-03 23:49,2024-04-04 01:32,Business,Bhopal,Bengaluru,56.3,Airport Drop
2024-04-18 12:51,2024-04-18 14:54,Business,Nashik,Chennai,76.7,Delivery Task
2024-11-30 08:07,2024-11-30 09:50,Business,Agra,Faridabad,57.4,Errand/Supplies
2024-06-07 15:49,2024-06-07 17:58,Business,Kochi,Dewas,73.9,Office Commute
2024-08-26 20:42,2024-08-26 22:22,Personal,Kochi,Chandigarh,55.4,Client Pickup
2024-09-18 11:42,2024-09-18 13:14,Personal,Ahmedabad,Madurai,48.2,Airport Pickup
2024-01-09 01:05,2024-01-09 02:45,Business,Kanpur,Surat,53.7,Delivery Task
2024-03-20 19:06,2024-03-20 20:48,Business,Lucknow,Nashik,57.7,Airport Pickup
2024-09-22 08:37,2024-09-22 10:44,Personal,Chandigarh,Raipur,73.5,Delivery Task
2024-05-17 04:40,2024-05-17 06:10,Business,Chennai,Surat,48.7,Client Meeting
2024-05-27 08:40,2024-05-27 10:53,Business,Guwahati,Faridabad,75.9,Conference Visit
2024-09-27 21:55,2024-09-27 23:16,Personal,Ahmedabad,Patna,49.8,Temporary Site
2024-05-14 01:20,2024-05-14 02:59,Business,Kochi,Raipur,55.6,Office Commute
2024-12-19 02:14,2024-12-19 04:15,Business,Jaipur,Ahmedabad,69.0,Customer Visit
2024-05-22 08:54,2024-05-22 10:20,Business,Bangalore,Kanpur,49.1,Field Work
2024-09-07 11:55,2024-09-07 13:57,Personal,Kota,Chennai,74.1,Meal/Entertain
2024-10-22 10:20,2024-10-22 11:53,Personal,Tiruchirappalli,Allahabad,54.6,Conference Visit
2024-09-27 00:47,2024-09-27 01:58,Business,Bangalore,Raipur,43.7,Meeting
2024-02-27 21:03,2024-02-27 22:32,Business,Ghaziabad,Bangalore,50.2,Weekend Trip
2024-03-13 05:49,2024-03-13 07:53,Business,Chandigarh,Tiruchirappalli,74.8,Delivery Task
2024-12-04 13:51,2024-12-04 15:02,Business,Kalyan,Howrah,42.7,Delivery Task
2024-12-04 14:01,2024-12-04 15:57,Business,Nashik,Amritsar,71.3,Customer Visit
2024-03-06 05:11,2024-03-06 06:48,Business,Gwalior,Meerut,56.9,Meal/Entertain
2024-01-30 22:08,2024-01-30 23:51,Personal,Ahmedabad,Thane,64.1,Errand/Supplies
2024-07-26 08:48,2024-07-26 10:42,Business,Srinagar,Bengaluru,71.3,Temporary Site
2024-03-10 11:41,2024-03-10 13:12,Business,Srinagar,Kolkata,54.8,Meeting
2024-05-06 09:40,2024-05-06 11:37,Business,Madurai,Visakhapatnam,71.5,Weekend Trip
2024-07-14 22:22,2024-07-14 23:29,Business,Srinagar,Guwahati,40.8,Client Meeting
2024-11-24 18:17,2024-11-24 19:54,Personal,Jodhpur,Bhubaneswar,58.8,Errand/Supplies
2024-10-31 03:33,2024-10-31 05:08,Business,Faridabad,Vadodara,54.7,Site Inspection
2024-10-04 01:38,2024-10-04 03:32,Personal,Kolkata,Faridabad,68.4,Weekend Trip
2024-05-26 13:51,2024-05-26 15:02,Business,Chennai,Navi Mumbai,41.7,Client Meeting
2024-09-20 02:59,2024-09-20 05:04,Business,Agra,Gwalior,72.0,Airport Pickup
2024-06-30 05:12,2024-06-30 07:21,Personal,Meerut,Madurai,75.6,Meal/Entertain
2024-06-06 08:43,2024-06-06 10:46,Business,Surat,Nagpur,73.5,Meeting
2024-07-13 01:47,2024-07-13 03:26,Business,Ludhiana,Visakhapatnam,60.1,Client Meeting
2024-05-22 17:21,2024-05-22 19:11,Business,Thane,Allahabad,64.0,Meeting
2024-04-26 07:42,2024-04-26 09:20,Business,Bhopal,Nagpur,55.3,Airport Pickup
2024-03-24 17:15,2024-03-24 19:18,Business,Ahmedabad,Hubli,70.0,Office Commute
2024-08-17 07:12,2024-08-17 08:48,Business,Srinagar,Navi Mumbai,58.0,Airport Pickup
2024-01-07 08:39,2024-01-07 10:05,Personal,Noida,Surat,49.8,Errand/Supplies
2024-10-03 20:37,2024-10-03 22:20,Business,Vasai,Kochi,56.0,Meeting
2024-01-20 22:34,2024-01-20 23:53,Business,Jabalpur,Varanasi,45.2,Client Pickup
2024-05-25 06:15,2024-05-25 07:27,Personal,Chandigarh,Vasai,44.1,Office Commute
2024-12-04 16:40,2024-12-04 18:51,Personal,Indore,Kolkata,75.5,Office Commute
2024-08-02 05:20,2024-08-02 07:29,Business,Aurangabad,Nagpur,72.8,Delivery Task
2024-01-27 07:31,2024-01-27 09:37,Business,Allahabad,Visakhapatnam,73.9,Customer Visit
2024-01-05 07:03,2024-01-05 08:41,Business,Hyderabad,Delhi,60.3,Meeting
2024-01-10 14:04,2024-01-10 15:31,Business,Chandigarh,Ranchi,50.8,Airport Drop
2024-05-09 17:29,2024-05-09 19:14,Personal,Navi Mumbai,Ludhiana,57.9,Office Commute
2024-11-07 03:56,2024-11-07 05:26,Personal,Indore,Nashik,54.7,Office Commute
2024-07-18 14:33,2024-07-18 16:04,Business,Varanasi,Kochi,57.3,Client Pickup
2024-07-15 11:46,2024-07-15 13:38,Personal,Patiala,Srinagar,70.0,Office Commute
2024-10-04 09:29,2024-10-04 11:07,Business,Chandigarh,Visakhapatnam,53.2,Site Inspection
2024-10-22 23:22,2024-10-22 23:44,Business,Rajkot,Rajkot,7.9,Meal/Entertain
2024-01-17 06:27,2024-01-17 07:56,Business,Bangalore,Nashik,55.8,Meeting
2024-08-09 02:12,2024-08-09 03:34,Personal,Howrah,Agra,47.8,Errand/Supplies
2024-07-31 10:55,2024-07-31 12:17,Business,Kalyan,Thane,46.1,Conference Visit
2024-07-06 10:45,2024-07-06 12:07,Business,Vijayawada,Dewas,50.6,Office Commute
2024-09-18 05:11,2024-09-18 06:40,Business,Dhanbad,Kolkata,46.6,Field Work
2024-05-13 02:32,2024-05-13 04:36,Personal,Bhopal,Bangalore,72.5,Team Outing
2024-08-04 22:14,2024-08-04 23:44,Business,Tiruchirappalli,Kota,50.3,Conference Visit
2024-09-21 20:18,2024-09-21 21:40,Business,Navi Mumbai,Patiala,46.2,Meeting
2024-11-12 11:42,2024-11-12 13:01,Business,Thane,Nagpur,49.8,Client Pickup
2024-04-26 17:30,2024-04-26 19:46,Business,Kanpur,Kota,77.6,Office Commute
2024-11-16 00:52,2024-11-16 02:16,Business,Rajkot,Jodhpur,50.3,Office Commute
2024-04-06 14:24,2024-04-06 15:56,Business,Meerut,Dhanbad,48.8,Office Commute
2024-07-15 10:48,2024-07-15 12:45,Business,Vasai,Chandigarh,67.9,Errand/Supplies
2024-04-26 03:40,2024-04-26 05:21,Personal,Kalyan,Ranchi,62.7,Client Pickup
2024-09-14 10:30,2024-09-14 12:33,Business,Faridabad,Chennai,77.9,Errand/Supplies
2024-06-06 15:29,2024-06-06 16:50,Business,Srinagar,Hubli,42.3,Client Meeting
2024-12-30 03:00,2024-12-30 04:17,Business,Chandigarh,Kalyan,41.2,Errand/Supplies
2024-07-10 00:28,2024-07-10 02:37,Personal,Bhopal,Howrah,75.2,Site Inspection
2024-04-21 06:04,2024-04-21 08:07,Business,Mysore,Dewas,74.0,Office Commute
2024-05-07 01:11,2024-05-07 02:37,Business,Nashik,Thane,46.4,Site Inspection
2024-10-13 09:20,2024-10-13 10:29,Business,Tiruchirappalli,Bangalore,43.3,Airport Pickup
2024-12-28 20:59,2024-12-28 23:01,Business,Chandigarh,Madurai,75.9,Office Commute
2024-04-23 04:15,2024-04-23 05:32,Business,Amritsar,Agra,41.3,Weekend Trip
2024-09-15 16:06,2024-09-15 16:41,Personal,Patna,Patna,19.0,Office Commute
2024-01-16 02:58,2024-01-16 04:24,Business,Allahabad,Chennai,53.2,Client Pickup
2024-11-16 02:00,2024-11-16 04:13,Business,Allahabad,Nashik,75.9,Meal/Entertain
2024-07-23 07:29,2024-07-23 09:12,Business,Bengaluru,Guwahati,64.6,Errand/Supplies
2024-08-23 09:53,2024-08-23 11:09,Personal,Thrissur,Nashik,42.6,Customer Visit
2024-07-11 18:55,2024-07-11 20:37,Personal,Chennai,Noida,60.6,Airport Drop
2024-11-10 16:16,2024-11-10 18:16,Business,Pune,Gwalior,67.8,Airport Drop
2024-11-12 08:58,2024-11-12 10:54,Business,Indore,Lucknow,66.1,Customer Visit
2024-11-24 23:45,2024-11-25 01:46,Business,Kalyan,Thane,71.8,Site Inspection
2024-09-30 02:37,2024-09-30 04:13,Business,Patiala,Hubli,58.5,Conference Visit
2024-02-18 23:25,2024-02-19 01:33,Business,Allahabad,Bangalore,79.9,Meal/Entertain
2024-05-04 06:09,2024-05-04 07:40,Business,Rajkot,Aurangabad,53.3,Field Work
2024-09-07 05:24,2024-09-07 06:45,Business,Raipur,Kota,44.9,Office Commute
2024-01-14 03:22,2024-01-14 05:06,Business,Visakhapatnam,Raipur,58.9,Meeting
2024-01-13 04:28,2024-01-13 05:44,Personal,Chennai,Jodhpur,42.6,Site Inspection
2024-06-03 08:52,2024-06-03 10:34,Business,Jaipur,Coimbatore,58.5,Client Pickup
2024-10-01 17:18,2024-10-01 19:20,Business,Kochi,Bhubaneswar,69.8,Field Work
2024-12-03 03:35,2024-12-03 05:30,Business,Patiala,Hubli,70.1,Site Inspection
2024-06-10 11:32,2024-06-10 13:36,Business,Agra,Vadodara,78.2,Delivery Task
2024-12-09 09:31,2024-12-09 10:48,Business,Lonavala,Varanasi,45.9,Site Inspection
2024-12-18 08:42,2024-12-18 10:50,Business,Faridabad,Lucknow,78.3,Weekend Trip
2024-09-02 06:21,2024-09-02 08:23,Business,Rajkot,Coimbatore,70.8,Customer Visit
2024-01-02 01:30,2024-01-02 03:00,Business,Raipur,Hyderabad,54.9,Airport Pickup
2024-03-22 23:14,2024-03-23 00:53,Business,Kota,Srinagar,60.0,Delivery Task
2024-07-15 02:45,2024-07-15 04:42,Business,Hyderabad,Patna,69.5,Errand/Supplies
2024-08-25 20:34,2024-08-25 22:44,Business,Ludhiana,Jodhpur,79.7,Errand/Supplies
2024-06-25 16:27,2024-06-25 18:29,Business,Kanpur,Srinagar,72.0,Errand/Supplies
2024-01-07 22:58,2024-01-08 00:33,Business,Madurai,Solapur,51.4,Team Outing
2024-11-18 03:59,2024-11-18 05:20,Personal,Mysore,Navi Mumbai,42.5,Customer Visit
2024-03-30 16:33,2024-03-30 18:24,Business,Visakhapatnam,Kolkata,64.4,Meeting
2024-12-12 05:30,2024-12-12 06:51,Business,Thrissur,Mysore,50.6,Client Meeting
2024-06-02 07:55,2024-06-02 09:42,Business,Thiruvananthapuram,Dhanbad,63.2,Meal/Entertain
2024-11-15 01:00,2024-11-15 02:32,Business,Agra,Ludhiana,48.9,Site Inspection
2024-07-26 20:57,2024-07-26 23:03,Business,Faridabad,Jodhpur,72.1,Site Inspection
2024-10-24 18:54,2024-10-24 20:51,Business,Ahmedabad,Lucknow,69.3,Customer Visit
2024-08-13 07:38,2024-08-13 09:18,Business,Srinagar,Nagpur,59.9,Client Meeting
2024-11-28 03:21,2024-11-28 05:19,Business,Madurai,Patiala,71.2,Field Work
2024-07-30 16:21,2024-07-30 17:51,Business,Visakhapatnam,Jaipur,53.1,Conference Visit
2024-04-05 09:07,2024-04-05 10:46,Business,Agra,Patna,53.2,Weekend Trip
2024-04-10 06:32,2024-04-10 08:27,Personal,Ahmedabad,Bengaluru,70.0,Meeting
2024-12-17 20:06,2024-12-17 21:48,Personal,Patiala,Gwalior,56.6,Client Meeting
2024-12-27 20:27,2024-12-27 21:46,Business,Dewas,Rajkot,43.9,Meal/Entertain
2024-01-30 14:28,2024-01-30 16:15,Personal,Howrah,Madurai,65.6,Team Outing
2024-04-03 00:46,2024-04-03 01:53,Business,Vadodara,Bhopal,40.1,Field Work
2024-03-10 12:07,2024-03-10 12:50,Business,Srinagar,Srinagar,23.9,Meal/Entertain
2024-11-20 08:32,2024-11-20 10:21,Business,Solapur,Kochi,60.0,Client Pickup
2024-11-01 01:21,2024-11-01 03:04,Business,Lucknow,Bhopal,64.6,Meeting
2024-11-09 06:04,2024-11-09 07:25,Personal,Indore,Surat,47.1,Meeting
2024-08-28 22:00,2024-08-29 00:01,Business,Madurai,Ghaziabad,76.4,Meeting
2024-11-12 14:22,2024-11-12 15:42,Business,Aurangabad,Chennai,46.4,Field Work
2024-05-12 02:42,2024-05-12 04:20,Business,Kota,Visakhapatnam,54.1,Client Meeting
2024-10-28 07:33,2024-10-28 09:38,Business,Surat,Solapur,72.3,Airport Drop
2024-10-27 09:12,2024-10-27 10:57,Business,Dewas,Chennai,65.5,Office Commute
2024-10-30 05:15,2024-10-30 07:31,Business,Ranchi,Dhanbad,77.4,Delivery Task
2024-05-23 06:07,2024-05-23 07:37,Business,Meerut,Srinagar,52.9,Conference Visit
2024-09-15 02:20,2024-09-15 03:37,Business,Vasai,Allahabad,40.7,Meal/Entertain
2024-05-02 09:35,2024-05-02 11:44,Business,Noida,Hyderabad,73.5,Meal/Entertain
2024-08-06 00:44,2024-08-06 02:27,Personal,Bangalore,Bhubaneswar,63.8,Client Pickup
2024-08-02 05:19,2024-08-02 07:07,Business,Mysore,Bhubaneswar,62.1,Field Work
2024-09-04 19:20,2024-09-04 21:22,Business,Bhopal,Nashik,71.4,Meeting
2024-01-16 02:56,2024-01-16 04:29,Business,Faridabad,Howrah,57.0,Errand/Supplies
2024-09-27 06:19,2024-09-27 08:31,Personal,Amritsar,Howrah,79.9,Client Meeting
2024-11-26 00:07,2024-11-26 01:41,Personal,Thiruvananthapuram,Jaipur,51.2,Office Commute
2024-10-13 20:30,2024-10-13 22:13,Business,Aurangabad,Ludhiana,59.9,Conference Visit
2024-02-23 08:53,2024-02-23 10:06,Business,Kalyan,Ahmedabad,43.7,Airport Drop
2024-05-09 15:06,2024-05-09 16:36,Business,Jabalpur,Bhopal,50.6,Meeting
2024-11-06 20:00,2024-11-06 21:19,Business,Varanasi,Bhopal,48.5,Team Outing
2024-08-01 16:18,2024-08-01 18:15,Personal,Dhanbad,Amritsar,73.7,Meeting
2024-09-25 03:45,2024-09-25 05:33,Business,Thane,Raipur,63.1,Errand/Supplies
2024-06-05 18:17,2024-06-05 19:29,Personal,Vijayawada,Meerut,44.0,Meal/Entertain
2024-05-09 10:16,2024-05-09 11:34,Business,Howrah,Vijayawada,43.7,Meeting
2024-08-16 11:23,2024-08-16 12:33,Business,Ranchi,Amritsar,43.8,Customer Visit
2024-05-20 05:57,2024-05-20 07:42,Business,Bengaluru,Vasai,58.8,Errand/Supplies
2024-08-05 22:40,2024-08-06 00:27,Business,Madurai,Bengaluru,63.6,Errand/Supplies
2024-08-08 23:36,2024-08-09 01:22,Business,Bangalore,Hyderabad,65.9,Team Outing
2024-11-15 07:13,2024-11-15 08:35,Business,Navi Mumbai,Thane,46.8,Team Outing
2024-08-11 23:08,2024-08-12 01:11,Business,Kalyan,Agra,75.0,Meal/Entertain
2024-08-26 03:58,2024-08-26 05:40,Business,Lonavala,Meerut,57.2,Meal/Entertain
2024-06-06 02:24,2024-06-06 04:02,Business,Delhi,Thiruvananthapuram,53.8,Conference Visit
2024-11-28 11:48,2024-11-28 13:11,Business,Vijayawada,Mysore,50.0,Office Commute
2024-01-01 13:32,2024-01-01 15:16,Personal,Raipur,Kalyan,64.2,Field Work
2024-02-19 18:49,2024-02-19 20:14,Business,Jodhpur,Mysore,50.1,Field Work
2024-04-06 14:47,2024-04-06 16:54,Business,Thiruvananthapuram,Noida,78.7,Temporary Site
2024-01-19 02:00,2024-01-19 03:22,Personal,Raipur,Allahabad,50.0,Office Commute
2024-02-13 17:38,2024-02-13 18:56,Business,Patna,Jodhpur,48.7,Office Commute
2024-01-06 08:15,2024-01-06 10:22,Personal,Noida,Dewas,73.2,Client Meeting
2024-10-08 07:05,2024-10-08 08:21,Business,Bengaluru,Hyderabad,45.8,Customer Visit
2024-09-13 03:10,2024-09-13 04:47,Business,Vadodara,Jabalpur,56.4,Client Pickup
2024-03-21 07:20,2024-03-21 09:15,Business,Kochi,Patiala,65.4,Client Meeting
2024-09-14 05:06,2024-09-14 07:09,Business,Indore,Delhi,74.3,Customer Visit
2024-04-07 21:50,2024-04-07 22:15,Business,Lonavala,Lonavala,13.7,Errand/Supplies
2024-11-19 18:33,2024-11-19 20:25,Personal,Kanpur,Kolkata,71.3,Customer Visit
2024-02-12 21:09,2024-02-12 22:35,Business,Ranchi,Kolkata,48.2,Office Commute
2024-01-06 08:19,2024-01-06 10:04,Business,Chandigarh,Gwalior,57.0,Meeting
2024-05-15 02:07,2024-05-15 03:56,Business,Surat,Solapur,63.5,Airport Drop
2024-04-17 00:55,2024-04-17 02:56,Business,Noida,Dhanbad,67.5,Customer Visit
2024-12-17 09:24,2024-12-17 10:46,Business,Jaipur,Guwahati,48.8,Field Work
2024-03-26 00:02,2024-03-26 01:40,Business,Ahmedabad,Srinagar,59.4,Errand/Supplies
2024-09-24 22:24,2024-09-25 00:03,Business,Bhopal,Guwahati,60.9,Office Commute
2024-10-16 20:58,2024-10-16 23:03,Business,Guwahati,Vadodara,72.0,Meal/Entertain
2024-04-03 16:23,2024-04-03 18:30,Business,Ahmedabad,Aurangabad,75.4,Meeting
2024-12-27 17:00,2024-12-27 19:07,Business,Ghaziabad,Thane,78.3,Conference Visit
2024-01-08 14:24,2024-01-08 15:39,Business,Navi Mumbai,Lonavala,40.1,Client Pickup
2024-05-12 13:06,2024-05-12 14:36,Business,Srinagar,Pune,56.8,Conference Visit
2024-10-06 23:05,2024-10-07 01:06,Business,Kota,Delhi,69.3,Team Outing
2024-09-01 05:16,2024-09-01 07:08,Business,Ghaziabad,Pune,63.4,Team Outing
2024-05-18 14:25,2024-05-18 16:06,Business,Patiala,Thrissur,62.6,Delivery Task
2024-05-06 02:33,2024-05-06 04:32,Business,Jaipur,Kota,75.6,Weekend Trip
2024-07-25 19:07,2024-07-25 21:07,Business,Tiruchirappalli,Hyderabad,70.4,Meal/Entertain
2024-09-24 20:44,2024-09-24 22:24,Business,Lonavala,Dhanbad,62.5,Meeting
2024-12-02 12:50,2024-12-02 14:09,Business,Bengaluru,Mumbai,49.3,Field Work
2024-01-29 04:43,2024-01-29 06:50,Personal,Dewas,Kolkata,79.8,Customer Visit
2024-10-13 14:53,2024-10-13 16:12,Personal,Patna,Meerut,45.4,Airport Drop
2024-12-22 14:16,2024-12-22 15:49,Business,Dewas,Jabalpur,50.3,Delivery Task
2024-12-12 20:19,2024-12-12 22:23,Business,Bhopal,Guwahati,75.6,Airport Pickup
2024-02-06 07:34,2024-02-06 09:23,Business,Bangalore,Hyderabad,64.5,Site Inspection
2024-10-22 12:12,2024-10-22 14:01,Business,Surat,Nagpur,65.2,Meal/Entertain
2024-09-12 06:27,2024-09-12 08:04,Business,Allahabad,Kota,61.6,Airport Pickup
2024-11-05 00:40,2024-11-05 02:57,Personal,Visakhapatnam,Thrissur,79.7,Client Meeting
2024-03-30 01:30,2024-03-30 03:13,Business,Varanasi,Hyderabad,60.1,Customer Visit
2024-10-19 13:31,2024-10-19 15:46,Business,Agra,Kanpur,77.4,Customer Visit
2024-08-31 13:59,2024-08-31 15:48,Business,Meerut,Pune,69.6,Conference Visit
2024-03-31 23:05,2024-04-01 01:00,Business,Patiala,Guwahati,72.9,Meeting
2024-02-21 12:11,2024-02-21 13:37,Business,Rajkot,Coimbatore,48.4,Meeting
2024-02-22 05:46,2024-02-22 07:05,Business,Kolkata,Amritsar,49.0,Field Work
2024-08-31 13:16,2024-08-31 14:42,Business,Bhopal,Rajkot,48.2,Client Meeting
2024-11-19 17:53,2024-11-19 19:44,Business,Thrissur,Patna,67.5,Customer Visit
2024-12-12 18:26,2024-12-12 20:25,Business,Kota,Jaipur,67.4,Team Outing
2024-02-29 16:57,2024-02-29 18:27,Business,Bengaluru,Bangalore,48.5,Meal/Entertain
2024-04-13 08:36,2024-04-13 10:39,Business,Bengaluru,Kanpur,72.5,Office Commute
2024-07-25 22:30,2024-07-26 00:40,Business,Varanasi,Kochi,79.9,Field Work
2024-06-21 20:24,2024-06-21 22:27,Business,Kochi,Kanpur,73.5,Airport Drop
2024-11-06 00:42,2024-11-06 02:42,Business,Hubli,Ghaziabad,77.0,Meeting
2024-06-29 12:53,2024-06-29 14:46,Business,Delhi,Jodhpur,70.9,Meeting
2024-12-15 20:21,2024-12-15 22:08,Business,Vadodara,Mysore,67.8,Delivery Task
2024-02-13 22:46,2024-02-14 01:03,Business,Dhanbad,Ranchi,78.0,Client Meeting
2024-11-13 04:14,2024-11-13 06:05,Business,Jodhpur,Vijayawada,68.5,Customer Visit
2024-11-06 06:41,2024-11-06 08:42,Business,Amritsar,Ludhiana,75.0,Customer Visit
2024-07-28 07:52,2024-07-28 09:03,Business,Faridabad,Vijayawada,43.0,Office Commute
2024-05-08 23:10,2024-05-09 00:34,Business,Hyderabad,Ludhiana,50.4,Airport Pickup
2024-11-02 19:35,2024-11-02 20:55,Business,Thiruvananthapuram,Coimbatore,45.6,Meal/Entertain
2024-06-20 18:58,2024-06-20 20:13,Business,Pune,Navi Mumbai,45.9,Site Inspection
2024-10-22 05:00,2024-10-22 06:19,Business,Kanpur,Rajkot,43.2,Client Meeting
2024-05-11 03:25,2024-05-11 05:29,Business,Kolkata,Chennai,79.7,Airport Drop
2024-11-10 09:59,2024-11-10 11:05,Business,Allahabad,Solapur,41.0,Meal/Entertain
2024-09-04 09:38,2024-09-04 11:29,Business,Bangalore,Hubli,69.7,Customer Visit
2024-02-08 03:51,2024-02-08 06:07,Business,Bangalore,Pune,78.1,Errand/Supplies
2024-11-01 19:42,2024-11-01 21:09,Business,Surat,Vasai,54.9,Field Work
2024-09-18 01:09,2024-09-18 02:35,Business,Rajkot,Chandigarh,52.5,Client Meeting
2024-04-23 10:55,2024-04-23 12:25,Business,Surat,Vijayawada,51.6,Customer Visit
2024-09-16 11:32,2024-09-16 13:00,Business,Chennai,Bangalore,45.9,Meal/Entertain
2024-02-28 11:28,2024-02-28 13:24,Business,Gwalior,Lonavala,70.7,Site Inspection
2024-01-17 11:45,2024-01-17 13:37,Business,Thiruvananthapuram,Solapur,64.9,Field Work
2024-01-02 02:03,2024-01-02 03:52,Business,Jaipur,Kota,64.0,Meal/Entertain
2024-02-04 10:38,2024-02-04 12:32,Business,Varanasi,Faridabad,65.5,Client Meeting
2024-05-26 16:36,2024-05-26 17:53,Business,Rajkot,Ludhiana,46.0,Meeting
2024-03-29 11:40,2024-03-29 13:11,Business,Faridabad,Kalyan,50.8,Temporary Site
2024-10-10 08:21,2024-10-10 10:01,Personal,Jabalpur,Patiala,63.1,Site Inspection
2024-08-21 20:00,2024-08-21 21:33,Business,Meerut,Raipur,49.6,Field Work
2024-08-30 11:48,2024-08-30 12:59,Business,Nashik,Indore,40.7,Customer Visit
2024-12-26 10:52,2024-12-26 12:48,Business,Bhubaneswar,Aurangabad,72.1,Meeting
2024-12-11 17:18,2024-12-11 18:54,Business,Vadodara,Jodhpur,61.1,Meal/Entertain
2024-09-07 00:26,2024-09-07 02:33,Business,Ghaziabad,Navi Mumbai,78.5,Customer Visit
2024-07-19 06:19,2024-07-19 08:25,Business,Meerut,Kota,77.2,Client Meeting
2024-01-25 22:04,2024-01-25 23:52,Business,Jaipur,Raipur,61.1,Customer Visit
2024-09-27 13:11,2024-09-27 14:31,Business,Guwahati,Faridabad,42.6,Meal/Entertain
2024-08-09 22:01,2024-08-09 23:25,Business,Nashik,Patna,46.8,Delivery Task
2024-06-12 00:49,2024-06-12 02:12,Business,Kalyan,Howrah,49.7,Customer Visit
2024-03-24 01:27,2024-03-24 03:06,Business,Jabalpur,Rajkot,61.1,Site Inspection
2024-01-16 20:05,2024-01-16 21:49,Business,Howrah,Srinagar,58.5,Airport Pickup
2024-10-18 09:14,2024-10-18 10:51,Business,Gwalior,Navi Mumbai,54.2,Temporary Site
2024-06-05 14:50,2024-06-05 16:04,Business,Solapur,Gwalior,41.7,Weekend Trip
2024-03-13 14:32,2024-03-13 16:18,Business,Rajkot,Patna,61.7,Meal/Entertain
2024-02-02 20:35,2024-02-02 21:56,Business,Delhi,Vadodara,40.9,Client Meeting
2024-04-22 20:35,2024-04-22 21:56,Business,Jaipur,Howrah,51.2,Site Inspection
2024-08-03 23:08,2024-08-04 00:40,Personal,Srinagar,Dhanbad,54.7,Weekend Trip
2024-06-29 20:28,2024-06-29 22:32,Personal,Thrissur,Guwahati,78.9,Meeting
2024-09-05 04:40,2024-09-05 06:03,Business,Patna,Pune,51.6,Conference Visit
2024-03-22 03:26,2024-03-22 05:37,Business,Tiruchirappalli,Gwalior,76.7,Client Pickup
2024-12-09 02:37,2024-12-09 04:20,Business,Delhi,Thrissur,63.5,Client Meeting
2024-02-09 16:20,2024-02-09 17:35,Business,Jodhpur,Rajkot,45.7,Meeting
2024-10-07 02:33,2024-10-07 04:12,Business,Bengaluru,Raipur,61.0,Meal/Entertain
2024-08-18 10:07,2024-08-18 11:25,Business,Madurai,Amritsar,47.9,Meeting
2024-06-06 06:49,2024-06-06 08:17,Business,Navi Mumbai,Patna,48.7,Airport Drop
2024-10-07 22:12,2024-10-08 00:10,Business,Dhanbad,Allahabad,74.2,Site Inspection
2024-07-11 21:15,2024-07-11 23:15,Personal,Bangalore,Vijayawada,70.5,Errand/Supplies
2024-06-07 03:21,2024-06-07 04:56,Business,Jaipur,Bengaluru,60.0,Team Outing
2024-11-10 20:09,2024-11-10 22:03,Business,Agra,Vijayawada,72.8,Airport Pickup
2024-11-21 06:58,2024-11-21 08:36,Personal,Mysore,Bengaluru,62.0,Office Commute
2024-09-29 22:55,2024-09-30 00:43,Personal,Faridabad,Pune,58.9,Meeting
2024-02-16 11:41,2024-02-16 13:57,Business,Ghaziabad,Rajkot,79.2,Site Inspection
2024-06-01 03:28,2024-06-01 05:24,Business,Vijayawada,Agra,67.2,Field Work
2024-01-30 14:43,2024-01-30 16:50,Business,Nashik,Surat,75.4,Airport Drop
2024-09-05 06:36,2024-09-05 08:42,Business,Nagpur,Aurangabad,74.8,Site Inspection
2024-07-24 18:55,2024-07-24 20:28,Business,Bengaluru,Madurai,49.3,Customer Visit
2024-03-16 14:47,2024-03-16 18:08,Personal,Hyderabad,Thrissur,127.9,Meal/Entertain
2024-08-21 18:42,2024-08-21 20:03,Personal,Thiruvananthapuram,Rajkot,48.6,Client Pickup
2024-06-11 10:32,2024-06-11 11:59,Business,Aurangabad,Faridabad,53.4,Delivery Task
2024-11-28 22:24,2024-11-29 00:19,Business,Bangalore,Ghaziabad,67.8,Client Pickup
2024-01-17 15:25,2024-01-17 17:37,Personal,Bhubaneswar,Ludhiana,77.6,Office Commute
2024-07-10 05:16,2024-07-10 06:53,Personal,Navi Mumbai,Ahmedabad,53.5,Office Commute
2024-07-20 16:35,2024-07-20 17:12,Business,Kanpur,Kanpur,19.9,Temporary Site
2024-01-07 23:28,2024-01-08 01:20,Personal,Bhopal,Ranchi,71.2,Customer Visit
2024-03-19 21:47,2024-03-19 23:34,Personal,Delhi,Vadodara,60.8,Team Outing
2024-12-04 08:30,2024-12-04 09:40,Business,Jaipur,Jodhpur,43.5,Meeting
2024-12-31 04:19,2024-12-31 05:34,Business,Jaipur,Chandigarh,42.9,Customer Visit
2024-05-12 06:00,2024-05-12 07:31,Business,Bengaluru,Coimbatore,50.2,Office Commute
2024-06-18 10:03,2024-06-18 11:44,Business,Amritsar,Thiruvananthapuram,62.0,Conference Visit
2024-08-06 00:21,2024-08-06 01:55,Business,Lonavala,Navi Mumbai,57.0,Office Commute
2024-04-22 18:43,2024-04-22 20:38,Business,Nashik,Dewas,73.3,Customer Visit
2024-11-04 06:51,2024-11-04 08:43,Business,Bhopal,Faridabad,62.2,Client Meeting
2024-12-01 02:11,2024-12-01 03:34,Business,Srinagar,Delhi,49.5,Airport Drop
2024-08-26 15:38,2024-08-26 17:24,Business,Kalyan,Allahabad,65.8,Errand/Supplies
2024-09-26 12:14,2024-09-26 13:46,Business,Amritsar,Bengaluru,58.1,Field Work
2024-11-07 23:10,2024-11-08 01:06,Business,Nagpur,Thiruvananthapuram,68.3,Client Pickup
2024-06-24 23:16,2024-06-25 00:29,Business,Gwalior,Mumbai,40.6,Meeting
2024-10-01 05:54,2024-10-01 07:57,Business,Mysore,Thane,70.2,Office Commute
2024-10-30 02:57,2024-10-30 04:33,Business,Srinagar,Nashik,55.0,Customer Visit
2024-10-16 17:24,2024-10-16 19:28,Business,Thrissur,Meerut,70.4,Meal/Entertain
2024-10-31 07:02,2024-10-31 08:26,Personal,Bangalore,Varanasi,45.8,Office Commute
2024-02-27 01:30,2024-02-27 03:19,Business,Mysore,Jaipur,62.8,Meeting
2024-12-10 14:35,2024-12-10 16:35,Business,Mumbai,Bengaluru,70.9,Delivery Task
2024-03-09 00:16,2024-03-09 02:18,Business,Mumbai,Nashik,74.3,Office Commute
2024-03-27 14:46,2024-03-27 16:48,Business,Bengaluru,Coimbatore,72.3,Conference Visit
2024-08-07 00:04,2024-08-07 01:35,Business,Srinagar,Chandigarh,57.2,Meal/Entertain
2024-07-02 16:28,2024-07-02 18:36,Business,Kalyan,Nashik,79.6,Customer Visit
2024-12-12 06:23,2024-12-12 08:13,Business,Jodhpur,Navi Mumbai,70.6,Site Inspection
2024-08-06 03:02,2024-08-06 04:26,Business,Noida,Kochi,48.6,Client Meeting
2024-08-21 22:46,2024-08-22 00:42,Business,Ludhiana,Nagpur,66.8,Meeting
2024-09-12 06:05,2024-09-12 07:41,Business,Noida,Faridabad,60.8,Airport Pickup
2024-12-14 10:59,2024-12-14 13:04,Business,Thrissur,Thiruvananthapuram,73.1,Delivery Task
2024-12-16 09:33,2024-12-16 11:49,Business,Kalyan,Varanasi,79.3,Office Commute
2024-02-27 04:23,2024-02-27 06:31,Business,Hyderabad,Ahmedabad,74.0,Client Pickup
2024-06-17 14:31,2024-06-17 16:24,Personal,Mysore,Solapur,67.1,Field Work
2024-05-13 20:59,2024-05-13 22:51,Business,Bangalore,Surat,62.9,Office Commute
2024-08-06 04:18,2024-08-06 05:51,Personal,Navi Mumbai,Aurangabad,48.7,Site Inspection
2024-12-08 15:30,2024-12-08 17:28,Business,Thane,Kanpur,73.2,Office Commute
2024-05-10 19:41,2024-05-10 21:07,Business,Srinagar,Delhi,52.5,Office Commute
2024-07-29 06:50,2024-07-29 08:15,Business,Ghaziabad,Thrissur,50.7,Client Pickup
2024-07-16 16:30,2024-07-16 18:01,Business,Faridabad,Mysore,52.4,Meal/Entertain
2024-07-04 19:10,2024-07-04 22:00,Business,Navi Mumbai,Vasai,105.9,Client Meeting
2024-08-21 04:03,2024-08-21 04:42,Business,Agra,Agra,15.3,Customer Visit
2024-02-15 08:30,2024-02-15 10:46,Personal,Vijayawada,Varanasi,79.9,Weekend Trip
2024-11-12 05:57,2024-11-12 07:52,Business,Lucknow,Delhi,66.7,Meeting
2024-01-26 17:14,2024-01-26 17:40,Business,Thiruvananthapuram,Thiruvananthapuram,6.0,Client Meeting
2024-04-23 19:16,2024-04-23 20:39,Personal,Ludhiana,Amritsar,51.2,Weekend Trip
2024-10-27 10:58,2024-10-27 12:35,Business,Tiruchirappalli,Ranchi,58.1,Airport Drop
2024-06-21 03:58,2024-06-21 06:08,Business,Vadodara,Navi Mumbai,74.9,Errand/Supplies
2024-12-13 20:42,2024-12-13 22:18,Business,Navi Mumbai,Chandigarh,50.8,Site Inspection
2024-01-23 14:17,2024-01-23 14:55,Business,Kochi,Kochi,12.8,Conference Visit
2024-06-08 20:49,2024-06-08 22:43,Business,Varanasi,Bhubaneswar,70.5,Client Pickup
2024-02-05 18:09,2024-02-05 20:02,Business,Nagpur,Bhubaneswar,62.2,Office Commute
2024-12-24 11:49,2024-12-24 13:50,Business,Rajkot,Navi Mumbai,76.9,Delivery Task
2024-10-25 16:39,2024-10-25 18:28,Personal,Chennai,Mumbai,64.1,Errand/Supplies
2024-04-12 01:27,2024-04-12 03:14,Business,Ahmedabad,Jodhpur,67.0,Customer Visit
2024-12-27 17:09,2024-12-27 18:31,Business,Delhi,Dhanbad,45.3,Team Outing
2024-12-21 16:03,2024-12-21 17:32,Business,Indore,Raipur,48.1,Team Outing
2024-01-05 03:11,2024-01-05 04:26,Business,Bengaluru,Kolkata,43.2,Team Outing
2024-01-31 12:33,2024-01-31 14:23,Business,Tiruchirappalli,Vasai,67.1,Weekend Trip
2024-04-02 10:04,2024-04-02 12:04,Business,Agra,Jaipur,70.0,Customer Visit
2024-02-17 02:15,2024-02-17 03:46,Business,Bhubaneswar,Kolkata,53.8,Field Work
2024-04-25 05:42,2024-04-25 07:36,Business,Dewas,Kochi,66.7,Customer Visit
2024-02-24 16:49,2024-02-24 18:25,Personal,Ghaziabad,Mysore,52.9,Temporary Site
2024-01-21 13:03,2024-01-21 14:32,Business,Gwalior,Lucknow,51.4,Office Commute
2024-06-03 16:58,2024-06-03 19:07,Business,Kochi,Dewas,73.3,Weekend Trip
2024-10-14 17:50,2024-10-14 20:04,Business,Madurai,Bengaluru,76.2,Office Commute
2024-01-06 10:36,2024-01-06 11:57,Personal,Patiala,Lucknow,47.5,Office Commute
2024-08-16 17:48,2024-08-16 19:51,Business,Navi Mumbai,Bangalore,75.8,Errand/Supplies
2024-06-12 01:27,2024-06-12 03:08,Business,Bengaluru,Navi Mumbai,60.8,Meal/Entertain
2024-10-31 15:05,2024-10-31 17:13,Personal,Mumbai,Madurai,73.2,Conference Visit
2024-12-05 17:06,2024-12-05 19:07,Business,Dhanbad,Solapur,73.1,Client Pickup
2024-09-21 16:20,2024-09-21 17:45,Business,Varanasi,Bhopal,47.1,Field Work
2024-06-23 14:58,2024-06-23 16:37,Personal,Kalyan,Ahmedabad,62.9,Office Commute
2024-09-04 06:00,2024-09-04 07:50,Business,Lonavala,Surat,61.8,Client Pickup
2024-07-04 18:16,2024-07-04 19:29,Business,Jodhpur,Patna,44.8,Meal/Entertain
2024-06-06 07:39,2024-06-06 09:02,Business,Jodhpur,Vadodara,49.4,Airport Drop
2024-02-25 18:43,2024-02-25 20:12,Business,Vadodara,Surat,55.0,Meeting
2024-05-15 15:44,2024-05-15 17:12,Business,Patiala,Thrissur,49.0,Meeting
2024-12-05 05:09,2024-12-05 06:48,Business,Patna,Chennai,55.7,Airport Drop
2024-12-29 22:01,2024-12-30 00:08,Personal,Agra,Srinagar,79.6,Office Commute
2024-01-29 07:07,2024-01-29 08:26,Business,Patna,Ghaziabad,46.0,Airport Drop
2024-06-26 08:59,2024-06-26 10:39,Personal,Aurangabad,Mumbai,62.7,Airport Pickup
2024-04-01 08:24,2024-04-01 10:22,Business,Meerut,Mysore,67.3,Customer Visit
2024-12-03 03:04,2024-12-03 04:55,Personal,Nashik,Nagpur,71.3,Meal/Entertain
2024-05-08 12:02,2024-05-08 13:10,Business,Chennai,Bhubaneswar,41.5,Office Commute
2024-07-29 14:26,2024-07-29 16:23,Business,Nagpur,Pune,66.5,Customer Visit
2024-04-23 08:24,2024-04-23 09:48,Business,Rajkot,Nagpur,50.0,Delivery Task
2024-08-24 19:05,2024-08-24 21:02,Personal,Howrah,Varanasi,73.8,Errand/Supplies
2024-07-30 22:13,2024-07-30 23:59,Personal,Noida,Bangalore,58.1,Meeting
2024-06-20 10:11,2024-06-20 11:59,Business,Thane,Solapur,67.8,Meeting
2024-06-04 23:40,2024-06-05 01:52,Personal,Indore,Visakhapatnam,75.8,Conference Visit
2024-09-12 01:08,2024-09-12 03:04,Business,Jaipur,Kota,70.8,Client Meeting
2024-10-30 00:26,2024-10-30 01:49,Business,Ahmedabad,Visakhapatnam,51.0,Field Work
2024-06-28 04:36,2024-06-28 06:35,Business,Nashik,Aurangabad,66.5,Field Work
2024-11-28 20:02,2024-11-28 21:52,Business,Nashik,Madurai,61.7,Meal/Entertain
2024-11-19 22:15,2024-11-19 23:33,Business,Lucknow,Lonavala,46.2,Meal/Entertain
2024-10-18 04:18,2024-10-18 05:53,Business,Hubli,Ludhiana,59.8,Office Commute
2024-01-01 06:06,2024-01-01 08:03,Business,Surat,Noida,67.3,Meeting
2024-05-23 04:21,2024-05-23 06:14,Business,Noida,Coimbatore,71.7,Office Commute
2024-12-03 00:21,2024-12-03 02:16,Personal,Pune,Guwahati,66.5,Temporary Site
2024-09-23 06:22,2024-09-23 08:18,Business,Solapur,Jaipur,64.8,Delivery Task
2024-10-29 07:01,2024-10-29 08:48,Business,Mumbai,Allahabad,61.7,Customer Visit
2024-07-22 08:09,2024-07-22 09:36,Business,Tiruchirappalli,Jabalpur,47.3,Errand/Supplies
2024-11-16 23:14,2024-11-17 00:36,Personal,Kolkata,Mysore,45.6,Meal/Entertain
2024-09-22 10:55,2024-09-22 13:05,Business,Coimbatore,Navi Mumbai,78.1,Meeting
2024-12-31 07:04,2024-12-31 08:28,Business,Surat,Jodhpur,48.9,Conference Visit
2024-05-12 02:45,2024-05-12 04:58,Business,Madurai,Vasai,77.4,Meeting
2024-05-07 08:04,2024-05-07 09:54,Business,Chennai,Ghaziabad,67.2,Meeting
2024-07-06 16:42,2024-07-06 18:51,Business,Madurai,Solapur,79.6,Client Meeting
2024-03-07 17:49,2024-03-08 00:49,Business,Vijayawada,Hyderabad,268.9,Weekend Trip
2024-07-24 17:32,2024-07-24 19:01,Personal,Mysore,Dhanbad,48.9,Delivery Task
2024-02-11 05:57,2024-02-11 08:10,Business,Bengaluru,Dhanbad,77.6,Conference Visit
2024-05-30 00:22,2024-05-30 01:52,Personal,Jabalpur,Noida,50.5,Client Meeting
2024-09-21 03:01,2024-09-21 04:44,Business,Ahmedabad,Nashik,59.5,Errand/Supplies
2024-08-31 22:34,2024-08-31 23:53,Personal,Thiruvananthapuram,Ghaziabad,47.8,Delivery Task
2024-01-29 22:28,2024-01-30 00:25,Personal,Varanasi,Patna,73.0,Meal/Entertain
2024-03-18 08:11,2024-03-18 09:35,Business,Vijayawada,Kota,46.6,Errand/Supplies
2024-11-21 15:58,2024-11-21 17:16,Business,Mysore,Faridabad,41.5,Meal/Entertain
2024-06-25 04:34,2024-06-25 06:01,Business,Dewas,Jodhpur,53.0,Airport Pickup
2024-10-10 02:08,2024-10-10 03:24,Business,Hubli,Thiruvananthapuram,44.3,Client Meeting
2024-07-03 19:17,2024-07-03 21:14,Business,Jabalpur,Nashik,72.7,Client Meeting
2024-01-18 18:48,2024-01-18 20:44,Business,Faridabad,Thane,74.1,Weekend Trip
2024-12-01 15:28,2024-12-01 16:45,Personal,Nashik,Guwahati,46.0,Meeting
2024-05-17 10:12,2024-05-17 11:24,Business,Gwalior,Srinagar,41.4,Errand/Supplies
2024-02-17 09:15,2024-02-17 11:31,Business,Kolkata,Jaipur,77.9,Weekend Trip
2024-10-21 06:52,2024-10-21 09:02,Business,Meerut,Amritsar,73.4,Client Pickup
2024-07-18 17:12,2024-07-18 18:42,Business,Agra,Guwahati,49.4,Client Meeting
2024-08-04 11:24,2024-08-04 13:38,Personal,Jodhpur,Chennai,77.4,Errand/Supplies
2024-08-14 15:14,2024-08-14 17:23,Business,Kalyan,Amritsar,74.6,Meeting
2024-04-25 23:37,2024-04-26 01:13,Business,Surat,Solapur,57.7,Office Commute
2024-10-14 16:46,2024-10-14 18:29,Business,Bhubaneswar,Lonavala,60.4,Office Commute
2024-05-21 06:01,2024-05-21 07:51,Business,Madurai,Navi Mumbai,63.5,Airport Drop
2024-07-13 23:16,2024-07-14 00:42,Business,Surat,Raipur,51.5,Meeting
2024-11-11 12:17,2024-11-11 14:33,Business,Howrah,Nashik,78.7,Delivery Task
2024-12-08 17:24,2024-12-08 19:21,Business,Hyderabad,Ahmedabad,74.0,Meeting
2024-03-30 03:46,2024-03-30 05:20,Business,Allahabad,Chandigarh,54.9,Field Work
2024-12-08 22:56,2024-12-09 00:56,Business,Aurangabad,Faridabad,75.1,Customer Visit
2024-01-03 03:54,2024-01-03 05:13,Business,Thane,Hubli,42.8,Client Pickup
2024-03-11 17:45,2024-03-11 19:26,Business,Hyderabad,Kota,62.2,Customer Visit
2024-08-27 14:00,2024-08-27 15:48,Business,Gwalior,Howrah,60.8,Client Pickup
2024-02-25 22:51,2024-02-26 00:54,Business,Jaipur,Mysore,68.7,Office Commute
2024-06-23 09:01,2024-06-23 10:33,Business,Tiruchirappalli,Pune,48.9,Meeting
2024-01-03 11:19,2024-01-03 12:37,Business,Rajkot,Gwalior,46.0,Team Outing
2024-03-06 03:09,2024-03-06 05:09,Business,Jabalpur,Tiruchirappalli,69.5,Delivery Task
2024-03-25 19:59,2024-03-25 21:13,Personal,Gwalior,Dewas,42.8,Errand/Supplies
2024-02-21 22:24,2024-02-21 23:41,Business,Raipur,Madurai,44.2,Client Pickup
2024-12-07 05:44,2024-12-07 07:25,Personal,Thrissur,Aurangabad,64.3,Field Work
2024-10-13 17:25,2024-10-13 18:33,Business,Navi Mumbai,Howrah,42.4,Meeting
2024-07-09 02:49,2024-07-09 04:23,Business,Varanasi,Bangalore,56.6,Office Commute
2024-07-25 19:22,2024-07-25 20:52,Business,Dewas,Raipur,53.8,Meeting
2024-09-15 07:42,2024-09-15 09:43,Business,Srinagar,Kota,68.2,Client Meeting
2024-06-29 07:13,2024-06-29 08:49,Business,Coimbatore,Surat,54.0,Customer Visit
2024-04-13 03:51,2024-04-13 05:44,Business,Ghaziabad,Ranchi,62.5,Team Outing
2024-01-13 16:43,2024-01-13 18:32,Business,Bhubaneswar,Jaipur,62.8,Errand/Supplies
2024-11-28 00:03,2024-11-28 02:11,Business,Chandigarh,Nashik,72.7,Errand/Supplies
2024-02-09 17:02,2024-02-09 18:33,Personal,Jaipur,Vasai,49.6,Client Pickup
2024-02-16 23:08,2024-02-17 01:11,Business,Amritsar,Meerut,68.7,Client Pickup
2024-06-21 00:06,2024-06-21 01:29,Business,Coimbatore,Aurangabad,48.6,Client Meeting
2024-11-21 09:25,2024-11-21 11:28,Business,Visakhapatnam,Mumbai,78.7,Meal/Entertain
2024-08-08 03:39,2024-08-08 05:24,Business,Hubli,Coimbatore,63.1,Airport Drop
2024-10-11 14:14,2024-10-11 16:29,Personal,Ranchi,Kalyan,78.2,Customer Visit
2024-09-05 16:33,2024-09-05 18:22,Personal,Thane,Hubli,63.4,Conference Visit
2024-03-05 16:29,2024-03-05 17:58,Business,Faridabad,Meerut,49.5,Meeting
2024-08-12 07:40,2024-08-12 09:05,Business,Noida,Jabalpur,49.8,Delivery Task
2024-02-17 10:34,2024-02-17 12:10,Business,Hubli,Meerut,50.7,Customer Visit
2024-07-10 12:02,2024-07-10 13:58,Business,Rajkot,Noida,69.7,Delivery Task
2024-01-08 14:18,2024-01-08 15:47,Business,Chennai,Thane,49.9,Office Commute
2024-10-27 22:52,2024-10-28 01:00,Business,Ghaziabad,Vadodara,72.4,Airport Drop
2024-06-22 12:43,2024-06-22 14:12,Personal,Nashik,Raipur,47.2,Meal/Entertain
2024-03-03 22:47,2024-03-04 00:19,Personal,Agra,Coimbatore,57.6,Delivery Task
2024-10-22 01:20,2024-10-22 03:15,Business,Hyderabad,Faridabad,63.8,Delivery Task
2024-11-13 11:39,2024-11-13 13:36,Business,Rajkot,Bhopal,68.3,Meal/Entertain
2024-07-20 12:55,2024-07-20 15:03,Business,Bhubaneswar,Mysore,77.8,Airport Drop
2024-02-22 07:38,2024-02-22 13:46,Business,Bhubaneswar,Chandigarh,235.0,Customer Visit
2024-07-31 19:32,2024-07-31 21:34,Personal,Jodhpur,Rajkot,74.5,Client Pickup
2024-08-03 05:36,2024-08-03 07:11,Business,Coimbatore,Allahabad,50.6,Office Commute
2024-07-20 09:55,2024-07-20 12:07,Business,Nagpur,Thane,75.4,Client Meeting
2024-09-30 18:38,2024-09-30 20:38,Business,Indore,Patna,69.6,Weekend Trip
2024-07-26 18:27,2024-07-26 19:58,Business,Patiala,Lucknow,49.5,Office Commute
2024-11-02 22:27,2024-11-03 00:28,Personal,Visakhapatnam,Amritsar,76.9,Weekend Trip
2024-12-24 06:44,2024-12-24 08:19,Business,Delhi,Ahmedabad,52.1,Team Outing
2024-08-10 20:41,2024-08-10 22:47,Business,Noida,Bangalore,74.2,Team Outing
2024-03-04 07:18,2024-03-04 09:19,Business,Bhopal,Kolkata,73.4,Meal/Entertain
2024-02-06 08:07,2024-02-06 10:07,Business,Vadodara,Rajkot,77.1,Office Commute
2024-12-25 22:58,2024-12-26 00:24,Business,Srinagar,Chandigarh,46.7,Customer Visit
2024-04-17 15:32,2024-04-17 16:55,Business,Patiala,Ahmedabad,48.0,Customer Visit
2024-08-11 21:49,2024-08-12 00:01,Business,Amritsar,Nashik,76.5,Office Commute
2024-02-06 02:09,2024-02-06 03:52,Business,Kota,Bangalore,63.7,Conference Visit
2024-02-15 20:34,2024-02-15 22:05,Personal,Chandigarh,Jodhpur,48.3,Conference Visit
2024-02-14 17:25,2024-02-14 18:40,Business,Kalyan,Kolkata,45.6,Conference Visit
2024-12-20 16:26,2024-12-20 16:46,Business,Bhopal,Bhopal,7.1,Meal/Entertain
2024-02-22 19:29,2024-02-22 20:45,Business,Allahabad,Bhopal,41.3,Client Meeting
2024-12-28 02:37,2024-12-28 04:34,Business,Patiala,Ranchi,70.4,Meeting
2024-01-15 09:04,2024-01-15 11:01,Business,Delhi,Visakhapatnam,69.2,Team Outing
2024-07-27 05:15,2024-07-27 06:40,Business,Mumbai,Delhi,53.5,Errand/Supplies
2024-11-11 01:29,2024-11-11 03:35,Business,Patiala,Coimbatore,75.1,Airport Drop
2024-04-19 12:50,2024-04-19 14:45,Business,Srinagar,Ludhiana,70.6,Errand/Supplies
2024-09-22 06:24,2024-09-22 08:28,Personal,Bengaluru,Bangalore,71.6,Customer Visit
2024-01-04 09:28,2024-01-04 11:03,Business,Navi Mumbai,Ludhiana,53.5,Meeting
2024-01-07 15:31,2024-01-07 17:04,Business,Bhubaneswar,Chandigarh,55.0,Customer Visit
2024-10-07 05:33,2024-10-07 07:48,Business,Pune,Tiruchirappalli,78.7,Meeting
2024-09-11 10:30,2024-09-11 12:19,Business,Thrissur,Surat,69.7,Errand/Supplies
2024-08-19 13:00,2024-08-19 14:56,Business,Thane,Visakhapatnam,66.7,Client Meeting
2024-01-07 15:16,2024-01-07 16:53,Business,Bhubaneswar,Srinagar,59.9,Conference Visit
2024-06-13 14:40,2024-06-13 16:12,Business,Dhanbad,Kolkata,51.0,Customer Visit
2024-10-23 03:41,2024-10-23 05:13,Personal,Meerut,Hubli,55.5,Customer Visit
2024-01-10 23:02,2024-01-11 00:57,Business,Dewas,Tiruchirappalli,71.1,Conference Visit
2024-08-04 12:32,2024-08-04 14:20,Business,Kota,Visakhapatnam,59.2,Customer Visit
2024-06-21 02:07,2024-06-21 03:51,Business,Guwahati,Amritsar,64.8,Client Meeting
2024-03-29 14:59,2024-03-29 15:16,Personal,Kanpur,Kanpur,5.4,Airport Drop
2024-12-15 23:02,2024-12-16 00:49,Business,Bhubaneswar,Vadodara,66.0,Weekend Trip
2024-11-17 11:21,2024-11-17 13:17,Business,Hyderabad,Hubli,74.6,Errand/Supplies
2024-04-06 23:20,2024-04-07 00:43,Business,Dhanbad,Pune,51.4,Client Meeting
2024-06-06 11:54,2024-06-06 14:08,Personal,Bhopal,Ahmedabad,76.3,Office Commute
2024-06-13 08:24,2024-06-13 10:05,Business,Mumbai,Vijayawada,58.1,Office Commute
2024-10-29 07:01,2024-10-29 08:52,Business,Nashik,Aurangabad,63.6,Customer Visit
2024-04-05 13:47,2024-04-05 15:10,Business,Jabalpur,Gwalior,46.9,Meeting
2024-04-07 12:25,2024-04-07 14:34,Personal,Kota,Thrissur,73.5,Office Commute
2024-10-25 17:03,2024-10-25 18:44,Business,Kanpur,Agra,62.2,Meeting
2024-01-11 08:21,2024-01-11 09:41,Business,Thane,Surat,41.5,Meeting
2024-10-23 11:48,2024-10-23 13:18,Personal,Meerut,Dhanbad,55.9,Client Meeting
2024-01-06 02:22,2024-01-06 03:32,Business,Lonavala,Chennai,41.7,Errand/Supplies
2024-02-27 12:41,2024-02-27 14:12,Personal,Thane,Rajkot,57.9,Customer Visit
2024-01-24 14:43,2024-01-24 16:22,Business,Vadodara,Rajkot,53.7,Client Pickup
2024-02-09 11:35,2024-02-09 13:11,Personal,Bangalore,Delhi,56.3,Meeting
2024-01-19 13:30,2024-01-19 15:03,Business,Amritsar,Kolkata,53.3,Field Work
2024-03-18 11:25,2024-03-18 13:11,Business,Jabalpur,Ludhiana,59.7,Meal/Entertain
2024-08-07 11:24,2024-08-07 12:43,Business,Coimbatore,Bhopal,41.0,Team Outing
2024-05-17 23:56,2024-05-18 01:46,Business,Coimbatore,Indore,61.1,Airport Pickup
2024-01-12 12:40,2024-01-12 14:06,Business,Kanpur,Raipur,50.2,Meeting
2024-03-18 19:32,2024-03-18 21:41,Personal,Bhopal,Meerut,74.9,Office Commute
2024-12-24 01:22,2024-12-24 03:31,Business,Chennai,Thiruvananthapuram,77.5,Client Pickup
2024-02-27 19:58,2024-02-27 21:31,Business,Thrissur,Kanpur,57.5,Meeting
2024-02-23 16:19,2024-02-23 17:53,Business,Indore,Mysore,49.6,Office Commute
2024-05-08 06:54,2024-05-08 08:05,Personal,Ahmedabad,Allahabad,44.0,Client Pickup
2024-08-16 13:21,2024-08-16 14:44,Personal,Solapur,Aurangabad,42.0,Customer Visit
2024-01-08 15:07,2024-01-08 16:35,Business,Patiala,Kolkata,50.1,Meal/Entertain
2024-01-27 09:17,2024-01-27 11:26,Business,Mysore,Faridabad,77.7,Customer Visit
2024-10-01 20:30,2024-10-01 22:17,Business,Mumbai,Agra,66.7,Weekend Trip
2024-08-24 10:53,2024-08-24 12:14,Personal,Hubli,Surat,50.2,Errand/Supplies
2024-11-15 02:54,2024-11-15 05:03,Personal,Thane,Mysore,73.2,Customer Visit
2024-07-10 09:27,2024-07-10 11:15,Business,Visakhapatnam,Vijayawada,64.2,Team Outing
2024-09-23 02:06,2024-09-23 03:49,Business,Noida,Aurangabad,63.6,Meal/Entertain
2024-04-23 15:22,2024-04-23 17:03,Business,Thiruvananthapuram,Kalyan,62.3,Customer Visit
2024-03-24 23:54,2024-03-25 01:20,Business,Kalyan,Vijayawada,44.0,Office Commute
2024-04-06 09:46,2024-04-06 11:32,Personal,Gwalior,Amritsar,62.8,Meeting
2024-03-22 22:03,2024-03-22 23:43,Business,Thrissur,Coimbatore,57.5,Office Commute
2024-06-22 05:39,2024-06-22 07:43,Business,Mysore,Mumbai,79.8,Customer Visit
2024-12-09 02:07,2024-12-09 03:40,Business,Aurangabad,Raipur,50.6,Team Outing
2024-01-20 19:10,2024-01-20 20:41,Personal,Tiruchirappalli,Patiala,48.6,Client Meeting
2024-02-04 13:45,2024-02-04 15:13,Personal,Thiruvananthapuram,Vasai,46.9,Airport Drop
2024-01-11 15:39,2024-01-11 17:31,Personal,Amritsar,Thrissur,66.6,Customer Visit
2024-11-06 08:57,2024-11-06 11:00,Business,Bengaluru,Tiruchirappalli,77.5,Customer Visit
2024-08-09 23:20,2024-08-10 01:24,Business,Faridabad,Jabalpur,70.0,Customer Visit
2024-06-21 14:38,2024-06-21 15:47,Personal,Vasai,Chandigarh,43.3,Customer Visit
2024-04-22 12:49,2024-04-22 14:31,Business,Rajkot,Thrissur,65.0,Airport Drop
2024-12-26 10:17,2024-12-26 11:10,Business,Thiruvananthapuram,Thiruvananthapuram,24.4,Meeting
2024-10-21 07:30,2024-10-21 08:46,Business,Vasai,Ghaziabad,45.5,Office Commute
2024-10-13 09:29,2024-10-13 11:12,Business,Kochi,Varanasi,60.9,Client Meeting
2024-12-28 03:35,2024-12-28 05:02,Business,Mumbai,Kochi,55.0,Office Commute
2024-07-28 18:03,2024-07-28 19:10,Business,Madurai,Coimbatore,41.0,Customer Visit
2024-11-17 21:04,2024-11-17 22:54,Business,Kalyan,Kota,66.7,Meeting
2024-08-19 08:08,2024-08-19 09:30,Business,Thrissur,Delhi,43.4,Client Meeting
2024-03-02 07:05,2024-03-02 08:30,Business,Bangalore,Solapur,43.4,Meal/Entertain
2024-08-20 23:29,2024-08-21 01:34,Business,Patna,Thiruvananthapuram,71.7,Field Work
2024-10-19 02:36,2024-10-19 04:20,Personal,Meerut,Vasai,58.5,Delivery Task
2024-09-03 18:15,2024-09-03 19:49,Business,Mysore,Patiala,59.1,Airport Drop
2024-02-15 19:02,2024-02-15 20:28,Personal,Guwahati,Allahabad,49.2,Field Work
2024-02-13 16:30,2024-02-13 18:20,Business,Vasai,Surat,63.2,Client Meeting
2024-04-06 08:34,2024-04-06 10:17,Business,Kanpur,Allahabad,62.1,Errand/Supplies
2024-08-02 20:18,2024-08-02 22:18,Business,Lonavala,Gwalior,72.3,Temporary Site
2024-12-27 13:38,2024-12-27 15:03,Personal,Hyderabad,Rajkot,44.3,Meeting
2024-09-06 00:12,2024-09-06 02:08,Business,Mysore,Thane,66.3,Weekend Trip
2024-12-25 17:03,2024-12-25 19:14,Personal,Coimbatore,Gwalior,75.4,Meal/Entertain
2024-05-29 00:37,2024-05-29 02:25,Business,Pune,Navi Mumbai,64.4,Site Inspection
2024-04-13 03:59,2024-04-13 05:43,Business,Rajkot,Ghaziabad,57.2,Field Work
2024-02-29 09:35,2024-02-29 11:16,Personal,Lucknow,Howrah,57.8,Meal/Entertain
2024-05-18 02:09,2024-05-18 04:19,Business,Bengaluru,Jaipur,79.2,Meeting
2024-02-18 13:37,2024-02-18 15:14,Personal,Thiruvananthapuram,Navi Mumbai,61.7,Meal/Entertain
2024-04-13 06:32,2024-04-13 08:35,Business,Lucknow,Mumbai,71.1,Office Commute
2024-12-07 21:18,2024-12-07 23:12,Business,Madurai,Pune,64.6,Meeting
2024-10-19 09:29,2024-10-19 10:57,Business,Bhubaneswar,Ghaziabad,46.1,Field Work
2024-11-19 12:18,2024-11-19 13:26,Personal,Nagpur,Mumbai,40.9,Conference Visit
2024-02-13 20:44,2024-02-13 22:55,Business,Bangalore,Howrah,79.9,Customer Visit
2024-11-12 11:04,2024-11-12 12:50,Business,Indore,Patiala,64.0,Errand/Supplies
2024-03-31 08:26,2024-03-31 10:01,Personal,Thiruvananthapuram,Vadodara,56.3,Site Inspection
2024-03-13 11:03,2024-03-13 12:15,Business,Kota,Rajkot,40.0,Weekend Trip
2024-02-06 15:49,2024-02-06 17:39,Personal,Allahabad,Vijayawada,62.3,Meeting
2024-03-05 07:15,2024-03-05 08:32,Business,Hyderabad,Srinagar,40.9,Customer Visit
2024-04-11 19:43,2024-04-11 21:20,Business,Vijayawada,Guwahati,59.8,Meal/Entertain
2024-12-05 01:20,2024-12-05 03:10,Business,Nashik,Bengaluru,66.0,Field Work
2024-06-10 17:02,2024-06-10 19:06,Business,Pune,Gwalior,71.5,Meeting
2024-12-14 04:41,2024-12-14 06:32,Business,Tiruchirappalli,Aurangabad,69.6,Customer Visit
2024-07-28 00:45,2024-07-28 02:06,Personal,Srinagar,Ludhiana,50.3,Office Commute
2024-12-02 10:29,2024-12-02 11:15,Business,Madurai,Madurai,19.6,Meal/Entertain
2024-01-31 22:06,2024-01-31 23:30,Business,Kolkata,Thrissur,43.9,Errand/Supplies
2024-11-01 17:57,2024-11-01 20:08,Business,Guwahati,Kalyan,79.8,Meal/Entertain
2024-08-31 08:14,2024-08-31 10:26,Business,Thrissur,Hubli,76.8,Office Commute
2024-08-27 18:38,2024-08-27 20:29,Personal,Ghaziabad,Madurai,66.5,Field Work
2024-06-20 00:19,2024-06-20 02:10,Business,Pune,Mysore,64.7,Customer Visit
2024-12-12 14:55,2024-12-12 16:20,Business,Visakhapatnam,Lucknow,52.5,Office Commute
2024-11-08 01:54,2024-11-08 03:58,Business,Hubli,Hyderabad,79.2,Weekend Trip
2024-09-20 21:36,2024-09-20 22:15,Personal,Bhopal,Bhopal,19.4,Temporary Site
2024-05-20 07:42,2024-05-20 09:22,Business,Amritsar,Tiruchirappalli,59.1,Weekend Trip
2024-05-16 09:59,2024-05-16 11:48,Personal,Pune,Visakhapatnam,67.8,Meeting
2024-01-25 00:38,2024-01-25 02:30,Business,Aurangabad,Kota,67.3,Office Commute
2024-11-09 14:28,2024-11-09 16:31,Business,Thrissur,Nagpur,70.9,Meal/Entertain
2024-10-02 11:40,2024-10-02 13:13,Business,Dewas,Kalyan,56.4,Site Inspection
2024-08-20 19:41,2024-08-20 21:06,Business,Bengaluru,Lucknow,53.1,Meeting
2024-11-09 09:43,2024-11-09 11:26,Business,Jaipur,Lonavala,62.9,Client Meeting
2024-01-19 05:40,2024-01-19 07:09,Personal,Howrah,Ludhiana,50.0,Office Commute
2024-04-16 09:36,2024-04-16 11:34,Business,Vijayawada,Jaipur,67.3,Airport Pickup
2024-06-18 05:59,2024-06-18 07:31,Business,Kanpur,Lonavala,53.1,Errand/Supplies
2024-05-02 05:39,2024-05-02 07:52,Business,Chennai,Agra,77.3,Meal/Entertain
2024-07-27 18:01,2024-07-27 19:32,Business,Vadodara,Jabalpur,57.7,Weekend Trip
2024-05-03 20:39,2024-05-03 22:09,Business,Mumbai,Kochi,52.3,Office Commute
2024-06-14 02:41,2024-06-14 04:26,Personal,Delhi,Surat,64.3,Meeting
2024-06-06 01:37,2024-06-06 03:09,Business,Faridabad,Tiruchirappalli,50.3,Client Pickup
2024-06-11 14:53,2024-06-11 16:19,Business,Surat,Bhubaneswar,47.4,Meeting
2024-03-29 21:31,2024-03-29 23:13,Business,Pune,Gwalior,64.3,Site Inspection
2024-11-28 06:32,2024-11-28 08:07,Business,Agra,Pune,57.0,Site Inspection
2024-10-22 22:41,2024-10-23 00:10,Business,Bhopal,Coimbatore,47.2,Meeting
2024-04-30 15:09,2024-04-30 17:05,Business,Kanpur,Varanasi,66.3,Meal/Entertain
2024-01-11 18:38,2024-01-11 19:50,Personal,Bhubaneswar,Solapur,42.7,Office Commute
2024-02-05 20:17,2024-02-05 22:31,Business,Bangalore,Coimbatore,79.3,Conference Visit
2024-07-26 03:43,2024-07-26 05:57,Business,Vijayawada,Tiruchirappalli,78.3,Customer Visit
2024-01-06 19:56,2024-01-06 22:02,Personal,Amritsar,Agra,79.2,Team Outing
2024-10-03 02:41,2024-10-03 04:24,Business,Kota,Mysore,55.8,Meeting
2024-08-12 09:51,2024-08-12 11:11,Business,Meerut,Bhubaneswar,43.2,Conference Visit
2024-11-07 10:22,2024-11-07 11:35,Business,Kochi,Visakhapatnam,40.5,Errand/Supplies
2024-04-12 04:28,2024-04-12 06:02,Personal,Kochi,Bhubaneswar,56.3,Meeting
2024-02-13 01:44,2024-02-13 03:02,Business,Navi Mumbai,Thane,45.9,Office Commute
2024-10-22 01:07,2024-10-22 02:40,Business,Amritsar,Dewas,49.2,Meeting
2024-10-10 07:23,2024-10-10 09:21,Personal,Hyderabad,Dhanbad,67.9,Customer Visit
2024-05-16 01:32,2024-05-16 03:09,Business,Vadodara,Solapur,58.4,Site Inspection
2024-02-19 16:16,2024-02-19 17:34,Business,Jabalpur,Ghaziabad,47.0,Field Work
2024-05-05 22:41,2024-05-06 00:07,Business,Patiala,Meerut,49.3,Temporary Site
2024-01-19 07:27,2024-01-19 09:30,Personal,Jabalpur,Thane,78.0,Site Inspection
2024-04-20 18:19,2024-04-20 20:17,Business,Patna,Kanpur,66.1,Meal/Entertain
2024-12-07 18:42,2024-12-07 20:00,Personal,Hyderabad,Ranchi,47.9,Customer Visit
2024-10-03 20:56,2024-10-03 22:24,Business,Bhopal,Bhubaneswar,46.2,Office Commute
2024-10-10 21:09,2024-10-10 23:14,Business,Gwalior,Srinagar,70.6,Client Pickup
2024-06-24 01:17,2024-06-24 03:34,Business,Patna,Nashik,79.3,Office Commute
2024-09-15 01:34,2024-09-15 03:00,Business,Vasai,Srinagar,48.3,Office Commute
2024-03-06 21:54,2024-03-06 22:11,Business,Noida,Noida,8.3,Client Meeting
2024-09-23 01:26,2024-09-23 03:08,Business,Delhi,Vadodara,61.6,Meeting
2024-01-05 21:35,2024-01-05 23:02,Business,Thiruvananthapuram,Aurangabad,54.1,Airport Drop
2024-04-05 21:37,2024-04-05 23:30,Personal,Thane,Tiruchirappalli,71.4,Client Meeting
2024-05-30 03:29,2024-05-30 04:52,Personal,Ghaziabad,Hyderabad,47.8,Customer Visit
2024-04-13 14:25,2024-04-13 16:26,Business,Hubli,Rajkot,73.2,Office Commute
2024-01-14 21:20,2024-01-14 22:46,Business,Hyderabad,Tiruchirappalli,52.2,Meeting
2024-07-03 03:35,2024-07-03 05:12,Personal,Lucknow,Aurangabad,55.9,Errand/Supplies
2024-03-07 21:29,2024-03-07 23:07,Business,Lucknow,Vasai,57.0,Meeting
2024-04-11 14:46,2024-04-11 15:35,Personal,Ghaziabad,Ghaziabad,24.1,Client Pickup
2024-07-26 19:18,2024-07-26 20:46,Business,Kanpur,Amritsar,48.4,Weekend Trip
2024-06-23 21:26,2024-06-23 23:11,Business,Pune,Aurangabad,64.8,Site Inspection
2024-11-06 20:45,2024-11-06 22:45,Business,Agra,Noida,70.2,Meal/Entertain
2024-06-26 06:49,2024-06-26 08:10,Personal,Faridabad,Noida,45.9,Conference Visit
2024-08-08 13:11,2024-08-08 15:17,Business,Vadodara,Madurai,72.2,Customer Visit
2024-12-10 08:52,2024-12-10 10:07,Business,Mysore,Ludhiana,46.2,Meeting
2024-11-21 06:09,2024-11-21 08:11,Business,Howrah,Hubli,68.1,Errand/Supplies
2024-04-08 13:31,2024-04-08 15:28,Business,Bengaluru,Guwahati,67.2,Client Meeting
2024-08-20 07:47,2024-08-20 09:55,Business,Dhanbad,Allahabad,74.5,Meal/Entertain
2024-03-20 02:56,2024-03-20 04:15,Business,Raipur,Ghaziabad,45.3,Team Outing
2024-08-08 14:15,2024-08-08 15:37,Business,Mysore,Kochi,49.4,Meeting
2024-07-13 04:03,2024-07-13 05:47,Business,Chandigarh,Bhopal,66.4,Conference Visit
2024-08-08 00:55,2024-08-08 03:02,Business,Jodhpur,Vijayawada,77.7,Client Meeting
2024-10-03 09:26,2024-10-03 11:32,Personal,Coimbatore,Ludhiana,77.0,Client Meeting
2024-01-06 18:54,2024-01-06 20:52,Business,Chennai,Chandigarh,72.6,Office Commute
2024-09-25 14:47,2024-09-25 16:05,Business,Dhanbad,Coimbatore,40.7,Airport Pickup
2024-01-12 13:45,2024-01-12 15:07,Business,Kolkata,Kanpur,41.8,Meal/Entertain
2024-11-13 14:43,2024-11-13 16:29,Business,Raipur,Jaipur,61.9,Customer Visit
2024-01-24 23:11,2024-01-25 00:28,Business,Delhi,Jabalpur,43.7,Client Pickup
2024-04-04 17:57,2024-04-04 19:23,Business,Vasai,Meerut,52.8,Client Meeting
2024-04-17 07:53,2024-04-17 09:58,Business,Mysore,Lucknow,71.4,Office Commute
2024-02-23 16:36,2024-02-23 18:20,Business,Surat,Solapur,62.0,Site Inspection
2024-05-02 20:59,2024-05-02 23:05,Business,Hubli,Howrah,79.3,Temporary Site
2024-01-07 13:32,2024-01-07 15:37,Business,Allahabad,Agra,70.9,Meal/Entertain
2024-05-23 17:11,2024-05-23 18:34,Personal,Thrissur,Solapur,47.3,Temporary Site
2024-01-29 22:41,2024-01-30 00:22,Business,Hyderabad,Ranchi,57.5,Meeting
2024-12-14 07:35,2024-12-14 09:18,Business,Ahmedabad,Vasai,57.4,Office Commute
2024-09-08 09:19,2024-09-08 10:36,Personal,Kanpur,Guwahati,40.5,Airport Drop
2024-02-05 01:37,2024-02-05 02:54,Personal,Vijayawada,Jabalpur,43.5,Office Commute
2024-02-09 01:23,2024-02-09 03:12,Business,Gwalior,Agra,61.7,Meal/Entertain
2024-10-26 23:31,2024-10-27 01:26,Personal,Nashik,Thiruvananthapuram,63.7,Errand/Supplies
2024-08-06 03:24,2024-08-06 04:57,Personal,Allahabad,Ludhiana,54.7,Weekend Trip
2024-02-24 16:36,2024-02-24 18:10,Personal,Kanpur,Kalyan,51.8,Airport Drop
2024-03-02 20:50,2024-03-02 22:44,Business,Madurai,Rajkot,64.9,Conference Visit
2024-07-28 16:33,2024-07-28 18:22,Business,Nagpur,Kolkata,61.1,Client Pickup
2024-02-15 22:45,2024-02-15 23:31,Business,Meerut,Meerut,17.7,Office Commute
2024-08-26 14:17,2024-08-26 15:53,Business,Ludhiana,Patna,59.4,Meal/Entertain
2024-03-11 03:24,2024-03-11 05:15,Business,Jabalpur,Ahmedabad,63.7,Office Commute
2024-05-26 10:24,2024-05-26 11:56,Business,Kolkata,Tiruchirappalli,58.2,Meeting
2024-02-03 18:40,2024-02-03 19:50,Business,Pune,Nagpur,40.9,Meal/Entertain
2024-06-25 12:43,2024-06-25 14:52,Business,Kanpur,Varanasi,79.5,Site Inspection
2024-11-27 23:07,2024-11-28 00:16,Business,Jaipur,Agra,43.1,Conference Visit
2024-12-31 08:22,2024-12-31 10:25,Business,Solapur,Vasai,77.4,Conference Visit
2024-02-15 17:46,2024-02-15 19:35,Business,Surat,Kolkata,60.4,Office Commute
2024-10-17 11:25,2024-10-17 12:39,Business,Lonavala,Kolkata,43.6,Meeting
2024-01-29 23:35,2024-01-30 00:54,Business,Lonavala,Gwalior,47.4,Site Inspection
2024-02-26 04:16,2024-02-26 06:07,Business,Madurai,Patna,65.8,Meeting
2024-02-23 12:07,2024-02-23 13:49,Business,Bangalore,Nagpur,56.1,Weekend Trip
2024-07-04 10:52,2024-07-04 12:43,Business,Guwahati,Coimbatore,64.1,Meal/Entertain
2024-10-01 14:57,2024-10-01 16:13,Business,Lucknow,Mysore,42.1,Client Pickup
2024-02-10 20:52,2024-02-10 21:42,Personal,Rajkot,Rajkot,23.3,Meeting
2024-01-18 14:53,2024-01-18 16:57,Business,Patna,Gwalior,73.3,Weekend Trip
2024-08-12 11:08,2024-08-12 12:17,Business,Kanpur,Srinagar,40.1,Meal/Entertain
2024-01-01 00:34,2024-01-01 02:08,Personal,Bhubaneswar,Tiruchirappalli,59.9,Site Inspection
2024-12-25 08:48,2024-12-25 10:27,Business,Rajkot,Amritsar,56.0,Meeting
2024-03-23 01:11,2024-03-23 02:47,Business,Kalyan,Guwahati,58.4,Errand/Supplies
2024-07-14 09:13,2024-07-14 11:22,Personal,Guwahati,Tiruchirappalli,79.7,Office Commute
2024-12-09 21:15,2024-12-09 23:21,Business,Vijayawada,Meerut,75.5,Weekend Trip
2024-12-20 08:18,2024-12-20 09:59,Business,Agra,Amritsar,60.8,Meal/Entertain
2024-02-04 23:41,2024-02-05 01:17,Business,Chennai,Pune,58.1,Weekend Trip
2024-12-24 22:07,2024-12-25 00:19,Personal,Kalyan,Aurangabad,77.4,Meeting
2024-08-06 10:29,2024-08-06 12:22,Business,Agra,Kota,71.5,Client Pickup
2024-08-25 01:30,2024-08-25 03:38,Personal,Bangalore,Bhopal,79.0,Meal/Entertain
2024-11-13 00:17,2024-11-13 01:30,Business,Tiruchirappalli,Kolkata,44.4,Team Outing
2024-01-17 22:33,2024-01-18 00:33,Business,Hubli,Coimbatore,69.9,Office Commute
2024-11-14 18:33,2024-11-14 20:08,Business,Dhanbad,Thiruvananthapuram,57.6,Errand/Supplies
2024-01-06 17:04,2024-01-06 18:27,Business,Delhi,Allahabad,52.6,Field Work
2024-09-10 20:25,2024-09-10 22:21,Business,Kota,Ghaziabad,73.2,Office Commute
2024-10-03 06:30,2024-10-03 08:03,Business,Varanasi,Lucknow,52.5,Meal/Entertain
2024-11-05 16:45,2024-11-05 18:42,Business,Pune,Gwalior,65.8,Conference Visit
2024-11-29 00:08,2024-11-29 01:38,Personal,Kalyan,Mysore,48.5,Site Inspection
2024-07-02 09:23,2024-07-02 10:47,Business,Indore,Bhubaneswar,51.2,Meal/Entertain
2024-11-03 23:35,2024-11-04 01:41,Personal,Kalyan,Thrissur,78.4,Meal/Entertain
2024-02-02 02:17,2024-02-02 04:16,Business,Kota,Delhi,72.4,Errand/Supplies
2024-04-10 03:01,2024-04-10 04:20,Personal,Vasai,Srinagar,42.8,Delivery Task
2024-08-25 04:49,2024-08-25 06:39,Business,Allahabad,Chandigarh,62.5,Errand/Supplies
2024-04-25 06:05,2024-04-25 07:44,Business,Dhanbad,Patna,58.7,Site Inspection
2024-04-09 10:24,2024-04-09 11:57,Business,Varanasi,Surat,54.4,Meeting
2024-01-24 11:40,2024-01-24 13:22,Personal,Hyderabad,Vadodara,56.8,Weekend Trip
2024-10-16 10:59,2024-10-16 12:43,Business,Vadodara,Guwahati,57.4,Client Meeting
2024-10-05 17:53,2024-10-05 19:19,Business,Kochi,Delhi,48.8,Office Commute
2024-07-31 11:55,2024-07-31 13:39,Business,Vasai,Howrah,60.1,Client Pickup
2024-11-05 19:58,2024-11-05 21:34,Business,Coimbatore,Hubli,55.3,Office Commute
2024-05-09 17:02,2024-05-09 18:10,Business,Jodhpur,Vijayawada,41.9,Delivery Task
2024-01-20 11:09,2024-01-20 12:42,Business,Kochi,Thiruvananthapuram,51.1,Meeting
2024-05-21 10:47,2024-05-21 12:25,Personal,Jabalpur,Kochi,54.1,Office Commute
2024-01-04 18:43,2024-01-04 20:32,Business,Chennai,Dewas,69.2,Errand/Supplies
2024-02-11 14:37,2024-02-11 16:28,Business,Madurai,Visakhapatnam,70.6,Weekend Trip
2024-09-15 16:20,2024-09-15 18:11,Business,Lonavala,Navi Mumbai,69.2,Conference Visit
2024-02-08 21:09,2024-02-08 22:32,Business,Varanasi,Dhanbad,43.3,Office Commute
2024-09-23 16:18,2024-09-23 17:28,Personal,Srinagar,Lucknow,43.8,Conference Visit
2024-06-21 21:25,2024-06-21 23:24,Business,Chandigarh,Hyderabad,68.2,Office Commute
2024-01-10 05:46,2024-01-10 07:13,Business,Amritsar,Patna,46.7,Office Commute
2024-11-13 12:19,2024-11-13 13:46,Business,Raipur,Nashik,49.4,Conference Visit
2024-12-12 19:04,2024-12-12 21:10,Business,Pune,Bangalore,79.9,Weekend Trip
2024-10-31 20:06,2024-10-31 22:16,Business,Patiala,Bhubaneswar,76.0,Temporary Site
2024-01-20 17:14,2024-01-20 19:03,Business,Vadodara,Amritsar,68.0,Client Pickup
2024-12-27 08:54,2024-12-27 10:55,Business,Hubli,Bhopal,74.5,Office Commute
2024-09-23 13:34,2024-09-23 15:34,Business,Vijayawada,Varanasi,71.9,Meal/Entertain
2024-06-19 03:01,2024-06-19 04:35,Personal,Kochi,Navi Mumbai,53.6,Airport Drop
2024-09-30 11:28,2024-09-30 13:24,Business,Allahabad,Thrissur,70.6,Conference Visit
2024-12-27 11:13,2024-12-27 13:02,Personal,Tiruchirappalli,Bhubaneswar,62.0,Field Work
2024-01-11 21:26,2024-01-11 22:59,Business,Raipur,Ranchi,54.6,Meal/Entertain
2024-06-01 11:57,2024-06-01 13:13,Business,Patiala,Solapur,41.9,Meeting
2024-10-07 03:38,2024-10-07 05:01,Personal,Patna,Nashik,52.2,Meal/Entertain
2024-04-17 17:52,2024-04-17 19:15,Business,Dewas,Pune,44.7,Office Commute
2024-07-15 16:45,2024-07-15 18:24,Business,Bhubaneswar,Allahabad,57.1,Client Meeting
2024-12-19 08:29,2024-12-19 09:03,Business,Aurangabad,Aurangabad,17.5,Meal/Entertain
2024-12-12 09:10,2024-12-12 10:56,Business,Dhanbad,Noida,64.6,Office Commute
2024-12-19 03:18,2024-12-19 05:19,Business,Madurai,Indore,70.0,Client Pickup
2024-05-30 15:41,2024-05-30 16:50,Business,Patna,Mumbai,41.8,Delivery Task
2024-12-31 06:44,2024-12-31 08:18,Personal,Allahabad,Amritsar,59.5,Weekend Trip
2024-12-20 23:09,2024-12-21 00:40,Personal,Noida,Ahmedabad,57.1,Errand/Supplies
2024-04-12 01:10,2024-04-12 02:42,Business,Aurangabad,Madurai,57.6,Customer Visit
2024-07-13 13:13,2024-07-13 15:25,Personal,Srinagar,Pune,79.8,Airport Pickup
2024-03-25 14:04,2024-03-25 16:08,Personal,Pune,Patna,75.6,Meeting
2024-05-25 14:57,2024-05-25 16:43,Personal,Mumbai,Tiruchirappalli,63.2,Office Commute
2024-10-21 16:10,2024-10-21 17:47,Business,Ahmedabad,Agra,58.3,Office Commute
2024-07-10 13:14,2024-07-10 14:25,Business,Hyderabad,Hubli,40.4,Airport Drop
2024-03-12 07:41,2024-03-12 09:49,Business,Jaipur,Hubli,76.0,Office Commute
2024-01-24 17:56,2024-01-24 19:17,Business,Bengaluru,Kolkata,47.4,Team Outing
2024-11-02 12:35,2024-11-02 13:56,Business,Patiala,Mumbai,46.0,Office Commute
2024-10-13 07:28,2024-10-13 08:38,Personal,Howrah,Hyderabad,42.8,Weekend Trip
2024-11-21 19:23,2024-11-21 21:22,Business,Mumbai,Allahabad,75.7,Airport Drop
2024-07-17 05:36,2024-07-17 07:43,Business,Indore,Faridabad,76.5,Meeting
2024-02-04 07:49,2024-02-04 10:00,Business,Faridabad,Agra,76.1,Team Outing
2024-12-26 05:05,2024-12-26 06:18,Business,Jodhpur,Kochi,45.4,Client Meeting
2024-12-24 15:55,2024-12-24 18:11,Personal,Gwalior,Vasai,78.3,Weekend Trip
2024-11-02 18:54,2024-11-02 20:46,Business,Hyderabad,Solapur,62.5,Weekend Trip
2024-03-07 09:45,2024-03-07 11:14,Business,Hubli,Tiruchirappalli,47.4,Airport Drop
2024-11-23 10:51,2024-11-23 12:16,Business,Howrah,Chennai,49.2,Meeting
2024-01-04 06:57,2024-01-04 08:16,Business,Kalyan,Patiala,47.2,Office Commute
2024-04-09 08:33,2024-04-09 10:03,Business,Kolkata,Jabalpur,47.5,Meal/Entertain
2024-02-05 06:38,2024-02-05 08:20,Business,Kolkata,Varanasi,57.8,Meeting
2024-01-03 09:02,2024-01-03 10:57,Personal,Thrissur,Chennai,70.1,Meeting
2024-09-08 06:48,2024-09-08 08:08,Business,Delhi,Kanpur,46.7,Temporary Site
2024-02-18 08:21,2024-02-18 10:12,Business,Aurangabad,Indore,61.0,Customer Visit
2024-06-17 10:42,2024-06-17 12:23,Business,Rajkot,Agra,62.6,Field Work
2024-05-24 05:57,2024-05-24 07:24,Business,Srinagar,Bhopal,48.5,Meeting
2024-06-29 02:27,2024-06-29 04:21,Business,Meerut,Mysore,62.8,Team Outing
2024-07-19 16:35,2024-07-19 18:03,Business,Chennai,Raipur,55.3,Meeting
2024-12-22 04:37,2024-12-22 06:35,Business,Raipur,Amritsar,70.9,Client Pickup
2024-11-29 05:53,2024-11-29 07:46,Business,Kota,Madurai,68.0,Meeting
2024-03-01 00:43,2024-03-01 02:39,Business,Aurangabad,Meerut,64.3,Site Inspection
2024-12-08 13:28,2024-12-08 14:58,Business,Vasai,Coimbatore,51.0,Office Commute
2024-02-23 15:12,2024-02-23 17:21,Business,Vadodara,Amritsar,79.8,Customer Visit
2024-03-09 23:39,2024-03-10 00:50,Personal,Rajkot,Solapur,40.0,Client Meeting
2024-11-21 17:05,2024-11-21 18:54,Business,Nashik,Gwalior,65.0,Meeting
2024-02-04 10:33,2024-02-04 11:49,Business,Bhubaneswar,Patiala,42.4,Office Commute
2024-10-10 22:44,2024-10-11 00:32,Business,Guwahati,Lonavala,66.2,Airport Pickup
2024-01-26 15:31,2024-01-26 17:33,Business,Visakhapatnam,Ranchi,69.9,Office Commute
2024-01-04 23:08,2024-01-05 00:28,Business,Jabalpur,Mumbai,47.9,Site Inspection
2024-09-03 05:43,2024-09-03 07:01,Business,Ranchi,Navi Mumbai,45.1,Office Commute
2024-03-26 01:23,2024-03-26 03:13,Business,Amritsar,Guwahati,67.8,Weekend Trip
2024-12-27 07:39,2024-12-27 09:09,Business,Bhubaneswar,Raipur,54.4,Weekend Trip
2024-03-16 07:52,2024-03-16 09:20,Personal,Pune,Varanasi,54.9,Customer Visit
2024-06-11 07:22,2024-06-11 09:07,Business,Vasai,Srinagar,60.1,Meeting
2024-01-02 02:53,2024-01-02 04:22,Personal,Varanasi,Amritsar,55.8,Airport Drop
2024-11-17 15:10,2024-11-17 16:42,Business,Indore,Raipur,49.2,Customer Visit
2024-02-07 06:21,2024-02-07 07:07,Business,Kolkata,Kolkata,23.1,Airport Pickup
2024-03-03 21:00,2024-03-03 22:08,Business,Bhubaneswar,Srinagar,40.9,Site Inspection
2024-10-15 06:42,2024-10-15 08:30,Business,Kalyan,Patna,67.4,Field Work
2024-11-30 05:22,2024-11-30 07:08,Business,Kota,Howrah,64.3,Airport Drop
2024-10-31 22:12,2024-10-31 23:30,Business,Mysore,Ranchi,48.7,Delivery Task
2024-11-14 21:56,2024-11-14 23:53,Business,Ghaziabad,Faridabad,69.7,Meal/Entertain
2024-08-08 09:22,2024-08-08 10:38,Business,Aurangabad,Nashik,46.5,Conference Visit
2024-07-08 01:45,2024-07-08 02:57,Business,Thane,Vadodara,44.7,Client Pickup
2024-05-23 03:21,2024-05-23 05:12,Business,Lucknow,Amritsar,62.3,Team Outing
2024-12-06 14:21,2024-12-06 16:24,Personal,Thrissur,Vijayawada,78.2,Office Commute
2024-02-02 15:59,2024-02-02 18:11,Business,Jaipur,Dhanbad,77.2,Errand/Supplies
2024-04-08 22:18,2024-04-09 00:17,Business,Jabalpur,Mysore,70.5,Errand/Supplies
2024-03-17 06:05,2024-03-17 07:44,Business,Noida,Allahabad,57.3,Airport Drop
2024-06-10 21:09,2024-06-10 22:38,Personal,Nagpur,Srinagar,49.0,Temporary Site
2024-06-25 04:00,2024-06-25 05:33,Business,Agra,Howrah,55.1,Office Commute
2024-12-08 13:26,2024-12-08 14:42,Business,Bhubaneswar,Tiruchirappalli,45.4,Errand/Supplies
2024-11-01 04:28,2024-11-01 06:01,Business,Bangalore,Gwalior,50.2,Office Commute
2024-12-31 09:14,2024-12-31 11:13,Business,Patiala,Bhubaneswar,69.6,Field Work
2024-11-26 03:58,2024-11-26 05:44,Business,Guwahati,Patna,67.2,Meeting
2024-09-23 21:34,2024-09-23 23:41,Business,Madurai,Ranchi,79.5,Airport Drop
2024-04-03 05:54,2024-04-03 07:16,Business,Ranchi,Nashik,45.9,Conference Visit
2024-08-09 17:06,2024-08-09 19:02,Personal,Vijayawada,Thiruvananthapuram,66.3,Field Work
2024-04-02 23:34,2024-04-03 01:03,Business,Ghaziabad,Dhanbad,53.6,Team Outing
2024-03-13 11:47,2024-03-13 14:01,Business,Rajkot,Gwalior,79.0,Office Commute
2024-04-05 08:26,2024-04-05 09:53,Business,Patiala,Amritsar,49.4,Team Outing
2024-05-22 01:54,2024-05-22 03:56,Business,Delhi,Thiruvananthapuram,68.3,Customer Visit
2024-05-23 14:44,2024-05-23 16:46,Business,Jodhpur,Ahmedabad,68.8,Client Pickup
2024-09-19 04:45,2024-09-19 06:39,Business,Srinagar,Rajkot,67.6,Weekend Trip
2024-10-03 13:18,2024-10-03 14:55,Business,Lonavala,Hyderabad,56.1,Site Inspection
2024-05-10 07:07,2024-05-10 09:12,Business,Rajkot,Srinagar,76.6,Client Pickup
2024-11-28 22:06,2024-11-28 23:52,Business,Jabalpur,Faridabad,62.6,Meeting
2024-07-14 06:20,2024-07-14 08:12,Business,Jodhpur,Jaipur,63.8,Temporary Site
2024-02-19 02:48,2024-02-19 04:49,Business,Thane,Aurangabad,76.2,Meeting
2024-09-27 23:25,2024-09-28 00:31,Business,Coimbatore,Hyderabad,40.9,Meal/Entertain
2024-12-22 03:39,2024-12-22 05:49,Personal,Mumbai,Hyderabad,77.5,Client Pickup
2024-06-03 23:53,2024-06-04 01:13,Business,Lucknow,Bangalore,47.4,Customer Visit
2024-06-03 05:00,2024-06-03 06:48,Business,Hubli,Surat,63.0,Airport Pickup
2024-04-03 00:34,2024-04-03 02:30,Business,Tiruchirappalli,Kochi,74.1,Office Commute
2024-05-22 21:28,2024-05-22 22:44,Business,Kolkata,Vadodara,45.5,Meeting
2024-04-21 00:55,2024-04-21 02:56,Personal,Guwahati,Coimbatore,77.3,Airport Drop
2024-04-06 05:46,2024-04-06 07:30,Business,Patiala,Ghaziabad,63.3,Meeting
2024-12-10 03:20,2024-12-10 05:20,Business,Kalyan,Thiruvananthapuram,71.1,Weekend Trip
2024-06-09 06:10,2024-06-09 07:49,Business,Dewas,Raipur,58.1,Errand/Supplies
2024-12-18 10:08,2024-12-18 11:19,Business,Patiala,Srinagar,44.2,Delivery Task
2024-07-11 12:05,2024-07-11 14:04,Business,Ahmedabad,Madurai,69.2,Temporary Site
2024-05-23 01:22,2024-05-23 02:48,Business,Vijayawada,Chennai,44.8,Errand/Supplies
2024-03-01 17:55,2024-03-01 19:22,Business,Bangalore,Vijayawada,51.2,Field Work
2024-12-14 01:45,2024-12-14 03:11,Business,Jabalpur,Thiruvananthapuram,51.2,Client Pickup
2024-04-10 21:09,2024-04-10 23:09,Business,Kanpur,Varanasi,71.9,Office Commute
2024-01-19 21:04,2024-01-19 22:52,Business,Tiruchirappalli,Patna,67.1,Client Meeting
2024-09-08 16:46,2024-09-08 18:00,Business,Lonavala,Delhi,46.5,Airport Drop
2024-10-15 03:40,2024-10-15 05:09,Business,Pune,Ludhiana,53.7,Meal/Entertain
2024-08-12 04:52,2024-08-12 06:37,Business,Dhanbad,Vasai,58.1,Delivery Task
2024-06-30 18:21,2024-06-30 19:37,Business,Jodhpur,Patna,47.5,Delivery Task
2024-01-19 02:43,2024-01-19 04:37,Business,Bhopal,Guwahati,65.8,Office Commute
2024-01-25 10:06,2024-01-25 12:06,Business,Thiruvananthapuram,Chandigarh,77.3,Customer Visit
2024-09-12 15:39,2024-09-12 16:12,Business,Visakhapatnam,Visakhapatnam,18.0,Customer Visit
2024-09-22 00:36,2024-09-22 02:15,Business,Allahabad,Ahmedabad,59.4,Site Inspection
2024-06-28 20:32,2024-06-28 21:54,Business,Rajkot,Bhubaneswar,47.5,Office Commute
2024-09-25 20:42,2024-09-26 00:50,Business,Bhopal,Kanpur,160.2,Errand/Supplies
2024-11-09 01:36,2024-11-09 03:06,Business,Srinagar,Vijayawada,55.9,Weekend Trip
2024-03-17 22:34,2024-03-18 00:02,Business,Lonavala,Chennai,47.9,Errand/Supplies
2024-10-28 04:47,2024-10-28 06:13,Business,Nashik,Indore,46.2,Meal/Entertain
2024-03-13 10:11,2024-03-13 12:07,Business,Coimbatore,Vijayawada,64.0,Meeting
2024-08-26 23:39,2024-08-27 01:38,Business,Surat,Faridabad,68.8,Site Inspection
2024-12-19 05:34,2024-12-19 07:26,Business,Thiruvananthapuram,Vasai,67.3,Delivery Task
2024-11-12 09:22,2024-11-12 11:22,Business,Chandigarh,Chennai,67.7,Errand/Supplies
2024-08-22 08:00,2024-08-22 10:03,Business,Dhanbad,Pune,75.7,Meal/Entertain
2024-09-26 07:49,2024-09-26 09:29,Business,Agra,Gwalior,58.9,Office Commute
2024-06-14 18:15,2024-06-14 19:35,Business,Surat,Indore,49.1,Client Pickup
2024-02-05 14:07,2024-02-05 15:41,Personal,Lucknow,Indore,58.8,Airport Pickup
2024-02-16 21:52,2024-02-16 23:49,Business,Meerut,Kolkata,71.5,Temporary Site
2024-01-06 11:58,2024-01-06 13:20,Business,Thrissur,Tiruchirappalli,41.5,Errand/Supplies
2024-11-24 06:58,2024-11-24 08:31,Business,Bhopal,Chandigarh,54.2,Customer Visit
2024-03-12 00:36,2024-03-12 02:20,Personal,Vasai,Meerut,65.3,Customer Visit
2024-06-17 20:05,2024-06-17 22:08,Business,Tiruchirappalli,Lonavala,73.7,Temporary Site
2024-03-18 18:58,2024-03-18 20:37,Personal,Madurai,Vadodara,56.1,Site Inspection
2024-03-25 03:42,2024-03-25 04:59,Business,Kochi,Solapur,45.8,Customer Visit
2024-09-03 12:12,2024-09-03 13:50,Personal,Chandigarh,Chennai,60.3,Meeting
2024-05-14 09:56,2024-05-14 12:04,Personal,Solapur,Nagpur,79.9,Office Commute
2024-11-30 01:56,2024-11-30 03:47,Business,Raipur,Thiruvananthapuram,67.4,Office Commute
2024-05-26 10:08,2024-05-26 11:42,Business,Coimbatore,Rajkot,56.2,Meeting
2024-03-22 23:15,2024-03-23 01:30,Personal,Thiruvananthapuram,Varanasi,79.7,Office Commute
2024-12-14 09:28,2024-12-14 11:02,Business,Noida,Amritsar,49.7,Meal/Entertain
2024-02-14 13:27,2024-02-14 15:24,Business,Vadodara,Thane,74.2,Office Commute
2024-02-10 14:23,2024-02-10 16:04,Business,Guwahati,Jodhpur,59.7,Site Inspection
2024-08-05 01:14,2024-08-05 02:41,Business,Agra,Lonavala,49.2,Field Work
2024-01-06 06:18,2024-01-06 07:44,Business,Srinagar,Bhopal,53.0,Client Meeting
2024-01-23 06:22,2024-01-23 08:00,Business,Dhanbad,Srinagar,56.1,Temporary Site
2024-07-02 21:35,2024-07-02 23:40,Business,Patiala,Jodhpur,73.1,Client Pickup
2024-07-03 21:58,2024-07-03 23:20,Personal,Jaipur,Aurangabad,51.1,Meeting
2024-03-08 16:24,2024-03-08 17:35,Business,Jabalpur,Hubli,42.9,Team Outing
2024-01-28 23:16,2024-01-29 01:06,Business,Jabalpur,Bangalore,68.8,Site Inspection
2024-06-15 07:43,2024-06-15 09:16,Business,Mumbai,Srinagar,53.7,Client Meeting
2024-10-06 23:14,2024-10-07 00:36,Business,Ahmedabad,Mumbai,43.7,Meal/Entertain
2024-07-11 21:07,2024-07-11 22:50,Business,Mysore,Dewas,58.0,Field Work
2024-11-11 00:57,2024-11-11 02:54,Business,Thane,Coimbatore,72.1,Customer Visit
2024-09-15 21:45,2024-09-15 23:48,Business,Ahmedabad,Ghaziabad,79.1,Field Work
2024-02-22 19:11,2024-02-22 20:47,Personal,Aurangabad,Nashik,59.8,Airport Pickup
2024-04-04 14:59,2024-04-04 16:29,Business,Chandigarh,Howrah,48.1,Meeting
2024-09-08 08:57,2024-09-08 10:47,Business,Vasai,Nashik,61.3,Client Meeting
2024-03-24 17:43,2024-03-24 19:21,Business,Jodhpur,Allahabad,60.9,Errand/Supplies
2024-02-01 00:44,2024-02-01 02:23,Business,Chennai,Kanpur,59.4,Meeting
2024-01-11 23:56,2024-01-12 01:55,Business,Bhubaneswar,Kochi,67.0,Office Commute
2024-08-29 10:04,2024-08-29 11:55,Business,Hyderabad,Pune,61.2,Delivery Task
2024-09-04 13:01,2024-09-04 14:26,Business,Noida,Madurai,49.5,Client Pickup
2024-09-26 02:56,2024-09-26 05:04,Business,Navi Mumbai,Patna,76.6,Airport Drop
2024-05-28 10:39,2024-05-28 12:31,Business,Delhi,Bhopal,65.2,Errand/Supplies
2024-05-10 01:13,2024-05-10 02:57,Business,Howrah,Delhi,63.1,Meal/Entertain
2024-08-15 14:47,2024-08-15 16:03,Business,Dhanbad,Bhopal,46.3,Office Commute
2024-04-19 19:46,2024-04-19 21:21,Personal,Indore,Thrissur,50.9,Delivery Task
2024-01-20 09:29,2024-01-20 10:34,Business,Thane,Vijayawada,40.3,Customer Visit
2024-04-28 21:42,2024-04-28 23:23,Business,Bhubaneswar,Kalyan,58.6,Temporary Site
2024-04-25 15:10,2024-04-25 16:58,Business,Madurai,Patiala,59.9,Meeting
2024-02-04 13:47,2024-02-04 15:58,Business,Mysore,Kochi,75.4,Airport Pickup
2024-09-25 05:06,2024-09-25 06:32,Business,Thiruvananthapuram,Delhi,53.9,Meeting
2024-04-04 20:42,2024-04-04 21:59,Business,Ghaziabad,Tiruchirappalli,40.9,Errand/Supplies
2024-08-16 16:36,2024-08-16 18:05,Personal,Hubli,Pune,48.0,Delivery Task
2024-06-29 08:33,2024-06-29 10:03,Personal,Guwahati,Mumbai,47.5,Office Commute
2024-05-19 01:40,2024-05-19 03:22,Business,Bangalore,Bhopal,62.6,Office Commute
2024-05-24 01:36,2024-05-24 02:58,Business,Mumbai,Pune,42.0,Office Commute
2024-03-03 17:24,2024-03-03 18:55,Business,Rajkot,Agra,54.0,Office Commute
2024-04-01 04:13,2024-04-01 05:45,Business,Kolkata,Kalyan,57.1,Client Meeting
2024-08-29 01:56,2024-08-29 04:05,Business,Tiruchirappalli,Hubli,76.6,Site Inspection
2024-09-12 07:57,2024-09-12 09:31,Business,Nashik,Jodhpur,51.3,Delivery Task
2024-12-05 16:24,2024-12-05 18:23,Business,Faridabad,Howrah,70.1,Weekend Trip
2024-01-29 08:21,2024-01-29 09:50,Personal,Ranchi,Dhanbad,50.3,Meeting
2024-08-16 18:42,2024-08-16 20:49,Personal,Nashik,Bhopal,77.1,Meeting
2024-11-29 02:34,2024-11-29 04:29,Business,Solapur,Nagpur,68.2,Airport Drop
2024-12-08 02:44,2024-12-08 04:10,Business,Guwahati,Mysore,49.1,Conference Visit
2024-09-19 12:58,2024-09-19 14:39,Business,Varanasi,Kalyan,61.0,Meal/Entertain
2024-07-04 06:13,2024-07-04 08:00,Business,Chandigarh,Dhanbad,64.2,Delivery Task
2024-12-08 15:58,2024-12-08 17:49,Personal,Mumbai,Patiala,65.7,Delivery Task
2024-12-13 06:41,2024-12-13 08:58,Business,Bengaluru,Faridabad,78.7,Temporary Site
2024-07-04 22:09,2024-07-04 23:21,Business,Bhubaneswar,Amritsar,44.6,Meal/Entertain
2024-05-15 01:14,2024-05-15 03:16,Business,Kota,Hubli,74.1,Site Inspection
2024-05-10 18:04,2024-05-10 19:48,Business,Gwalior,Navi Mumbai,56.5,Delivery Task
2024-01-15 11:35,2024-01-15 13:33,Business,Thane,Mysore,71.1,Meeting
2024-11-25 10:19,2024-11-25 12:07,Business,Agra,Allahabad,62.7,Client Meeting
2024-03-27 18:40,2024-03-27 20:29,Business,Jaipur,Visakhapatnam,68.9,Weekend Trip
2024-05-18 04:01,2024-05-18 05:53,Business,Thiruvananthapuram,Ahmedabad,69.5,Airport Pickup
2024-06-28 05:13,2024-06-28 07:12,Business,Bhubaneswar,Srinagar,69.4,Meeting
2024-08-19 00:55,2024-08-19 02:43,Personal,Tiruchirappalli,Jodhpur,61.2,Errand/Supplies
2024-11-22 01:28,2024-11-22 03:25,Business,Delhi,Hyderabad,65.1,Meal/Entertain
2024-01-31 15:13,2024-01-31 17:22,Business,Agra,Meerut,78.8,Weekend Trip
2024-03-14 11:01,2024-03-14 12:47,Business,Aurangabad,Ghaziabad,62.1,Site Inspection
2024-01-29 03:33,2024-01-29 04:58,Business,Pune,Hubli,48.9,Site Inspection
2024-03-20 11:58,2024-03-20 13:14,Business,Visakhapatnam,Madurai,41.9,Errand/Supplies
2024-12-28 06:12,2024-12-28 07:45,Business,Varanasi,Coimbatore,56.3,Meal/Entertain
2024-04-23 16:40,2024-04-23 18:08,Personal,Allahabad,Tiruchirappalli,52.4,Temporary Site
2024-04-26 23:55,2024-04-27 01:13,Business,Ghaziabad,Kalyan,44.3,Office Commute
2024-10-14 22:49,2024-10-15 00:30,Business,Patiala,Kochi,56.6,Conference Visit
2024-08-02 10:35,2024-08-02 11:51,Personal,Surat,Thiruvananthapuram,41.1,Office Commute
2024-04-18 23:11,2024-04-18 23:52,Personal,Raipur,Raipur,16.4,Client Pickup
2024-11-08 12:30,2024-11-08 13:46,Business,Solapur,Mysore,46.1,Delivery Task
2024-04-21 02:08,2024-04-21 03:41,Business,Noida,Patiala,57.5,Site Inspection
2024-03-21 17:12,2024-03-21 18:29,Personal,Kolkata,Ghaziabad,41.5,Office Commute
2024-11-20 04:06,2024-11-20 06:09,Personal,Amritsar,Chandigarh,71.8,Conference Visit
2024-04-18 20:52,2024-04-18 22:43,Business,Amritsar,Chennai,62.4,Client Pickup
2024-10-10 10:32,2024-10-10 12:27,Business,Jodhpur,Hyderabad,70.1,Airport Pickup
2024-02-22 05:05,2024-02-22 06:28,Business,Delhi,Chandigarh,45.5,Meeting
2024-12-06 21:49,2024-12-06 23:06,Business,Jodhpur,Mumbai,48.6,Site Inspection
2024-06-30 22:14,2024-06-30 23:48,Business,Dhanbad,Ahmedabad,50.1,Meeting
2024-06-15 03:09,2024-06-15 05:08,Business,Aurangabad,Rajkot,66.8,Customer Visit
2024-06-14 18:41,2024-06-14 20:16,Business,Jabalpur,Visakhapatnam,57.5,Errand/Supplies
2024-11-12 01:27,2024-11-12 03:02,Business,Srinagar,Kota,53.9,Delivery Task
2024-09-06 05:35,2024-09-06 07:01,Business,Faridabad,Vasai,46.9,Meal/Entertain
2024-12-19 12:00,2024-12-19 14:06,Business,Dewas,Amritsar,76.1,Client Pickup
2024-07-08 09:05,2024-07-08 10:30,Business,Ranchi,Mysore,50.3,Meal/Entertain
2024-11-03 17:44,2024-11-03 19:36,Business,Faridabad,Ahmedabad,68.7,Client Meeting
2024-11-06 12:23,2024-11-06 13:55,Business,Allahabad,Bhubaneswar,58.3,Conference Visit
2024-09-14 01:31,2024-09-14 03:37,Business,Bangalore,Kolkata,78.3,Site Inspection
2024-11-12 06:03,2024-11-12 07:24,Business,Gwalior,Amritsar,42.3,Site Inspection
2024-06-28 15:27,2024-06-28 17:27,Business,Vijayawada,Thrissur,75.3,Site Inspection
2024-07-11 07:31,2024-07-11 09:24,Business,Thrissur,Vijayawada,65.4,Office Commute
2024-11-19 06:34,2024-11-19 08:21,Business,Thiruvananthapuram,Ghaziabad,64.9,Errand/Supplies
2024-12-23 11:39,2024-12-23 13:30,Business,Visakhapatnam,Ghaziabad,61.5,Delivery Task
2024-05-11 20:10,2024-05-11 21:54,Personal,Chandigarh,Surat,65.2,Customer Visit
2024-08-15 03:58,2024-08-15 05:15,Business,Coimbatore,Chandigarh,41.6,Client Pickup
2024-04-08 22:11,2024-04-08 23:36,Personal,Jaipur,Jodhpur,51.3,Airport Drop
2024-08-10 16:30,2024-08-10 17:48,Business,Faridabad,Lonavala,47.5,Client Pickup
2024-01-19 07:26,2024-01-19 08:39,Business,Surat,Coimbatore,43.4,Field Work
2024-09-27 15:28,2024-09-27 16:46,Business,Ludhiana,Kolkata,41.7,Meeting
2024-08-26 12:40,2024-08-26 14:41,Personal,Pune,Meerut,76.7,Airport Drop
2024-06-25 11:27,2024-06-25 13:27,Business,Patiala,Vijayawada,76.0,Office Commute
2024-11-05 21:19,2024-11-05 23:12,Business,Vadodara,Thiruvananthapuram,67.7,Conference Visit
2024-08-28 13:28,2024-08-28 15:16,Business,Nagpur,Chandigarh,63.5,Customer Visit
2024-12-09 23:47,2024-12-10 01:14,Business,Pune,Indore,52.7,Client Meeting
2024-07-10 03:54,2024-07-10 05:19,Business,Lonavala,Bengaluru,45.7,Team Outing
2024-03-11 14:23,2024-03-11 16:06,Business,Ranchi,Ghaziabad,62.3,Client Pickup
2024-02-13 21:06,2024-02-13 22:32,Personal,Ahmedabad,Jabalpur,46.0,Site Inspection
2024-04-11 05:38,2024-04-11 07:36,Business,Coimbatore,Jaipur,67.4,Delivery Task
2024-01-01 14:03,2024-01-01 15:58,Business,Tiruchirappalli,Delhi,69.6,Errand/Supplies
2024-12-17 09:45,2024-12-17 11:16,Personal,Delhi,Gwalior,57.7,Conference Visit
2024-08-20 17:08,2024-08-20 18:53,Business,Howrah,Lucknow,60.0,Customer Visit
2024-01-05 00:13,2024-01-05 02:17,Business,Agra,Guwahati,72.2,Meeting
2024-05-15 16:16,2024-05-15 17:53,Business,Nashik,Patna,60.3,Conference Visit
2024-09-21 19:29,2024-09-21 20:59,Business,Nashik,Srinagar,47.6,Client Meeting
2024-06-03 06:44,2024-06-03 08:56,Business,Lonavala,Ghaziabad,76.2,Customer Visit
2024-08-20 03:16,2024-08-20 05:27,Business,Navi Mumbai,Patiala,77.9,Office Commute
2024-07-12 09:46,2024-07-12 11:33,Business,Kalyan,Dhanbad,58.1,Field Work
2024-08-08 07:02,2024-08-08 09:05,Business,Hubli,Surat,76.5,Weekend Trip
2024-07-29 18:40,2024-07-29 20:11,Business,Ahmedabad,Kalyan,56.0,Airport Pickup
2024-05-23 06:15,2024-05-23 07:26,Business,Chandigarh,Thane,41.1,Field Work
2024-12-24 20:52,2024-12-24 22:14,Business,Chandigarh,Mysore,42.9,Conference Visit
2024-10-21 03:57,2024-10-21 05:33,Personal,Dewas,Allahabad,52.7,Meal/Entertain
2024-11-11 11:46,2024-11-11 13:35,Business,Dhanbad,Kanpur,66.7,Office Commute
2024-04-25 05:03,2024-04-25 06:50,Personal,Noida,Kalyan,64.9,Airport Drop
2024-04-10 16:00,2024-04-10 17:25,Business,Allahabad,Kanpur,53.4,Meal/Entertain
2024-03-20 12:31,2024-03-20 13:44,Business,Noida,Patiala,43.9,Client Meeting
2024-01-17 22:28,2024-01-18 00:32,Business,Dhanbad,Noida,74.1,Site Inspection
2024-11-28 06:12,2024-11-28 07:35,Personal,Mumbai,Madurai,49.0,Errand/Supplies
2024-02-28 23:15,2024-02-29 00:33,Business,Aurangabad,Thiruvananthapuram,47.1,Meeting
2024-04-24 23:35,2024-04-25 01:05,Business,Thrissur,Coimbatore,54.9,Meal/Entertain
2024-07-30 01:13,2024-07-30 03:23,Business,Raipur,Jabalpur,74.8,Customer Visit
2024-01-04 06:37,2024-01-04 08:02,Business,Madurai,Lonavala,51.9,Client Pickup
2024-08-04 00:49,2024-08-04 02:14,Business,Solapur,Mysore,53.1,Conference Visit
2024-11-21 03:00,2024-11-21 04:50,Business,Jaipur,Howrah,70.0,Site Inspection
2024-07-14 03:25,2024-07-14 05:19,Business,Allahabad,Surat,62.8,Delivery Task
2024-05-01 19:41,2024-05-01 21:10,Business,Kochi,Navi Mumbai,49.8,Office Commute
2024-04-19 10:16,2024-04-19 12:11,Business,Srinagar,Ranchi,65.5,Conference Visit
2024-06-18 01:42,2024-06-18 02:58,Business,Ranchi,Howrah,44.8,Team Outing
2024-02-24 17:22,2024-02-24 18:46,Personal,Dewas,Gwalior,44.5,Meal/Entertain
2024-01-07 15:27,2024-01-07 16:52,Business,Thane,Chandigarh,47.7,Meeting
2024-02-13 19:04,2024-02-13 20:31,Business,Pune,Aurangabad,48.7,Delivery Task
2024-08-08 17:25,2024-08-08 19:28,Business,Rajkot,Lonavala,76.7,Site Inspection
2024-11-16 13:07,2024-11-16 14:51,Business,Bangalore,Kota,57.9,Temporary Site
2024-08-11 10:48,2024-08-11 12:32,Business,Mysore,Nashik,64.5,Delivery Task
2024-10-12 14:00,2024-10-12 15:17,Business,Noida,Chennai,48.0,Delivery Task
2024-01-09 03:08,2024-01-09 04:43,Business,Amritsar,Dhanbad,56.9,Customer Visit
2024-03-17 09:27,2024-03-17 10:57,Business,Raipur,Agra,53.9,Meeting
2024-12-05 00:39,2024-12-05 02:10,Business,Madurai,Hyderabad,55.8,Client Meeting
2024-03-10 16:41,2024-03-10 18:13,Personal,Agra,Hubli,53.1,Office Commute
2024-10-02 15:40,2024-10-02 16:59,Business,Faridabad,Varanasi,49.4,Meeting
2024-06-11 07:23,2024-06-11 08:42,Personal,Visakhapatnam,Indore,46.5,Meeting
2024-01-24 03:53,2024-01-24 05:48,Personal,Patiala,Srinagar,64.5,Office Commute
2024-06-26 15:10,2024-06-26 16:37,Business,Jodhpur,Madurai,46.6,Weekend Trip
2024-08-03 20:31,2024-08-03 21:52,Business,Visakhapatnam,Faridabad,47.1,Client Pickup
2024-09-18 10:26,2024-09-18 12:30,Business,Varanasi,Vadodara,75.7,Errand/Supplies
2024-02-02 08:25,2024-02-02 10:34,Business,Dewas,Thiruvananthapuram,76.0,Site Inspection
2024-12-20 14:15,2024-12-20 16:29,Business,Navi Mumbai,Bhopal,78.5,Meeting
2024-08-02 10:24,2024-08-02 11:52,Personal,Coimbatore,Jodhpur,49.9,Meal/Entertain
2024-03-01 21:57,2024-03-01 23:38,Business,Srinagar,Bengaluru,60.2,Errand/Supplies
2024-09-18 09:03,2024-09-18 10:24,Business,Vasai,Dhanbad,46.1,Meal/Entertain
2024-10-09 20:27,2024-10-09 22:18,Personal,Indore,Vasai,69.5,Customer Visit
2024-10-12 22:39,2024-10-13 00:40,Business,Ludhiana,Kota,77.5,Meeting
2024-09-09 16:25,2024-09-09 17:54,Business,Jodhpur,Vasai,55.4,Team Outing
2024-08-14 00:38,2024-08-14 02:10,Business,Kanpur,Solapur,54.8,Meeting
2024-02-09 00:16,2024-02-09 02:01,Business,Agra,Navi Mumbai,61.5,Meeting
2024-08-23 14:50,2024-08-23 16:16,Business,Faridabad,Srinagar,45.1,Office Commute
2024-02-12 23:30,2024-02-13 01:16,Business,Kalyan,Bhopal,60.1,Office Commute
2024-04-05 21:44,2024-04-05 23:29,Business,Mysore,Kalyan,61.3,Field Work
2024-01-07 11:03,2024-01-07 12:56,Personal,Indore,Patiala,69.4,Client Pickup
2024-11-15 05:21,2024-11-15 07:19,Business,Pune,Jodhpur,67.8,Temporary Site
2024-05-17 10:36,2024-05-17 12:20,Business,Madurai,Jaipur,64.5,Delivery Task
2024-07-15 23:43,2024-07-16 01:11,Business,Bhubaneswar,Hubli,52.3,Team Outing
2024-06-17 23:56,2024-06-18 01:17,Personal,Hyderabad,Hubli,50.9,Customer Visit
2024-08-12 23:45,2024-08-13 01:43,Business,Solapur,Kochi,75.5,Meeting
2024-08-27 18:02,2024-08-27 19:28,Business,Kochi,Guwahati,45.7,Office Commute
2024-10-23 21:22,2024-10-23 22:59,Business,Kanpur,Mysore,52.2,Team Outing
2024-01-02 11:51,2024-01-02 13:11,Business,Mumbai,Nashik,40.9,Office Commute
2024-05-16 16:20,2024-05-16 17:49,Business,Howrah,Patna,50.2,Delivery Task
2024-11-07 17:57,2024-11-07 19:41,Business,Jodhpur,Guwahati,60.4,Team Outing
2024-06-26 23:59,2024-06-27 01:31,Business,Bhopal,Kalyan,51.6,Office Commute
2024-07-26 01:57,2024-07-26 03:37,Business,Dewas,Jodhpur,61.5,Office Commute
2024-04-13 00:02,2024-04-13 01:47,Personal,Jaipur,Gwalior,61.3,Site Inspection
2024-09-05 13:19,2024-09-05 14:46,Personal,Hubli,Agra,46.7,Office Commute
2024-11-20 13:14,2024-11-20 14:30,Business,Varanasi,Agra,46.8,Meeting
2024-06-03 01:34,2024-06-03 03:18,Business,Chennai,Jodhpur,58.3,Delivery Task
2024-11-22 04:07,2024-11-22 05:20,Business,Gwalior,Meerut,42.4,Customer Visit
2024-02-10 12:50,2024-02-10 14:23,Business,Guwahati,Madurai,54.3,Office Commute
2024-03-14 18:29,2024-03-14 20:09,Business,Agra,Meerut,62.9,Errand/Supplies
2024-08-02 00:18,2024-08-02 02:18,Business,Hyderabad,Kota,72.6,Meal/Entertain
2024-11-27 21:32,2024-11-27 22:55,Business,Nashik,Nagpur,50.5,Meal/Entertain
2024-01-06 15:47,2024-01-06 17:47,Business,Meerut,Indore,74.6,Site Inspection
2024-01-19 08:20,2024-01-19 10:19,Business,Visakhapatnam,Kochi,76.6,Airport Pickup
2024-10-22 01:35,2024-10-22 03:35,Business,Dewas,Allahabad,68.8,Customer Visit
2024-03-19 22:56,2024-03-20 00:22,Business,Bengaluru,Mysore,54.2,Meeting
2024-04-11 09:14,2024-04-11 10:30,Personal,Vijayawada,Indore,43.9,Meeting
2024-12-14 10:32,2024-12-14 12:25,Personal,Thiruvananthapuram,Kochi,66.6,Weekend Trip
2024-07-05 08:32,2024-07-05 10:07,Business,Kanpur,Kochi,60.1,Airport Drop
2024-12-07 01:17,2024-12-07 02:32,Business,Noida,Bhopal,46.5,Temporary Site
2024-05-24 14:39,2024-05-24 15:59,Business,Ahmedabad,Bhopal,48.2,Meeting
2024-04-07 21:24,2024-04-07 22:50,Business,Amritsar,Dhanbad,51.8,Office Commute
2024-04-16 12:16,2024-04-16 12:50,Business,Nagpur,Nagpur,12.9,Weekend Trip
2024-12-21 22:49,2024-12-22 00:29,Business,Kanpur,Meerut,56.0,Client Meeting
2024-11-01 19:04,2024-11-01 20:35,Business,Chennai,Howrah,55.1,Temporary Site
2024-06-18 09:33,2024-06-18 11:29,Business,Bhopal,Hubli,64.5,Temporary Site
2024-03-12 13:12,2024-03-12 15:08,Business,Bhubaneswar,Hubli,70.7,Office Commute
2024-04-24 12:37,2024-04-24 14:34,Personal,Bhopal,Nagpur,65.9,Office Commute
2024-04-27 21:30,2024-04-27 23:38,Business,Surat,Ahmedabad,76.0,Client Meeting
2024-08-21 07:41,2024-08-21 09:34,Business,Patna,Surat,63.9,Office Commute
2024-03-31 00:09,2024-03-31 02:10,Business,Hubli,Chennai,73.0,Team Outing
2024-02-23 06:36,2024-02-23 07:54,Business,Hubli,Agra,43.3,Errand/Supplies
2024-09-29 10:36,2024-09-29 11:48,Business,Hyderabad,Rajkot,44.1,Client Meeting
2024-03-12 18:47,2024-03-12 20:01,Business,Agra,Ranchi,45.1,Airport Pickup
2024-07-02 10:10,2024-07-02 12:05,Business,Visakhapatnam,Vadodara,68.7,Client Meeting
2024-06-28 22:24,2024-06-29 00:21,Business,Visakhapatnam,Srinagar,65.3,Office Commute
2024-07-30 21:09,2024-07-30 22:53,Personal,Chennai,Kanpur,61.4,Office Commute
2024-05-04 18:04,2024-05-04 20:01,Business,Nashik,Indore,68.5,Meeting
2024-09-21 13:52,2024-09-21 15:26,Business,Chennai,Coimbatore,52.2,Errand/Supplies
2024-02-14 21:59,2024-02-14 23:20,Business,Bhubaneswar,Raipur,44.1,Meal/Entertain
2024-01-22 06:12,2024-01-22 07:53,Business,Lonavala,Jabalpur,57.9,Office Commute
2024-05-21 01:56,2024-05-21 03:48,Business,Vijayawada,Amritsar,65.5,Delivery Task
2024-04-14 13:32,2024-04-14 15:19,Business,Nagpur,Bangalore,58.2,Meeting
2024-10-26 23:04,2024-10-27 00:25,Personal,Dhanbad,Solapur,48.6,Errand/Supplies
2024-11-27 08:09,2024-11-27 10:06,Personal,Howrah,Kochi,69.3,Team Outing
2024-05-18 09:57,2024-05-18 11:38,Business,Bhopal,Thrissur,58.4,Meal/Entertain
2024-04-10 22:58,2024-04-11 00:39,Personal,Pune,Thane,58.4,Conference Visit
2024-03-30 20:30,2024-03-30 21:52,Business,Tiruchirappalli,Vasai,41.5,Customer Visit
2024-12-05 08:50,2024-12-05 10:22,Business,Lucknow,Madurai,56.9,Meal/Entertain
2024-12-22 16:31,2024-12-22 18:19,Business,Pune,Delhi,65.8,Client Pickup
2024-12-20 19:27,2024-12-20 20:44,Business,Kanpur,Visakhapatnam,47.0,Office Commute
2024-03-17 05:38,2024-03-17 07:15,Business,Indore,Surat,61.7,Site Inspection
2024-09-22 17:52,2024-09-22 19:10,Personal,Gwalior,Thiruvananthapuram,47.4,Meal/Entertain
2024-06-07 16:22,2024-06-07 18:18,Business,Hubli,Coimbatore,67.7,Meal/Entertain
2024-03-28 22:26,2024-03-29 00:05,Business,Thrissur,Patiala,53.1,Delivery Task
2024-07-17 19:06,2024-07-17 19:23,Personal,Thane,Thane,6.0,Errand/Supplies
2024-04-18 10:29,2024-04-18 11:57,Personal,Indore,Kanpur,47.5,Meeting
2024-05-27 03:36,2024-05-27 05:12,Business,Lonavala,Bangalore,57.7,Meeting
2024-04-30 13:03,2024-04-30 15:10,Personal,Mysore,Thane,77.3,Airport Drop
2024-08-11 12:54,2024-08-11 14:42,Business,Dewas,Thiruvananthapuram,63.5,Client Meeting
2024-12-17 20:51,2024-12-17 22:31,Business,Varanasi,Jaipur,57.2,Meeting
2024-01-12 06:14,2024-01-12 07:55,Personal,Amritsar,Nashik,63.4,Customer Visit
2024-07-05 07:02,2024-07-05 08:47,Business,Bhopal,Amritsar,62.2,Office Commute
2024-12-27 14:42,2024-12-27 16:11,Business,Mumbai,Ahmedabad,49.4,Meeting
2024-07-21 18:01,2024-07-21 19:39,Business,Chennai,Bengaluru,56.4,Meeting
2024-04-17 13:13,2024-04-17 14:44,Business,Vasai,Gwalior,51.8,Weekend Trip
2024-08-26 20:53,2024-08-26 23:02,Personal,Nashik,Solapur,73.6,Site Inspection
2024-12-06 12:45,2024-12-06 14:34,Business,Mysore,Jabalpur,62.4,Weekend Trip
2024-10-02 17:28,2024-10-02 19:03,Business,Thiruvananthapuram,Srinagar,53.1,Meal/Entertain
2024-02-13 04:06,2024-02-13 05:43,Personal,Solapur,Ludhiana,60.7,Conference Visit
2024-06-28 17:14,2024-06-28 19:05,Business,Coimbatore,Chandigarh,69.8,Delivery Task
2024-09-05 06:41,2024-09-05 08:32,Business,Thiruvananthapuram,Bhubaneswar,61.6,Errand/Supplies
2024-10-18 12:13,2024-10-18 14:22,Business,Vasai,Bangalore,77.0,Errand/Supplies
2024-11-02 18:28,2024-11-02 20:29,Business,Vijayawada,Ghaziabad,72.4,Conference Visit
2024-12-05 08:51,2024-12-05 10:30,Business,Surat,Visakhapatnam,59.9,Office Commute
2024-03-11 18:27,2024-03-11 19:44,Business,Ludhiana,Jodhpur,44.2,Client Meeting
2024-10-19 01:00,2024-10-19 02:48,Business,Navi Mumbai,Ahmedabad,60.1,Errand/Supplies
2024-04-05 10:39,2024-04-05 12:03,Business,Tiruchirappalli,Madurai,43.3,Customer Visit
2024-05-10 16:57,2024-05-10 18:58,Business,Thrissur,Madurai,77.8,Errand/Supplies
2024-11-23 15:56,2024-11-23 17:58,Business,Varanasi,Thiruvananthapuram,74.7,Office Commute
2024-05-23 20:26,2024-05-23 22:15,Personal,Thrissur,Bengaluru,63.1,Meeting
2024-08-15 06:28,2024-08-15 08:34,Business,Chandigarh,Meerut,77.0,Delivery Task
2024-11-17 23:23,2024-11-18 00:43,Business,Dhanbad,Thiruvananthapuram,43.6,Weekend Trip
2024-10-07 08:42,2024-10-07 10:02,Business,Ranchi,Lucknow,40.8,Customer Visit
2024-03-16 19:00,2024-03-16 20:49,Business,Ranchi,Agra,66.8,Errand/Supplies
2024-08-14 23:52,2024-08-15 01:13,Business,Patna,Jodhpur,49.6,Meeting
2024-11-27 04:57,2024-11-27 06:48,Personal,Agra,Faridabad,61.3,Office Commute
2024-02-17 02:14,2024-02-17 03:44,Business,Howrah,Bhubaneswar,52.6,Errand/Supplies
2024-11-05 18:10,2024-11-05 20:07,Business,Rajkot,Kanpur,73.1,Conference Visit
2024-05-07 06:45,2024-05-07 07:53,Business,Tiruchirappalli,Lucknow,41.7,Site Inspection
2024-03-21 05:30,2024-03-21 07:29,Business,Varanasi,Bhubaneswar,68.6,Weekend Trip
2024-11-01 15:32,2024-11-01 17:33,Business,Aurangabad,Vasai,67.9,Client Meeting
2024-06-19 19:53,2024-06-19 21:08,Personal,Dewas,Jaipur,45.6,Office Commute
2024-06-04 17:03,2024-06-04 18:58,Business,Dewas,Pune,68.8,Office Commute
2024-08-28 06:32,2024-08-28 07:34,Personal,Dewas,Indore,37.9,Errand/Supplies
2024-12-05 08:32,2024-12-05 10:22,Business,Raipur,Agra,61.8,Client Meeting
2024-09-15 12:23,2024-09-15 13:52,Business,Bangalore,Jabalpur,51.7,Site Inspection
2024-05-25 20:35,2024-05-25 22:10,Business,Bangalore,Noida,55.4,Meeting
2024-11-02 17:58,2024-11-02 19:27,Business,Mysore,Lonavala,54.3,Meeting
2024-09-20 15:16,2024-09-20 16:45,Business,Bengaluru,Jaipur,55.7,Team Outing
2024-07-02 03:02,2024-07-02 05:16,Business,Patiala,Bhubaneswar,76.4,Airport Pickup
2024-09-09 11:54,2024-09-09 14:10,Personal,Coimbatore,Kolkata,79.9,Errand/Supplies
2024-03-09 18:35,2024-03-09 19:57,Business,Kalyan,Agra,50.0,Delivery Task
2024-09-30 17:10,2024-09-30 18:32,Business,Jaipur,Thane,42.7,Meeting
2024-09-27 12:28,2024-09-27 14:24,Business,Aurangabad,Allahabad,64.9,Meeting
2024-12-04 17:25,2024-12-04 18:59,Personal,Hubli,Navi Mumbai,53.4,Meal/Entertain
2024-02-18 07:51,2024-02-18 09:55,Business,Kalyan,Thrissur,79.0,Meal/Entertain
2024-07-09 10:59,2024-07-09 12:10,Personal,Delhi,Patiala,40.0,Delivery Task
2024-06-12 23:22,2024-06-13 00:56,Personal,Agra,Ghaziabad,56.8,Temporary Site
2024-09-03 03:04,2024-09-03 04:23,Business,Visakhapatnam,Tiruchirappalli,44.1,Errand/Supplies
2024-08-12 20:46,2024-08-12 22:29,Business,Patna,Guwahati,61.2,Airport Drop
2024-08-11 10:35,2024-08-11 12:48,Business,Mysore,Hubli,77.1,Errand/Supplies
2024-12-22 07:11,2024-12-22 09:01,Personal,Mumbai,Thane,70.2,Meal/Entertain
2024-11-29 06:58,2024-11-29 08:43,Personal,Mumbai,Coimbatore,61.5,Meeting
2024-05-04 05:41,2024-05-04 07:13,Business,Nashik,Lucknow,50.8,Customer Visit
2024-10-24 20:12,2024-10-24 22:16,Business,Bhopal,Tiruchirappalli,73.2,Client Pickup
2024-07-09 16:04,2024-07-09 17:20,Business,Madurai,Ranchi,45.4,Office Commute
2024-06-13 23:35,2024-06-14 00:44,Business,Kolkata,Guwahati,40.9,Delivery Task
2024-11-14 18:02,2024-11-14 20:05,Personal,Surat,Bengaluru,73.6,Errand/Supplies
2024-04-28 11:25,2024-04-28 12:38,Business,Srinagar,Rajkot,41.4,Client Pickup
2024-07-15 23:58,2024-07-16 02:12,Business,Mysore,Lucknow,76.0,Office Commute
2024-05-19 11:28,2024-05-19 13:19,Business,Dewas,Meerut,66.1,Meal/Entertain
2024-07-03 10:21,2024-07-03 11:57,Business,Rajkot,Dhanbad,51.4,Meeting
2024-01-04 06:33,2024-01-04 07:51,Business,Agra,Thrissur,49.3,Site Inspection
2024-03-15 22:54,2024-03-16 01:09,Personal,Nashik,Vijayawada,78.1,Delivery Task
2024-05-15 09:56,2024-05-15 11:32,Business,Ahmedabad,Coimbatore,55.8,Team Outing
2024-01-27 08:07,2024-01-27 10:12,Personal,Surat,Chennai,77.0,Office Commute
2024-05-18 07:05,2024-05-18 09:07,Business,Vadodara,Bangalore,69.0,Airport Pickup
2024-01-22 23:31,2024-01-23 00:55,Business,Kolkata,Bhubaneswar,42.7,Weekend Trip
2024-08-07 10:25,2024-08-07 11:52,Business,Pune,Mysore,50.9,Meal/Entertain
2024-11-22 07:07,2024-11-22 09:00,Business,Chennai,Guwahati,71.2,Client Pickup
2024-02-08 08:47,2024-02-08 10:32,Personal,Amritsar,Nashik,64.6,Airport Pickup
2024-01-11 22:28,2024-01-12 00:45,Business,Chandigarh,Solapur,78.1,Meeting
2024-12-28 11:00,2024-12-28 12:33,Personal,Chandigarh,Ranchi,50.2,Client Pickup
2024-07-11 15:08,2024-07-11 16:26,Business,Dewas,Coimbatore,43.1,Office Commute
2024-11-19 06:21,2024-11-19 07:32,Business,Surat,Chandigarh,40.6,Conference Visit
2024-08-29 12:07,2024-08-29 13:44,Business,Coimbatore,Kalyan,61.3,Customer Visit
2024-02-08 12:46,2024-02-08 14:34,Personal,Allahabad,Delhi,61.0,Site Inspection
2024-06-04 02:16,2024-06-04 03:44,Business,Dewas,Amritsar,46.0,Errand/Supplies
2024-02-28 19:34,2024-02-28 21:36,Business,Pune,Noida,77.4,Errand/Supplies
2024-05-31 19:40,2024-05-31 21:45,Business,Allahabad,Nagpur,71.7,Airport Drop
2024-06-07 22:40,2024-06-08 00:06,Business,Rajkot,Bhubaneswar,54.4,Site Inspection
2024-01-12 15:51,2024-01-12 17:33,Business,Agra,Hyderabad,64.2,Site Inspection
2024-11-05 21:21,2024-11-05 22:45,Business,Bengaluru,Lonavala,53.3,Meeting
2024-02-04 17:58,2024-02-04 19:45,Business,Ahmedabad,Thane,64.6,Field Work
2024-07-28 22:09,2024-07-28 23:32,Personal,Solapur,Srinagar,44.4,Errand/Supplies
2024-01-30 08:22,2024-01-30 10:07,Business,Mumbai,Allahabad,58.9,Client Pickup
2024-11-15 20:45,2024-11-15 21:59,Personal,Lonavala,Chandigarh,41.0,Customer Visit
2024-10-15 17:44,2024-10-15 19:48,Business,Hubli,Vadodara,70.9,Meeting
2024-03-05 22:15,2024-03-05 23:28,Business,Surat,Bhopal,44.4,Field Work
2024-02-26 04:41,2024-02-26 05:56,Business,Kota,Thrissur,42.2,Customer Visit
2024-12-16 10:53,2024-12-16 12:49,Business,Solapur,Howrah,71.5,Delivery Task
2024-01-06 23:30,2024-01-07 01:17,Business,Coimbatore,Jabalpur,65.9,Customer Visit
2024-10-20 08:10,2024-10-20 09:52,Personal,Hyderabad,Coimbatore,63.5,Meeting
2024-01-07 14:36,2024-01-07 16:28,Business,Chandigarh,Rajkot,66.6,Weekend Trip
2024-07-03 06:17,2024-07-03 08:14,Business,Howrah,Ranchi,71.9,Errand/Supplies
2024-05-02 15:31,2024-05-02 17:16,Business,Jaipur,Nashik,65.0,Client Meeting
2024-09-10 00:50,2024-09-10 02:33,Business,Dhanbad,Visakhapatnam,56.4,Field Work
2024-09-19 23:16,2024-09-20 00:58,Business,Nagpur,Thiruvananthapuram,62.3,Meal/Entertain
2024-07-28 17:37,2024-07-28 19:14,Business,Guwahati,Indore,54.4,Temporary Site
2024-12-27 05:32,2024-12-27 06:45,Business,Bhopal,Jaipur,44.4,Client Meeting
2024-10-21 03:55,2024-10-21 06:01,Personal,Chennai,Thane,75.2,Meal/Entertain
2024-04-09 03:33,2024-04-09 05:46,Business,Rajkot,Nagpur,75.4,Office Commute
2024-07-18 11:59,2024-07-18 14:11,Business,Meerut,Kanpur,76.3,Customer Visit
2024-12-18 13:49,2024-12-18 15:54,Business,Bhubaneswar,Dewas,80.0,Delivery Task
2024-01-10 04:17,2024-01-10 05:56,Business,Lucknow,Ludhiana,58.2,Meal/Entertain
2024-08-07 06:02,2024-08-07 08:08,Personal,Kochi,Thiruvananthapuram,79.1,Client Meeting
2024-08-08 07:11,2024-08-08 08:57,Business,Mumbai,Allahabad,64.8,Customer Visit
2024-08-09 20:43,2024-08-09 21:57,Business,Bangalore,Kanpur,42.0,Customer Visit
2024-11-19 17:46,2024-11-19 19:34,Business,Jodhpur,Nagpur,65.0,Delivery Task
2024-04-14 11:24,2024-04-14 12:58,Business,Surat,Hubli,51.1,Meeting
2024-03-02 06:03,2024-03-02 07:13,Business,Guwahati,Kochi,41.6,Meal/Entertain
2024-04-16 12:51,2024-04-16 14:33,Business,Dhanbad,Mumbai,56.4,Airport Pickup
2024-01-26 14:24,2024-01-26 15:34,Business,Coimbatore,Chandigarh,40.4,Meal/Entertain
2024-10-15 09:00,2024-10-15 10:50,Business,Delhi,Ranchi,67.5,Field Work
2024-12-07 05:36,2024-12-07 07:06,Business,Vadodara,Agra,53.2,Customer Visit
2024-11-04 01:54,2024-11-04 03:30,Personal,Solapur,Dewas,55.1,Temporary Site
2024-08-18 14:05,2024-08-18 15:40,Business,Ranchi,Raipur,58.1,Meal/Entertain
2024-02-04 22:41,2024-02-05 00:23,Business,Nashik,Agra,62.7,Customer Visit
2024-08-13 02:41,2024-08-13 03:48,Business,Ghaziabad,Bhopal,40.1,Customer Visit
2024-11-14 14:40,2024-11-14 16:29,Business,Jaipur,Mumbai,65.1,Meeting
2024-10-15 05:28,2024-10-15 07:43,Business,Bhubaneswar,Patna,77.4,Office Commute
2024-07-29 09:43,2024-07-29 11:21,Personal,Ranchi,Raipur,55.5,Customer Visit
2024-11-27 21:10,2024-11-27 23:25,Business,Howrah,Madurai,78.0,Errand/Supplies
2024-01-09 22:54,2024-01-10 00:09,Business,Kota,Ghaziabad,41.6,Meeting
2024-02-07 14:03,2024-02-07 15:22,Business,Patna,Dhanbad,44.7,Meal/Entertain
2024-02-03 01:46,2024-02-03 03:32,Business,Kochi,Bangalore,60.9,Conference Visit
2024-09-26 15:22,2024-09-26 17:13,Business,Bangalore,Patiala,65.8,Client Pickup
2024-11-08 13:48,2024-11-08 15:36,Business,Hyderabad,Lucknow,62.9,Office Commute
2024-11-25 06:40,2024-11-25 08:00,Business,Chandigarh,Ahmedabad,50.4,Customer Visit
2024-04-17 20:40,2024-04-17 22:43,Business,Aurangabad,Jabalpur,70.5,Delivery Task
2024-08-11 05:05,2024-08-11 06:40,Personal,Kalyan,Ahmedabad,55.0,Meal/Entertain
2024-06-06 01:29,2024-06-06 03:03,Business,Gwalior,Mysore,50.9,Weekend Trip
2024-08-01 19:22,2024-08-01 20:36,Business,Kochi,Chandigarh,43.8,Airport Drop
2024-02-24 02:10,2024-02-24 03:17,Business,Guwahati,Varanasi,40.6,Meal/Entertain
2024-03-27 09:46,2024-03-27 11:13,Business,Pune,Lucknow,45.5,Airport Drop
2024-02-27 23:30,2024-02-28 01:45,Business,Nagpur,Visakhapatnam,78.7,Office Commute
2024-01-28 04:42,2024-01-28 06:32,Business,Chandigarh,Allahabad,60.0,Client Pickup
2024-03-29 07:32,2024-03-29 08:56,Business,Ghaziabad,Pune,45.4,Airport Drop
2024-12-27 09:22,2024-12-27 10:43,Business,Navi Mumbai,Delhi,46.4,Client Meeting
2024-10-26 15:44,2024-10-26 16:58,Business,Indore,Kolkata,43.8,Meal/Entertain
2024-09-23 15:44,2024-09-23 17:35,Business,Meerut,Pune,62.0,Site Inspection
2024-05-07 03:15,2024-05-07 05:08,Business,Aurangabad,Navi Mumbai,65.3,Office Commute
2024-06-03 09:44,2024-06-03 11:44,Business,Mumbai,Ahmedabad,74.7,Site Inspection
2024-03-26 01:49,2024-03-26 03:31,Business,Varanasi,Allahabad,64.1,Client Pickup
2024-02-19 15:03,2024-02-19 16:18,Personal,Ghaziabad,Kanpur,42.2,Client Meeting
2024-10-07 22:38,2024-10-07 23:49,Personal,Ludhiana,Chandigarh,41.2,Airport Pickup
2024-12-25 07:46,2024-12-25 09:48,Business,Delhi,Vasai,69.4,Site Inspection
2024-12-17 06:04,2024-12-17 07:18,Business,Aurangabad,Indore,41.2,Team Outing
2024-06-15 18:08,2024-06-15 19:55,Business,Madurai,Raipur,59.9,Airport Pickup
2024-12-12 02:38,2024-12-12 04:39,Business,Solapur,Hubli,72.6,Client Meeting
2024-04-28 15:06,2024-04-28 17:14,Business,Howrah,Jaipur,78.8,Meal/Entertain
2024-03-25 23:01,2024-03-26 00:40,Business,Vasai,Chandigarh,56.8,Meeting
2024-02-04 05:16,2024-02-04 06:37,Personal,Jaipur,Thiruvananthapuram,44.3,Meeting
2024-11-06 03:01,2024-11-06 04:55,Business,Faridabad,Agra,68.8,Customer Visit
2024-04-01 05:13,2024-04-01 06:38,Business,Rajkot,Howrah,46.0,Delivery Task
2024-07-26 16:18,2024-07-26 18:28,Business,Meerut,Kalyan,80.0,Meeting
2024-02-19 00:25,2024-02-19 02:29,Business,Chennai,Hubli,70.0,Client Pickup
2024-07-16 19:50,2024-07-16 22:06,Business,Patiala,Coimbatore,79.5,Conference Visit
2024-05-16 08:19,2024-05-16 09:59,Business,Tiruchirappalli,Kalyan,55.5,Office Commute
2024-12-25 20:31,2024-12-25 22:48,Business,Chandigarh,Tiruchirappalli,79.3,Meeting
2024-11-28 12:54,2024-11-28 14:33,Business,Varanasi,Kalyan,57.7,Airport Pickup
2024-02-01 06:29,2024-02-01 08:07,Personal,Surat,Nashik,58.7,Customer Visit
2024-01-15 04:11,2024-01-15 05:50,Business,Mysore,Amritsar,54.5,Client Meeting
2024-08-07 16:00,2024-08-07 17:38,Business,Visakhapatnam,Bengaluru,52.1,Meeting
2024-04-15 14:03,2024-04-15 15:32,Business,Howrah,Chandigarh,52.5,Office Commute
2024-10-13 23:14,2024-10-14 00:56,Personal,Howrah,Amritsar,56.8,Delivery Task
2024-05-10 14:20,2024-05-10 15:47,Business,Meerut,Chandigarh,46.0,Meal/Entertain
2024-03-04 13:06,2024-03-04 15:07,Business,Thrissur,Ghaziabad,70.0,Client Meeting
2024-06-04 05:11,2024-06-04 06:25,Business,Ghaziabad,Mumbai,40.7,Site Inspection
2024-02-18 01:11,2024-02-18 02:24,Business,Thane,Gwalior,43.5,Client Meeting
2024-07-31 07:37,2024-07-31 09:30,Business,Patiala,Raipur,71.0,Errand/Supplies
2024-09-16 16:38,2024-09-16 17:56,Business,Ludhiana,Chandigarh,40.1,Errand/Supplies
2024-11-02 09:35,2024-11-02 11:29,Business,Dhanbad,Howrah,67.1,Meal/Entertain
2024-10-08 04:18,2024-10-08 06:13,Business,Lucknow,Vadodara,72.3,Customer Visit
2024-06-06 08:17,2024-06-06 09:35,Business,Ludhiana,Thane,40.9,Office Commute
2024-02-08 04:35,2024-02-08 06:03,Business,Ghaziabad,Vadodara,53.9,Errand/Supplies
2024-05-24 02:37,2024-05-24 04:39,Business,Allahabad,Coimbatore,72.6,Client Pickup
2024-10-09 00:44,2024-10-09 01:58,Business,Delhi,Patiala,43.3,Customer Visit
2024-07-24 00:18,2024-07-24 02:12,Personal,Faridabad,Vadodara,64.5,Conference Visit
2024-02-09 00:32,2024-02-09 02:18,Personal,Agra,Thiruvananthapuram,59.9,Office Commute
2024-08-18 22:46,2024-08-18 23:18,Business,Amritsar,Amritsar,9.0,Delivery Task
2024-01-20 05:21,2024-01-20 07:04,Business,Meerut,Thiruvananthapuram,64.2,Office Commute
2024-03-22 12:00,2024-03-22 14:10,Business,Bangalore,Thane,77.5,Client Meeting
2024-02-11 12:43,2024-02-11 14:10,Business,Vijayawada,Visakhapatnam,44.7,Weekend Trip
2024-09-10 07:14,2024-09-10 09:00,Personal,Ranchi,Bengaluru,58.7,Office Commute
2024-10-21 05:59,2024-10-21 08:09,Business,Allahabad,Srinagar,75.4,Site Inspection
2024-05-17 18:46,2024-05-17 20:51,Personal,Varanasi,Visakhapatnam,79.5,Office Commute
2024-04-20 15:25,2024-04-20 17:18,Business,Rajkot,Lucknow,63.3,Office Commute
2024-01-04 15:51,2024-01-04 17:20,Personal,Thiruvananthapuram,Ludhiana,54.6,Office Commute
2024-05-11 03:33,2024-05-11 05:03,Business,Aurangabad,Dewas,53.6,Client Meeting
2024-11-21 02:31,2024-11-21 04:30,Personal,Raipur,Bhopal,67.0,Airport Drop
2024-10-04 16:49,2024-10-04 18:46,Business,Ludhiana,Ranchi,70.4,Office Commute
2024-01-11 16:13,2024-01-11 17:27,Personal,Kolkata,Bhopal,44.2,Conference Visit
2024-02-20 09:37,2024-02-20 11:38,Personal,Srinagar,Nashik,73.4,Meeting
2024-05-29 04:58,2024-05-29 06:46,Business,Patna,Nagpur,63.5,Site Inspection
2024-07-07 10:03,2024-07-07 11:50,Personal,Kota,Lonavala,61.4,Meeting
2024-12-16 15:59,2024-12-16 17:10,Personal,Thrissur,Dhanbad,44.2,Airport Drop
2024-10-07 16:56,2024-10-07 18:12,Business,Coimbatore,Thane,40.6,Customer Visit
2024-01-13 05:23,2024-01-13 07:26,Business,Surat,Indore,78.8,Airport Drop
2024-03-16 09:39,2024-03-16 11:40,Business,Chennai,Noida,74.7,Meal/Entertain
2024-11-16 02:28,2024-11-16 03:47,Personal,Dewas,Varanasi,47.4,Meal/Entertain
2024-08-02 04:13,2024-08-02 06:14,Business,Jodhpur,Mysore,70.5,Office Commute
2024-01-08 17:41,2024-01-08 19:38,Business,Tiruchirappalli,Kolkata,66.7,Conference Visit
2024-06-18 16:29,2024-06-18 17:58,Business,Thane,Kochi,54.3,Client Meeting
2024-05-21 15:02,2024-05-21 17:05,Business,Faridabad,Mumbai,76.6,Meeting
2024-02-26 09:17,2024-02-26 10:51,Business,Bangalore,Hubli,51.9,Office Commute
2024-03-17 17:59,2024-03-17 19:15,Business,Aurangabad,Agra,40.4,Conference Visit
2024-12-12 17:23,2024-12-12 19:19,Business,Allahabad,Thiruvananthapuram,70.7,Temporary Site
2024-02-13 16:38,2024-02-13 18:34,Business,Gwalior,Tiruchirappalli,69.9,Errand/Supplies
2024-07-14 11:55,2024-07-14 13:53,Business,Mumbai,Bhubaneswar,74.2,Office Commute
2024-11-10 08:59,2024-11-10 10:42,Business,Dhanbad,Ahmedabad,64.0,Meal/Entertain
2024-02-27 05:29,2024-02-27 06:50,Business,Thiruvananthapuram,Agra,49.1,Team Outing
2024-05-21 15:30,2024-05-21 17:15,Business,Jabalpur,Vijayawada,59.1,Office Commute
2024-03-30 17:53,2024-03-30 19:55,Personal,Pune,Gwalior,71.8,Customer Visit
2024-05-06 13:09,2024-05-06 14:19,Business,Dhanbad,Howrah,43.7,Meeting
2024-07-12 15:55,2024-07-12 17:29,Business,Thiruvananthapuram,Bhopal,51.0,Meeting
2024-11-14 13:24,2024-11-14 15:11,Personal,Ghaziabad,Srinagar,59.6,Delivery Task
2024-05-10 20:41,2024-05-10 22:10,Business,Tiruchirappalli,Bhopal,49.9,Delivery Task
2024-07-31 01:10,2024-07-31 02:23,Business,Ranchi,Solapur,44.4,Office Commute
2024-02-08 05:54,2024-02-08 07:22,Personal,Vasai,Kochi,53.2,Field Work
2024-07-15 18:41,2024-07-15 20:22,Business,Dhanbad,Mysore,62.5,Field Work
2024-12-30 15:04,2024-12-30 16:32,Business,Hyderabad,Jabalpur,55.1,Airport Drop
2024-03-29 04:33,2024-03-29 06:17,Business,Solapur,Patiala,58.5,Errand/Supplies
2024-10-21 12:35,2024-10-21 14:08,Business,Ahmedabad,Chandigarh,51.7,Errand/Supplies
2024-02-24 21:26,2024-02-24 22:59,Business,Srinagar,Guwahati,58.5,Temporary Site
2024-03-20 01:26,2024-03-20 02:33,Business,Indore,Aurangabad,41.1,Airport Pickup
2024-11-08 19:53,2024-11-08 21:27,Business,Thiruvananthapuram,Lucknow,54.5,Office Commute
2024-10-19 07:05,2024-10-19 09:16,Business,Solapur,Noida,79.8,Meeting
2024-07-08 00:08,2024-07-08 01:36,Business,Kota,Patiala,48.7,Client Pickup
2024-12-11 02:58,2024-12-11 05:03,Business,Howrah,Dhanbad,71.1,Meal/Entertain
2024-11-24 19:35,2024-11-24 21:08,Business,Gwalior,Thiruvananthapuram,52.1,Errand/Supplies
2024-03-03 21:55,2024-03-03 23:27,Business,Raipur,Kolkata,55.3,Meeting
2024-07-24 02:02,2024-07-24 03:42,Business,Hyderabad,Ghaziabad,55.8,Customer Visit
2024-11-19 20:33,2024-11-19 22:20,Business,Chandigarh,Vasai,62.2,Airport Pickup
2024-01-04 23:52,2024-01-05 01:26,Business,Allahabad,Kochi,50.0,Meal/Entertain
2024-07-04 17:28,2024-07-04 18:47,Business,Noida,Vasai,48.3,Client Pickup
2024-03-21 20:59,2024-03-21 23:12,Business,Vadodara,Thrissur,77.7,Team Outing
2024-02-18 16:37,2024-02-18 18:09,Personal,Kota,Kalyan,54.3,Errand/Supplies
2024-07-03 13:01,2024-07-03 14:37,Business,Vasai,Ludhiana,60.2,Meeting
2024-04-12 05:37,2024-04-12 06:55,Business,Kalyan,Vasai,41.2,Office Commute
2024-05-09 22:46,2024-05-10 00:05,Business,Mysore,Patna,42.3,Meal/Entertain
2024-01-10 20:44,2024-01-10 22:13,Business,Srinagar,Faridabad,53.9,Office Commute
2024-12-17 09:23,2024-12-17 11:22,Business,Kota,Delhi,69.7,Delivery Task
2024-10-28 13:36,2024-10-28 15:38,Business,Nagpur,Tiruchirappalli,78.1,Team Outing
2024-06-08 19:24,2024-06-08 21:27,Business,Hubli,Delhi,69.5,Client Meeting
2024-06-28 22:57,2024-06-29 00:52,Business,Amritsar,Ranchi,63.8,Meal/Entertain
2024-11-26 07:35,2024-11-26 08:51,Business,Raipur,Hyderabad,46.4,Office Commute
2024-10-30 09:50,2024-10-30 11:17,Personal,Mysore,Raipur,49.6,Meal/Entertain
2024-06-05 07:01,2024-06-05 08:22,Business,Chandigarh,Tiruchirappalli,48.4,Temporary Site
2024-03-09 09:01,2024-03-09 10:14,Personal,Kolkata,Rajkot,42.4,Customer Visit
2024-01-30 03:09,2024-01-30 04:34,Personal,Noida,Chandigarh,44.3,Weekend Trip
2024-08-23 15:17,2024-08-23 16:54,Business,Thrissur,Jabalpur,59.6,Client Meeting
2024-04-24 09:11,2024-04-24 10:24,Personal,Lonavala,Bengaluru,42.3,Errand/Supplies
2024-04-14 03:51,2024-04-14 05:14,Business,Nashik,Varanasi,44.6,Airport Drop
2024-12-31 01:24,2024-12-31 02:54,Business,Mumbai,Meerut,55.0,Meeting
2024-08-15 00:03,2024-08-15 01:13,Business,Thrissur,Kanpur,40.3,Errand/Supplies
2024-08-08 20:05,2024-08-08 21:54,Business,Coimbatore,Ahmedabad,69.9,Meal/Entertain
2024-04-14 07:53,2024-04-14 09:53,Personal,Bengaluru,Varanasi,67.1,Delivery Task
2024-12-03 05:37,2024-12-03 07:16,Business,Thrissur,Aurangabad,61.9,Site Inspection
2024-12-23 21:51,2024-12-23 23:47,Business,Kochi,Kolkata,70.4,Field Work
2024-12-10 12:18,2024-12-10 13:35,Business,Thane,Bangalore,47.8,Errand/Supplies
2024-04-23 02:13,2024-04-23 04:20,Personal,Varanasi,Hyderabad,77.7,Field Work
2024-04-08 13:38,2024-04-08 15:18,Business,Dewas,Coimbatore,58.4,Conference Visit
2024-11-09 22:16,2024-11-09 23:41,Business,Jaipur,Mumbai,44.5,Office Commute
2024-04-03 20:29,2024-04-03 22:00,Business,Chennai,Mumbai,57.7,Meal/Entertain
2024-06-03 10:49,2024-06-03 12:05,Personal,Madurai,Dhanbad,41.3,Meal/Entertain
2024-10-09 22:22,2024-10-09 23:58,Business,Ghaziabad,Amritsar,54.0,Field Work
2024-03-28 07:54,2024-03-28 09:47,Business,Bengaluru,Pune,69.5,Airport Pickup
2024-03-10 23:25,2024-03-11 01:17,Personal,Kolkata,Pune,70.3,Airport Drop
2024-03-27 07:08,2024-03-27 09:13,Business,Chennai,Vasai,72.9,Customer Visit
2024-11-13 07:57,2024-11-13 10:01,Business,Noida,Amritsar,70.9,Customer Visit
2024-06-24 18:11,2024-06-24 20:11,Business,Amritsar,Bhubaneswar,68.7,Airport Pickup
2024-03-05 13:08,2024-03-05 14:49,Business,Noida,Hyderabad,58.1,Delivery Task
2024-04-12 19:52,2024-04-12 21:09,Business,Indore,Dewas,40.7,Client Pickup
2024-07-31 02:18,2024-07-31 04:06,Personal,Ahmedabad,Kochi,60.2,Customer Visit
2024-10-19 15:28,2024-10-19 22:00,Business,Howrah,Thiruvananthapuram,249.6,Site Inspection
2024-02-10 02:39,2024-02-10 04:31,Business,Tiruchirappalli,Vadodara,68.6,Delivery Task
2024-12-17 02:59,2024-12-17 05:01,Business,Nagpur,Allahabad,70.9,Errand/Supplies
2024-04-02 12:09,2024-04-02 14:07,Personal,Srinagar,Thiruvananthapuram,75.3,Weekend Trip
2024-08-15 02:33,2024-08-15 04:39,Business,Guwahati,Ghaziabad,76.6,Client Meeting
2024-04-06 00:41,2024-04-06 02:49,Business,Coimbatore,Vasai,78.3,Office Commute
2024-01-27 02:40,2024-01-27 04:00,Business,Coimbatore,Agra,49.8,Office Commute
2024-05-08 16:43,2024-05-08 18:38,Business,Chandigarh,Thane,66.1,Meeting
2024-03-28 20:43,2024-03-28 22:51,Business,Tiruchirappalli,Amritsar,75.4,Conference Visit
2024-01-13 23:13,2024-01-14 01:05,Business,Gwalior,Hyderabad,67.3,Site Inspection
2024-11-10 00:06,2024-11-10 02:08,Personal,Tiruchirappalli,Jodhpur,72.5,Meeting
2024-10-28 06:39,2024-10-28 08:02,Business,Pune,Surat,47.7,Client Meeting
2024-06-02 01:24,2024-06-02 03:25,Business,Delhi,Varanasi,74.0,Customer Visit
2024-01-11 08:25,2024-01-11 10:29,Business,Mysore,Kanpur,72.5,Weekend Trip
2024-03-30 12:20,2024-03-30 14:28,Business,Mumbai,Ranchi,80.0,Team Outing
2024-04-14 22:39,2024-04-15 00:02,Business,Bhubaneswar,Thrissur,50.8,Site Inspection
2024-05-09 10:57,2024-05-09 12:40,Personal,Chennai,Varanasi,57.8,Site Inspection
2024-02-22 00:00,2024-02-22 01:42,Business,Hubli,Vijayawada,64.0,Office Commute
2024-03-17 22:18,2024-03-17 23:54,Personal,Bhopal,Chandigarh,59.9,Customer Visit
2024-03-03 03:48,2024-03-03 05:17,Business,Kota,Kolkata,54.9,Meeting
2024-12-02 16:41,2024-12-02 18:29,Personal,Vijayawada,Agra,63.8,Meeting
2024-05-12 18:43,2024-05-12 20:45,Business,Noida,Bangalore,76.1,Office Commute
2024-09-30 00:20,2024-09-30 01:58,Business,Mysore,Bhubaneswar,57.9,Delivery Task
2024-02-19 18:03,2024-02-19 20:04,Business,Bengaluru,Kota,68.9,Client Pickup
2024-11-27 06:58,2024-11-27 08:24,Business,Tiruchirappalli,Guwahati,46.0,Client Meeting
2024-09-29 07:50,2024-09-29 09:49,Business,Ghaziabad,Jaipur,76.2,Weekend Trip
2024-10-24 15:51,2024-10-24 17:29,Business,Varanasi,Nashik,57.9,Team Outing
2024-10-15 02:19,2024-10-15 03:41,Business,Ahmedabad,Agra,46.3,Airport Drop
2024-03-05 13:14,2024-03-05 14:25,Personal,Hubli,Vadodara,42.4,Weekend Trip
2024-05-17 17:21,2024-05-17 19:17,Business,Aurangabad,Indore,74.4,Errand/Supplies
2024-08-13 23:34,2024-08-14 00:50,Business,Hubli,Bengaluru,45.6,Temporary Site
2024-11-26 15:10,2024-11-26 16:32,Business,Howrah,Faridabad,42.0,Errand/Supplies
2024-04-11 08:01,2024-04-11 09:58,Personal,Lonavala,Vijayawada,65.5,Meeting
2024-11-29 23:29,2024-11-30 01:22,Business,Nagpur,Bhubaneswar,69.6,Meal/Entertain
2024-11-13 22:15,2024-11-13 23:42,Business,Chandigarh,Bangalore,49.5,Meeting
2024-07-28 14:22,2024-07-28 16:12,Business,Navi Mumbai,Thane,68.0,Conference Visit
2024-04-27 11:36,2024-04-27 13:54,Personal,Mysore,Coimbatore,78.8,Errand/Supplies
2024-11-18 03:38,2024-11-18 05:27,Business,Lonavala,Allahabad,65.4,Office Commute
2024-08-16 23:10,2024-08-17 00:38,Personal,Dewas,Varanasi,46.8,Conference Visit
2024-01-23 04:46,2024-01-23 06:33,Business,Indore,Bengaluru,64.7,Site Inspection
2024-06-17 06:33,2024-06-17 08:25,Personal,Hyderabad,Kolkata,66.6,Meeting
2024-11-01 02:25,2024-11-01 04:19,Business,Amritsar,Varanasi,65.5,Weekend Trip
2024-07-29 07:00,2024-07-29 08:59,Business,Ranchi,Ludhiana,73.2,Airport Drop
2024-07-04 13:39,2024-07-04 15:30,Business,Srinagar,Hubli,68.4,Customer Visit
2024-04-13 08:28,2024-04-13 10:29,Business,Jodhpur,Surat,69.6,Site Inspection
2024-05-20 17:55,2024-05-20 19:55,Business,Kota,Bhubaneswar,71.2,Delivery Task
2024-05-03 20:11,2024-05-03 22:05,Personal,Visakhapatnam,Dewas,65.5,Meal/Entertain
2024-03-02 18:12,2024-03-02 19:32,Business,Bangalore,Surat,46.8,Office Commute
2024-07-26 02:33,2024-07-26 04:28,Business,Coimbatore,Vadodara,70.2,Errand/Supplies
2024-06-06 13:43,2024-06-06 15:49,Business,Indore,Rajkot,77.4,Team Outing
2024-08-02 13:23,2024-08-02 15:07,Business,Solapur,Varanasi,57.9,Weekend Trip
2024-09-07 22:15,2024-09-08 00:12,Personal,Delhi,Mysore,75.2,Meeting
2024-04-05 09:56,2024-04-05 11:56,Business,Bangalore,Tiruchirappalli,71.7,Field Work
2024-01-05 10:40,2024-01-05 11:55,Personal,Bangalore,Gwalior,47.0,Meeting
2024-11-18 21:54,2024-11-18 23:36,Business,Nagpur,Pune,55.8,Meal/Entertain
2024-12-22 17:36,2024-12-22 18:51,Personal,Allahabad,Bhubaneswar,40.0,Meal/Entertain
2024-07-04 07:57,2024-07-04 09:22,Business,Thiruvananthapuram,Thrissur,47.4,Client Meeting
2024-02-02 18:41,2024-02-02 20:37,Business,Noida,Allahabad,69.5,Client Pickup
2024-03-09 23:41,2024-03-10 01:22,Business,Faridabad,Jabalpur,61.5,Team Outing
2024-08-17 20:46,2024-08-17 22:03,Business,Chennai,Howrah,43.7,Delivery Task
2024-12-27 20:40,2024-12-27 23:33,Business,Jaipur,Tiruchirappalli,109.4,Errand/Supplies
2024-04-19 02:59,2024-04-19 04:35,Business,Kolkata,Lonavala,52.8,Office Commute
2024-11-22 10:25,2024-11-22 11:56,Business,Bhopal,Visakhapatnam,56.7,Client Meeting
2024-03-25 19:31,2024-03-25 21:10,Personal,Kota,Kanpur,55.6,Office Commute
2024-03-08 08:48,2024-03-08 09:13,Business,Agra,Agra,9.6,Client Pickup
2024-09-12 22:38,2024-09-13 00:36,Personal,Guwahati,Kanpur,73.0,Office Commute
2024-12-02 20:15,2024-12-02 21:38,Business,Tiruchirappalli,Dhanbad,48.2,Errand/Supplies
2024-11-03 19:14,2024-11-03 21:05,Business,Surat,Kalyan,65.7,Office Commute
2024-02-23 06:57,2024-02-23 08:34,Business,Gwalior,Raipur,57.4,Meeting
2024-11-13 08:10,2024-11-13 09:40,Business,Raipur,Bengaluru,51.0,Errand/Supplies
2024-06-29 04:03,2024-06-29 05:50,Business,Bhopal,Vijayawada,58.4,Office Commute
2024-06-12 04:45,2024-06-12 06:12,Business,Patiala,Vasai,54.5,Client Pickup
2024-08-22 17:27,2024-08-22 19:28,Business,Kanpur,Tiruchirappalli,71.6,Office Commute
2024-12-07 18:11,2024-12-07 20:18,Business,Coimbatore,Nashik,72.8,Meal/Entertain
2024-02-08 20:52,2024-02-08 23:02,Business,Thane,Aurangabad,74.3,Team Outing
2024-08-27 00:50,2024-08-27 02:30,Business,Ahmedabad,Bangalore,59.8,Office Commute
2024-03-06 12:23,2024-03-06 13:39,Business,Coimbatore,Howrah,41.6,Office Commute
2024-04-13 19:35,2024-04-13 20:58,Business,Meerut,Dhanbad,50.7,Client Pickup
2024-06-15 08:59,2024-06-15 10:30,Business,Srinagar,Lonavala,50.7,Meal/Entertain
2024-04-09 05:41,2024-04-09 07:23,Business,Surat,Delhi,55.5,Client Meeting
2024-12-05 11:38,2024-12-05 13:01,Personal,Mumbai,Solapur,46.6,Meal/Entertain
2024-11-23 00:37,2024-11-23 01:59,Business,Srinagar,Madurai,49.0,Errand/Supplies
2024-06-30 14:26,2024-06-30 15:52,Business,Kalyan,Meerut,51.2,Customer Visit
2024-01-25 13:14,2024-01-25 15:01,Business,Delhi,Ludhiana,68.2,Delivery Task
2024-05-10 23:04,2024-05-11 00:49,Business,Agra,Nagpur,60.0,Meal/Entertain
2024-05-31 18:39,2024-05-31 20:02,Business,Kota,Ranchi,47.0,Client Meeting
2024-11-20 08:53,2024-11-20 10:35,Business,Faridabad,Hubli,64.1,Client Pickup
2024-04-11 16:37,2024-04-11 18:26,Business,Mysore,Srinagar,61.3,Client Pickup
2024-06-08 10:44,2024-06-08 12:30,Business,Amritsar,Howrah,65.9,Meeting
2024-07-21 22:31,2024-07-22 00:41,Business,Gwalior,Dhanbad,78.2,Meal/Entertain
2024-05-25 16:53,2024-05-25 18:23,Business,Guwahati,Dewas,55.8,Site Inspection
2024-11-28 11:47,2024-11-28 13:42,Business,Madurai,Solapur,66.1,Meeting
2024-06-30 12:03,2024-06-30 13:36,Business,Varanasi,Kalyan,56.6,Client Pickup
2024-08-02 22:33,2024-08-02 23:54,Personal,Patna,Varanasi,49.4,Client Pickup
2024-07-20 17:47,2024-07-20 19:44,Business,Jabalpur,Patiala,67.8,Client Pickup
2024-12-30 10:21,2024-12-30 12:01,Personal,Thiruvananthapuram,Ludhiana,62.9,Client Meeting
2024-08-12 00:46,2024-08-12 02:35,Business,Chandigarh,Kochi,67.8,Errand/Supplies
2024-09-27 21:12,2024-09-27 22:51,Business,Agra,Srinagar,53.4,Office Commute
2024-04-22 15:31,2024-04-22 17:06,Business,Noida,Thrissur,55.4,Office Commute
2024-05-11 01:21,2024-05-11 02:52,Business,Jabalpur,Kalyan,57.1,Delivery Task
2024-06-13 23:28,2024-06-14 00:56,Personal,Dhanbad,Raipur,50.7,Customer Visit
2024-09-15 14:22,2024-09-15 16:11,Business,Dewas,Ahmedabad,65.8,Office Commute
2024-12-10 17:37,2024-12-10 19:27,Personal,Ahmedabad,Thiruvananthapuram,68.0,Client Meeting
2024-06-12 08:33,2024-06-12 10:35,Business,Meerut,Visakhapatnam,69.4,Delivery Task
2024-04-19 05:03,2024-04-19 06:44,Personal,Varanasi,Tiruchirappalli,63.0,Office Commute
2024-09-08 06:52,2024-09-08 08:37,Business,Nashik,Ahmedabad,58.1,Conference Visit
2024-08-20 03:51,2024-08-20 05:16,Business,Hyderabad,Dewas,53.2,Temporary Site
2024-03-20 08:40,2024-03-20 10:28,Personal,Jaipur,Kota,62.9,Delivery Task
2024-08-27 23:24,2024-08-28 01:14,Business,Patna,Thiruvananthapuram,60.6,Errand/Supplies
2024-09-04 15:36,2024-09-04 17:09,Business,Jodhpur,Ahmedabad,52.6,Customer Visit
2024-08-09 18:07,2024-08-09 19:54,Business,Tiruchirappalli,Ahmedabad,65.5,Conference Visit
2024-04-11 21:23,2024-04-11 23:08,Business,Bhubaneswar,Thrissur,58.2,Office Commute
2024-06-04 21:59,2024-06-04 23:50,Business,Solapur,Pune,61.8,Airport Pickup
2024-01-24 18:21,2024-01-24 19:39,Business,Ahmedabad,Kalyan,47.5,Meeting
2024-09-19 14:19,2024-09-19 16:19,Business,Jodhpur,Solapur,77.2,Client Pickup
2024-03-09 20:39,2024-03-09 22:20,Business,Kota,Delhi,63.2,Office Commute
2024-07-09 12:08,2024-07-09 14:11,Business,Patna,Mumbai,77.2,Meeting
2024-12-09 03:27,2024-12-09 04:57,Business,Meerut,Chandigarh,52.9,Office Commute
2024-10-13 10:20,2024-10-13 11:30,Business,Srinagar,Thane,43.6,Meeting
2024-04-11 21:52,2024-04-11 23:20,Business,Madurai,Kanpur,52.3,Meeting
2024-10-05 19:54,2024-10-05 21:07,Business,Jodhpur,Mysore,41.2,Meal/Entertain
2024-05-06 22:19,2024-05-06 23:47,Business,Varanasi,Bangalore,49.5,Meal/Entertain
2024-04-19 15:00,2024-04-19 16:17,Personal,Patna,Navi Mumbai,40.8,Team Outing
2024-01-11 09:38,2024-01-11 11:20,Business,Srinagar,Mumbai,56.7,Customer Visit
2024-07-28 04:11,2024-07-28 05:50,Business,Nagpur,Coimbatore,53.6,Office Commute
2024-07-25 00:38,2024-07-25 02:47,Business,Delhi,Agra,79.8,Site Inspection
2024-10-28 06:44,2024-10-28 08:27,Business,Guwahati,Dhanbad,60.5,Weekend Trip
2024-02-26 23:19,2024-02-27 00:29,Business,Patiala,Surat,42.2,Client Meeting
2024-07-13 22:57,2024-07-14 00:26,Business,Kolkata,Rajkot,56.6,Meal/Entertain
2024-09-14 14:37,2024-09-14 16:27,Business,Jaipur,Navi Mumbai,65.6,Meal/Entertain
2024-08-13 05:02,2024-08-13 06:46,Business,Patna,Bhopal,65.8,Errand/Supplies
2024-10-26 23:16,2024-10-27 00:40,Business,Bengaluru,Jaipur,50.1,Office Commute
2024-01-01 13:43,2024-01-01 14:59,Personal,Vasai,Tiruchirappalli,43.7,Meal/Entertain
2024-06-09 02:36,2024-06-09 04:48,Personal,Kochi,Srinagar,79.1,Errand/Supplies
2024-07-18 07:09,2024-07-18 08:27,Business,Allahabad,Kochi,48.1,Customer Visit
2024-01-26 11:20,2024-01-26 13:36,Business,Ludhiana,Navi Mumbai,78.4,Team Outing
2024-06-10 00:31,2024-06-10 01:50,Business,Chennai,Jodhpur,46.6,Site Inspection
2024-11-23 04:10,2024-11-23 06:14,Business,Noida,Vadodara,73.3,Office Commute
2024-02-27 04:59,2024-02-27 06:15,Business,Solapur,Ahmedabad,40.8,Delivery Task
2024-04-17 00:52,2024-04-17 02:27,Business,Mumbai,Coimbatore,58.7,Site Inspection
2024-08-18 00:58,2024-08-18 02:31,Personal,Aurangabad,Kalyan,56.9,Meeting
2024-02-12 18:56,2024-02-12 20:29,Business,Rajkot,Nagpur,55.4,Delivery Task
2024-08-04 11:59,2024-08-04 13:12,Business,Thane,Kota,45.3,Temporary Site
2024-02-16 14:55,2024-02-16 16:28,Business,Ludhiana,Bhubaneswar,49.6,Office Commute
2024-12-24 09:24,2024-12-24 10:52,Business,Amritsar,Navi Mumbai,47.0,Office Commute
2024-04-14 14:16,2024-04-14 15:42,Business,Delhi,Patna,50.6,Errand/Supplies
2024-03-12 09:53,2024-03-12 11:43,Business,Hubli,Thane,65.2,Airport Pickup
2024-12-15 12:31,2024-12-15 14:28,Business,Hyderabad,Ludhiana,75.0,Client Meeting
2024-02-25 09:10,2024-02-25 11:19,Business,Bangalore,Coimbatore,77.2,Conference Visit
2024-08-19 17:22,2024-08-19 18:39,Business,Chennai,Patiala,48.6,Meal/Entertain
2024-03-27 12:54,2024-03-27 14:22,Business,Mysore,Bangalore,46.2,Temporary Site
2024-11-15 14:09,2024-11-15 15:42,Personal,Jabalpur,Faridabad,58.1,Customer Visit
2024-01-01 07:10,2024-01-01 09:04,Business,Faridabad,Nashik,70.4,Delivery Task
2024-02-21 15:15,2024-02-21 16:51,Business,Vijayawada,Solapur,55.0,Customer Visit
2024-06-14 00:29,2024-06-14 02:23,Business,Allahabad,Indore,67.9,Customer Visit
2024-06-19 17:30,2024-06-19 19:17,Business,Lucknow,Solapur,61.3,Airport Pickup
2024-12-05 07:30,2024-12-05 09:45,Business,Srinagar,Guwahati,78.8,Meeting
2024-07-17 01:44,2024-07-17 03:45,Personal,Thiruvananthapuram,Pune,75.1,Customer Visit
2024-04-06 14:42,2024-04-06 16:57,Business,Bhopal,Indore,79.9,Customer Visit
2024-03-17 17:37,2024-03-17 18:55,Business,Guwahati,Raipur,46.1,Errand/Supplies
2024-07-24 10:04,2024-07-24 12:08,Business,Dhanbad,Kanpur,71.0,Office Commute
2024-04-30 13:14,2024-04-30 14:56,Business,Gwalior,Mysore,54.9,Office Commute
2024-02-22 09:15,2024-02-22 11:15,Personal,Vijayawada,Tiruchirappalli,76.2,Meeting
2024-03-05 09:14,2024-03-05 10:55,Business,Ghaziabad,Coimbatore,55.5,Client Pickup
2024-06-03 15:04,2024-06-03 16:34,Personal,Mumbai,Nashik,55.4,Meeting
2024-03-14 10:56,2024-03-14 12:36,Business,Kolkata,Visakhapatnam,56.3,Team Outing
2024-08-21 08:01,2024-08-21 10:04,Business,Jaipur,Nashik,76.3,Team Outing
2024-10-12 01:31,2024-10-12 03:30,Business,Mysore,Vijayawada,71.6,Delivery Task
2024-12-01 23:53,2024-12-02 01:54,Personal,Dewas,Hubli,69.4,Site Inspection
2024-08-25 06:08,2024-08-25 07:47,Business,Meerut,Lucknow,59.8,Meeting
2024-02-17 03:41,2024-02-17 04:53,Personal,Jabalpur,Vijayawada,40.5,Office Commute
2024-12-02 16:24,2024-12-02 18:08,Business,Ghaziabad,Ludhiana,60.9,Delivery Task
2024-03-18 17:27,2024-03-18 18:43,Business,Vasai,Nagpur,43.8,Meal/Entertain
2024-06-05 07:06,2024-06-05 09:10,Business,Solapur,Nagpur,79.6,Meeting
2024-01-20 06:57,2024-01-20 08:33,Business,Ahmedabad,Agra,51.6,Site Inspection
2024-10-17 02:28,2024-10-17 04:12,Business,Visakhapatnam,Jodhpur,64.7,Client Meeting
2024-11-27 05:40,2024-11-27 07:25,Personal,Surat,Howrah,66.5,Site Inspection
2024-03-25 13:21,2024-03-25 15:08,Business,Vadodara,Gwalior,62.6,Delivery Task
2024-07-11 12:18,2024-07-11 14:21,Business,Bhopal,Ahmedabad,72.5,Client Pickup
2024-02-21 10:00,2024-02-21 11:38,Business,Chandigarh,Vasai,61.7,Customer Visit
2024-11-19 10:28,2024-11-19 12:23,Personal,Mysore,Nashik,65.8,Meal/Entertain
2024-09-27 19:15,2024-09-27 21:04,Business,Howrah,Chennai,66.7,Meeting
2024-07-20 09:36,2024-07-20 10:55,Personal,Gwalior,Vijayawada,46.1,Meeting
2024-12-28 03:25,2024-12-28 04:46,Business,Dhanbad,Hyderabad,41.2,Customer Visit
2024-08-29 17:03,2024-08-29 17:47,Business,Kanpur,Kanpur,21.0,Errand/Supplies
2024-12-30 03:55,2024-12-30 05:08,Business,Meerut,Vasai,45.0,Office Commute
2024-12-07 12:06,2024-12-07 13:43,Business,Noida,Tiruchirappalli,61.4,Customer Visit
2024-12-29 05:05,2024-12-29 06:24,Personal,Bangalore,Kota,49.8,Delivery Task
2024-07-23 08:28,2024-07-23 09:52,Business,Kochi,Nashik,44.0,Delivery Task
2024-10-23 21:28,2024-10-23 22:51,Business,Mumbai,Hyderabad,46.1,Meeting
2024-04-10 01:15,2024-04-10 02:41,Business,Tiruchirappalli,Faridabad,52.3,Client Meeting
2024-09-12 00:24,2024-09-12 02:32,Personal,Raipur,Chennai,78.6,Office Commute
2024-02-07 15:28,2024-02-07 17:24,Business,Kota,Patiala,74.0,Meal/Entertain
2024-03-06 20:23,2024-03-06 21:41,Business,Amritsar,Lonavala,47.9,Client Pickup
2024-10-21 05:03,2024-10-21 06:38,Business,Lonavala,Indore,56.8,Field Work
2024-10-16 00:32,2024-10-16 02:28,Business,Allahabad,Chandigarh,73.3,Weekend Trip
2024-06-27 11:59,2024-06-27 13:16,Business,Mysore,Delhi,47.7,Conference Visit
2024-11-26 19:12,2024-11-26 21:14,Business,Delhi,Howrah,72.4,Site Inspection
2024-01-01 00:47,2024-01-01 02:33,Business,Guwahati,Tiruchirappalli,62.0,Site Inspection
2024-10-27 18:33,2024-10-27 20:36,Business,Lonavala,Kanpur,74.6,Airport Pickup
2024-09-25 16:18,2024-09-25 18:31,Business,Hubli,Aurangabad,75.4,Conference Visit
2024-01-28 16:29,2024-01-28 18:34,Personal,Kalyan,Hubli,70.3,Errand/Supplies
2024-11-27 09:37,2024-11-27 11:34,Business,Navi Mumbai,Allahabad,67.5,Office Commute
2024-03-05 15:30,2024-03-05 17:43,Business,Bangalore,Kota,78.4,Client Meeting
2024-04-09 08:09,2024-04-09 09:26,Business,Bangalore,Guwahati,47.7,Client Pickup
2024-07-16 15:08,2024-07-16 17:00,Business,Nagpur,Thiruvananthapuram,71.8,Meeting
2024-10-13 01:39,2024-10-13 01:56,Business,Indore,Indore,6.6,Client Meeting
2024-10-05 23:09,2024-10-06 00:41,Business,Hubli,Vasai,50.4,Client Pickup
2024-12-24 00:02,2024-12-24 01:59,Business,Patiala,Jabalpur,66.7,Meal/Entertain
2024-01-20 15:25,2024-01-20 17:07,Business,Amritsar,Noida,58.9,Airport Pickup
2024-01-05 21:27,2024-01-05 23:30,Business,Agra,Mysore,73.2,Errand/Supplies
2024-01-08 03:16,2024-01-08 05:00,Business,Hubli,Vasai,61.6,Site Inspection
2024-03-10 05:02,2024-03-10 06:41,Business,Nagpur,Visakhapatnam,61.8,Site Inspection
2024-10-24 22:38,2024-10-25 00:30,Business,Thane,Madurai,70.8,Weekend Trip
2024-08-03 10:01,2024-08-03 12:07,Business,Faridabad,Lucknow,72.8,Customer Visit
2024-01-09 04:07,2024-01-09 06:07,Business,Patna,Guwahati,67.7,Temporary Site
2024-05-11 05:53,2024-05-11 07:36,Personal,Madurai,Jodhpur,64.3,Field Work
2024-08-21 03:19,2024-08-21 04:56,Business,Vasai,Jaipur,57.5,Team Outing
2024-06-11 03:36,2024-06-11 05:05,Business,Vadodara,Dewas,53.7,Field Work
2024-06-30 22:00,2024-06-30 23:50,Business,Delhi,Amritsar,64.2,Client Pickup
2024-11-22 09:23,2024-11-22 11:26,Business,Ghaziabad,Tiruchirappalli,70.5,Client Meeting
2024-08-04 20:33,2024-08-04 22:50,Business,Lonavala,Allahabad,78.6,Client Pickup
2024-10-04 22:14,2024-10-05 00:20,Business,Allahabad,Nagpur,79.2,Customer Visit
2024-10-07 17:47,2024-10-07 19:33,Business,Nagpur,Pune,61.6,Team Outing
2024-11-28 11:58,2024-11-28 13:19,Business,Vadodara,Dhanbad,48.0,Team Outing
2024-07-27 14:15,2024-07-27 15:33,Business,Thane,Jaipur,43.8,Airport Drop
2024-11-06 19:43,2024-11-06 21:20,Business,Meerut,Hyderabad,53.7,Meeting
2024-09-11 20:12,2024-09-11 21:35,Business,Faridabad,Coimbatore,44.5,Site Inspection
2024-09-18 01:41,2024-09-18 03:38,Business,Allahabad,Gwalior,71.9,Conference Visit
2024-07-01 16:17,2024-07-01 17:58,Business,Chandigarh,Ahmedabad,64.0,Meeting
2024-04-18 03:57,2024-04-18 04:29,Business,Kota,Kota,12.3,Client Pickup
2024-12-01 08:48,2024-12-01 10:44,Business,Kota,Rajkot,71.6,Meeting
2024-10-18 13:10,2024-10-18 14:21,Business,Vijayawada,Navi Mumbai,43.2,Airport Drop
2024-08-10 06:10,2024-08-10 08:14,Business,Gwalior,Jaipur,72.9,Delivery Task
2024-11-03 20:14,2024-11-03 21:59,Business,Rajkot,Faridabad,56.8,Customer Visit
2024-06-07 05:39,2024-06-07 06:56,Business,Thane,Jaipur,45.3,Site Inspection
2024-12-24 09:34,2024-12-24 11:13,Business,Faridabad,Hubli,63.0,Airport Drop
2024-05-29 06:33,2024-05-29 07:48,Business,Jabalpur,Dhanbad,45.5,Delivery Task
2024-07-07 19:21,2024-07-07 20:47,Business,Ranchi,Madurai,45.2,Field Work
2024-01-19 19:17,2024-01-19 21:03,Personal,Agra,Dewas,60.7,Client Pickup
2024-11-18 01:01,2024-11-18 02:20,Business,Visakhapatnam,Thiruvananthapuram,49.5,Meal/Entertain
2024-09-05 23:12,2024-09-06 00:50,Business,Jabalpur,Allahabad,61.2,Office Commute
2024-08-30 06:39,2024-08-30 08:37,Business,Noida,Navi Mumbai,73.5,Office Commute
2024-02-15 22:18,2024-02-15 23:30,Business,Agra,Vadodara,41.8,Airport Pickup
2024-02-25 14:22,2024-02-25 16:16,Business,Amritsar,Thane,65.6,Field Work
2024-09-24 09:50,2024-09-24 11:21,Personal,Bhubaneswar,Ahmedabad,53.6,Airport Drop
2024-09-27 08:15,2024-09-27 10:05,Business,Srinagar,Kolkata,62.7,Office Commute
2024-03-13 11:55,2024-03-13 13:51,Business,Dhanbad,Tiruchirappalli,66.0,Customer Visit
2024-01-17 16:46,2024-01-17 18:26,Business,Allahabad,Amritsar,61.3,Client Pickup
2024-07-10 11:03,2024-07-10 13:05,Business,Vadodara,Kolkata,72.6,Client Pickup
2024-09-01 17:33,2024-09-01 18:58,Business,Patiala,Hubli,50.9,Customer Visit
2024-08-22 22:46,2024-08-23 00:33,Business,Allahabad,Hubli,62.3,Meeting
2024-02-05 04:06,2024-02-05 05:27,Business,Pune,Gwalior,49.0,Meeting
2024-07-31 19:57,2024-07-31 21:21,Business,Meerut,Ahmedabad,44.8,Client Meeting
2024-12-10 05:03,2024-12-10 06:29,Business,Indore,Navi Mumbai,48.5,Site Inspection
2024-12-02 16:36,2024-12-02 18:10,Business,Solapur,Hyderabad,56.2,Team Outing
2024-07-10 14:06,2024-07-10 15:35,Business,Nagpur,Surat,46.0,Customer Visit
2024-04-01 03:52,2024-04-01 05:32,Business,Amritsar,Hubli,55.2,Temporary Site
2024-07-29 09:34,2024-07-29 11:00,Business,Bengaluru,Thane,45.6,Meal/Entertain
2024-12-16 05:21,2024-12-16 07:23,Personal,Ahmedabad,Kochi,70.3,Office Commute
2024-01-25 10:09,2024-01-25 12:13,Business,Ahmedabad,Bhubaneswar,72.0,Delivery Task
2024-06-20 08:27,2024-06-20 09:39,Business,Lucknow,Jabalpur,40.2,Client Meeting
2024-07-12 00:50,2024-07-12 02:03,Business,Patna,Rajkot,43.6,Delivery Task
2024-03-10 14:39,2024-03-10 16:14,Business,Hubli,Kanpur,54.9,Client Meeting
2024-04-29 10:57,2024-04-29 12:51,Business,Howrah,Aurangabad,63.6,Errand/Supplies
2024-03-24 00:42,2024-03-24 02:34,Business,Mumbai,Ghaziabad,69.8,Customer Visit
2024-12-22 11:27,2024-12-22 13:42,Personal,Patna,Thane,77.6,Errand/Supplies
2024-08-10 09:40,2024-08-10 11:14,Business,Mysore,Amritsar,58.4,Meeting
2024-07-25 10:05,2024-07-25 12:00,Business,Solapur,Noida,65.5,Client Pickup
2024-06-06 03:17,2024-06-06 05:18,Personal,Kanpur,Ranchi,73.9,Office Commute
2024-04-01 06:50,2024-04-01 08:08,Personal,Kanpur,Hyderabad,44.9,Airport Drop
2024-08-31 13:56,2024-08-31 15:44,Business,Varanasi,Hubli,59.8,Customer Visit
2024-07-01 00:40,2024-07-01 02:08,Business,Jodhpur,Meerut,55.0,Field Work
2024-09-26 13:09,2024-09-26 15:28,Personal,Srinagar,Coimbatore,79.8,Errand/Supplies
2024-04-13 01:19,2024-04-13 02:36,Business,Tiruchirappalli,Kota,43.5,Meal/Entertain
2024-03-13 01:59,2024-03-13 03:15,Personal,Tiruchirappalli,Agra,44.0,Team Outing
2024-03-25 06:42,2024-03-25 08:22,Business,Ahmedabad,Nagpur,59.6,Temporary Site
2024-09-28 07:27,2024-09-28 09:29,Business,Tiruchirappalli,Thiruvananthapuram,68.3,Office Commute
2024-11-30 05:28,2024-11-30 06:57,Business,Dewas,Surat,48.4,Office Commute
2024-10-23 08:28,2024-10-23 09:57,Business,Gwalior,Ghaziabad,52.9,Meal/Entertain
2024-06-27 17:16,2024-06-27 19:26,Personal,Thiruvananthapuram,Jodhpur,75.8,Conference Visit
2024-03-05 05:03,2024-03-05 06:33,Business,Nashik,Vadodara,47.5,Office Commute
2024-03-02 22:12,2024-03-03 00:19,Business,Kota,Vijayawada,77.3,Conference Visit
2024-01-19 03:35,2024-01-19 05:23,Business,Rajkot,Madurai,66.1,Conference Visit
2024-04-07 14:51,2024-04-07 16:30,Business,Faridabad,Patna,63.0,Meal/Entertain
2024-11-06 01:24,2024-11-06 02:47,Business,Aurangabad,Kanpur,49.1,Office Commute
2024-04-25 07:31,2024-04-25 09:03,Business,Ludhiana,Guwahati,48.5,Conference Visit
2024-12-11 10:20,2024-12-11 11:56,Business,Patiala,Aurangabad,61.0,Meal/Entertain
2024-11-30 18:35,2024-11-30 20:31,Business,Thane,Patna,72.8,Airport Pickup
2024-12-14 05:50,2024-12-14 07:27,Business,Hyderabad,Thrissur,53.7,Client Pickup
2024-08-08 17:48,2024-08-08 19:14,Business,Amritsar,Vijayawada,52.9,Meeting
2024-01-02 11:14,2024-01-02 12:38,Business,Delhi,Meerut,45.0,Delivery Task
2024-03-01 02:08,2024-03-01 03:30,Business,Surat,Gwalior,48.5,Team Outing
2024-10-29 13:34,2024-10-29 15:20,Business,Srinagar,Solapur,65.0,Meeting
2024-03-25 19:06,2024-03-25 20:45,Personal,Vijayawada,Bhubaneswar,58.7,Temporary Site
2024-01-14 02:45,2024-01-14 04:32,Business,Aurangabad,Kalyan,60.2,Client Meeting
2024-12-25 10:24,2024-12-25 12:11,Business,Jodhpur,Visakhapatnam,59.1,Delivery Task
2024-05-26 23:25,2024-05-27 00:34,Business,Agra,Dewas,42.1,Customer Visit
2024-11-05 04:38,2024-11-05 06:29,Business,Hyderabad,Nashik,65.0,Client Meeting
2024-01-15 14:23,2024-01-15 16:26,Business,Bhubaneswar,Navi Mumbai,69.1,Delivery Task
2024-12-14 16:09,2024-12-14 17:32,Personal,Surat,Raipur,42.1,Airport Drop
2024-07-02 18:56,2024-07-02 21:04,Business,Guwahati,Ahmedabad,74.7,Office Commute
2024-05-24 04:18,2024-05-24 05:48,Business,Lucknow,Chennai,56.8,Office Commute
2024-11-23 07:10,2024-11-23 08:25,Business,Thrissur,Visakhapatnam,46.4,Airport Pickup
2024-09-14 05:38,2024-09-14 07:42,Personal,Faridabad,Raipur,72.2,Team Outing
2024-12-08 22:30,2024-12-09 00:39,Personal,Navi Mumbai,Tiruchirappalli,77.8,Office Commute
2024-04-13 19:05,2024-04-13 20:54,Business,Kalyan,Rajkot,62.9,Weekend Trip
2024-07-22 00:05,2024-07-22 01:28,Business,Nagpur,Lonavala,48.4,Field Work
2024-10-17 17:05,2024-10-17 18:58,Business,Mysore,Pune,67.2,Client Pickup
2024-12-20 22:07,2024-12-20 23:40,Business,Thrissur,Nagpur,50.3,Field Work
2024-11-12 01:47,2024-11-12 03:55,Business,Allahabad,Mysore,75.5,Conference Visit
2024-09-14 00:47,2024-09-14 02:40,Business,Agra,Vadodara,68.1,Errand/Supplies
2024-04-25 04:30,2024-04-25 06:33,Business,Chandigarh,Thiruvananthapuram,74.9,Airport Drop
2024-04-09 21:50,2024-04-09 22:43,Business,Bhubaneswar,Bhubaneswar,24.5,Customer Visit
2024-08-15 11:20,2024-08-15 13:10,Business,Bengaluru,Bhubaneswar,68.7,Site Inspection
2024-04-21 23:18,2024-04-22 00:52,Business,Patiala,Vadodara,53.2,Meal/Entertain
2024-10-14 21:32,2024-10-14 23:09,Personal,Dhanbad,Ghaziabad,58.0,Office Commute
2024-07-25 05:47,2024-07-25 07:36,Business,Bhubaneswar,Vijayawada,63.7,Office Commute
2024-09-04 09:02,2024-09-04 11:05,Business,Lonavala,Howrah,75.6,Office Commute
2024-09-27 07:57,2024-09-27 10:01,Business,Hyderabad,Jodhpur,69.9,Airport Drop
2024-02-24 21:25,2024-02-24 23:04,Business,Aurangabad,Tiruchirappalli,60.0,Office Commute
2024-07-06 14:37,2024-07-06 16:15,Business,Dewas,Kochi,61.8,Office Commute
2024-01-27 04:08,2024-01-27 06:15,Business,Hyderabad,Patiala,73.9,Meal/Entertain
2024-10-11 00:05,2024-10-11 01:20,Personal,Ludhiana,Amritsar,43.1,Client Pickup
2024-06-04 15:51,2024-06-04 17:43,Business,Pune,Rajkot,65.7,Temporary Site
2024-12-03 19:30,2024-12-03 21:19,Personal,Kolkata,Ranchi,64.0,Site Inspection
2024-06-15 08:48,2024-06-15 10:26,Business,Jodhpur,Ahmedabad,53.0,Customer Visit
2024-03-15 21:00,2024-03-15 22:59,Personal,Nashik,Guwahati,71.9,Client Meeting
2024-02-29 20:55,2024-02-29 23:01,Personal,Agra,Tiruchirappalli,76.7,Meal/Entertain
2024-01-24 01:13,2024-01-24 03:12,Business,Jodhpur,Thane,73.6,Customer Visit
2024-02-08 10:20,2024-02-08 11:45,Business,Kalyan,Bangalore,45.3,Team Outing
2024-09-22 18:55,2024-09-22 20:56,Business,Hubli,Indore,69.3,Meeting
2024-06-03 19:11,2024-06-03 21:21,Business,Guwahati,Hyderabad,77.1,Meal/Entertain
2024-05-16 17:29,2024-05-16 19:30,Business,Hubli,Solapur,75.5,Client Meeting
2024-01-03 15:50,2024-01-03 17:12,Business,Coimbatore,Ghaziabad,51.0,Meeting
2024-11-10 07:10,2024-11-10 08:59,Business,Jaipur,Ludhiana,60.8,Office Commute
2024-01-23 07:50,2024-01-23 09:23,Business,Thane,Ludhiana,51.6,Site Inspection
2024-02-11 08:45,2024-02-11 10:09,Business,Aurangabad,Kalyan,50.2,Delivery Task
2024-01-27 16:26,2024-01-27 18:04,Business,Coimbatore,Vasai,52.1,Meeting
2024-06-06 21:11,2024-06-06 22:41,Personal,Visakhapatnam,Gwalior,48.1,Client Meeting
2024-11-14 16:22,2024-11-14 18:32,Personal,Ahmedabad,Lucknow,73.5,Meeting
2024-04-05 04:58,2024-04-05 06:43,Personal,Vadodara,Allahabad,58.1,Client Meeting
2024-12-29 17:50,2024-12-29 19:20,Personal,Delhi,Allahabad,51.9,Meeting
2024-01-24 14:21,2024-01-24 16:09,Business,Chandigarh,Vijayawada,65.7,Field Work
2024-07-28 22:21,2024-07-29 00:16,Business,Allahabad,Thane,69.3,Client Pickup
2024-01-27 20:38,2024-01-27 22:05,Personal,Ahmedabad,Nagpur,51.1,Office Commute
2024-06-17 06:15,2024-06-17 07:57,Business,Guwahati,Patiala,63.4,Office Commute
2024-11-24 00:33,2024-11-24 02:22,Personal,Thiruvananthapuram,Nagpur,59.4,Meeting
2024-08-03 15:11,2024-08-03 17:23,Business,Bhubaneswar,Thrissur,79.6,Delivery Task
2024-07-23 12:31,2024-07-23 14:12,Business,Bhopal,Dewas,64.4,Client Pickup
2024-05-17 10:56,2024-05-17 12:40,Personal,Howrah,Hubli,58.6,Field Work
2024-01-06 11:59,2024-01-06 14:13,Business,Solapur,Pune,79.5,Temporary Site
2024-04-07 13:29,2024-04-07 14:47,Business,Lonavala,Navi Mumbai,48.9,Customer Visit
2024-08-01 00:27,2024-08-01 02:10,Business,Varanasi,Hyderabad,65.1,Weekend Trip
2024-10-05 13:02,2024-10-05 14:15,Personal,Bhubaneswar,Patiala,40.0,Meal/Entertain
2024-01-18 04:51,2024-01-18 06:51,Business,Guwahati,Chandigarh,72.3,Client Pickup
2024-10-23 04:56,2024-10-23 06:41,Business,Bangalore,Indore,64.0,Errand/Supplies
2024-01-07 19:41,2024-01-07 21:50,Personal,Hyderabad,Ludhiana,73.7,Field Work
2024-02-07 10:13,2024-02-07 11:34,Business,Delhi,Tiruchirappalli,41.6,Weekend Trip
2024-06-27 18:04,2024-06-27 19:51,Business,Patiala,Kolkata,61.3,Conference Visit
2024-04-29 21:52,2024-04-29 23:05,Business,Nashik,Jabalpur,44.5,Meal/Entertain
2024-12-19 00:59,2024-12-19 02:25,Personal,Lucknow,Vasai,50.7,Office Commute
2024-02-20 03:38,2024-02-20 05:38,Business,Delhi,Agra,70.2,Customer Visit
2024-07-18 17:39,2024-07-18 19:15,Business,Surat,Noida,55.9,Meeting
2024-10-24 15:51,2024-10-24 17:17,Business,Bengaluru,Mumbai,49.8,Delivery Task
2024-05-20 00:59,2024-05-20 03:00,Business,Chennai,Vasai,69.5,Delivery Task
2024-06-12 02:35,2024-06-12 04:04,Business,Raipur,Nashik,46.6,Delivery Task
2024-06-21 05:16,2024-06-21 06:32,Business,Gwalior,Visakhapatnam,43.9,Weekend Trip
2024-08-17 06:30,2024-08-17 07:51,Business,Pune,Agra,47.3,Office Commute
2024-02-05 20:02,2024-02-05 21:14,Business,Patiala,Noida,43.5,Customer Visit
2024-02-26 23:10,2024-02-27 00:44,Business,Kolkata,Madurai,51.8,Site Inspection
2024-06-09 21:44,2024-06-09 23:22,Business,Thiruvananthapuram,Jabalpur,62.5,Customer Visit
2024-06-27 17:04,2024-06-27 18:27,Business,Visakhapatnam,Kalyan,49.4,Customer Visit
2024-07-14 04:26,2024-07-14 05:58,Business,Dhanbad,Noida,58.0,Meal/Entertain
2024-11-17 09:05,2024-11-17 10:39,Business,Chandigarh,Varanasi,58.9,Meal/Entertain
2024-06-15 09:06,2024-06-15 11:06,Business,Allahabad,Raipur,70.5,Office Commute
2024-08-31 18:28,2024-08-31 20:29,Business,Thiruvananthapuram,Guwahati,68.6,Site Inspection
2024-06-29 23:34,2024-06-30 01:09,Personal,Amritsar,Patiala,51.2,Meeting
2024-11-03 05:13,2024-11-03 06:36,Business,Mysore,Hubli,42.8,Errand/Supplies
2024-07-22 19:46,2024-07-22 21:05,Business,Kalyan,Lonavala,48.1,Customer Visit
2024-09-23 05:14,2024-09-23 06:52,Business,Thiruvananthapuram,Varanasi,61.6,Airport Drop
2024-06-28 17:19,2024-06-28 19:08,Business,Thrissur,Kochi,68.2,Temporary Site
2024-01-23 13:19,2024-01-23 15:02,Business,Indore,Mysore,59.8,Customer Visit
2024-08-31 13:48,2024-08-31 15:50,Business,Jabalpur,Lucknow,70.5,Airport Drop
2024-04-12 08:41,2024-04-12 10:12,Business,Chennai,Jodhpur,48.4,Meeting
2024-01-07 13:27,2024-01-07 15:38,Business,Kalyan,Dewas,74.4,Field Work
2024-09-21 13:47,2024-09-21 15:30,Business,Jodhpur,Bangalore,63.7,Meeting
2024-08-22 00:53,2024-08-22 02:45,Personal,Coimbatore,Bhopal,71.5,Delivery Task
2024-12-07 04:09,2024-12-07 05:22,Business,Navi Mumbai,Tiruchirappalli,43.5,Client Meeting
2024-07-22 02:39,2024-07-22 04:43,Business,Chandigarh,Visakhapatnam,71.6,Errand/Supplies
2024-10-24 21:06,2024-10-24 22:20,Business,Tiruchirappalli,Noida,43.9,Airport Drop
2024-10-04 18:47,2024-10-04 20:17,Business,Thiruvananthapuram,Thane,56.1,Client Pickup
2024-08-16 22:20,2024-08-17 00:15,Personal,Vadodara,Bhopal,71.2,Weekend Trip
2024-04-16 18:15,2024-04-16 19:46,Personal,Jaipur,Meerut,49.2,Client Meeting
2024-01-18 22:48,2024-01-19 00:27,Personal,Patiala,Howrah,58.2,Meeting
2024-11-30 20:46,2024-11-30 22:34,Business,Raipur,Hubli,64.6,Office Commute
2024-11-06 19:57,2024-11-06 21:43,Personal,Delhi,Hyderabad,57.8,Office Commute
2024-11-22 04:06,2024-11-22 06:02,Business,Kochi,Faridabad,70.6,Meal/Entertain
2024-10-25 02:50,2024-10-25 04:45,Business,Bengaluru,Hubli,67.3,Delivery Task
2024-09-06 23:47,2024-09-07 01:15,Business,Kochi,Patna,54.3,Customer Visit
2024-10-14 01:23,2024-10-14 03:15,Business,Ludhiana,Kota,67.0,Customer Visit
2024-01-18 08:45,2024-01-18 10:15,Business,Ludhiana,Guwahati,51.2,Customer Visit
2024-01-30 15:37,2024-01-30 16:57,Business,Jabalpur,Lucknow,44.2,Meeting
2024-09-09 23:29,2024-09-10 01:34,Personal,Aurangabad,Howrah,78.0,Customer Visit
2024-11-04 01:53,2024-11-04 04:06,Business,Solapur,Chandigarh,79.1,Delivery Task
2024-06-21 10:05,2024-06-21 11:45,Business,Tiruchirappalli,Amritsar,61.4,Team Outing
2024-10-28 12:59,2024-10-28 14:55,Business,Hubli,Navi Mumbai,72.8,Office Commute
2024-12-04 22:15,2024-12-05 00:00,Business,Ranchi,Allahabad,57.5,Field Work
2024-02-25 04:41,2024-02-25 06:45,Business,Nashik,Kochi,74.9,Errand/Supplies
2024-05-18 16:58,2024-05-18 18:53,Business,Navi Mumbai,Howrah,65.1,Client Meeting
2024-08-11 02:46,2024-08-11 04:58,Business,Lucknow,Gwalior,79.1,Conference Visit
2024-10-26 20:58,2024-10-26 22:29,Business,Ahmedabad,Vijayawada,49.3,Delivery Task
2024-01-09 09:46,2024-01-09 11:10,Business,Rajkot,Tiruchirappalli,51.9,Errand/Supplies
2024-07-05 07:44,2024-07-05 09:31,Business,Kanpur,Dewas,64.5,Airport Pickup
2024-02-16 05:23,2024-02-16 06:51,Business,Solapur,Lonavala,48.3,Office Commute
2024-03-03 04:51,2024-03-03 06:42,Business,Mysore,Lonavala,68.3,Airport Drop
2024-08-05 07:28,2024-08-05 09:09,Personal,Patiala,Kochi,60.4,Conference Visit
2024-05-08 17:07,2024-05-08 19:12,Business,Raipur,Allahabad,73.2,Airport Pickup
2024-11-15 02:17,2024-11-15 04:07,Business,Vijayawada,Raipur,65.7,Team Outing
2024-10-12 23:38,2024-10-13 01:16,Business,Dhanbad,Coimbatore,55.0,Team Outing
2024-07-27 18:16,2024-07-27 20:12,Business,Aurangabad,Meerut,69.6,Customer Visit
2024-06-30 04:41,2024-06-30 05:53,Personal,Mysore,Kanpur,41.0,Meal/Entertain
2024-10-02 08:32,2024-10-02 10:35,Business,Howrah,Gwalior,73.9,Client Meeting
2024-09-02 12:25,2024-09-02 14:01,Personal,Jaipur,Coimbatore,53.8,Meal/Entertain
2024-07-08 03:41,2024-07-08 05:49,Personal,Madurai,Gwalior,76.9,Delivery Task
2024-06-13 22:26,2024-06-14 00:09,Business,Ranchi,Visakhapatnam,64.4,Client Meeting
2024-12-14 13:51,2024-12-14 15:57,Business,Kochi,Agra,77.9,Meal/Entertain
2024-08-02 07:15,2024-08-02 08:46,Business,Aurangabad,Lucknow,56.2,Office Commute
2024-02-08 09:38,2024-02-08 11:43,Business,Noida,Thrissur,75.6,Client Meeting
2024-07-05 05:22,2024-07-05 06:55,Business,Surat,Solapur,50.9,Client Pickup
2024-07-08 01:48,2024-07-08 03:19,Business,Pune,Varanasi,48.1,Meal/Entertain
2024-11-10 17:08,2024-11-10 18:24,Business,Gwalior,Ahmedabad,45.1,Team Outing
2024-04-03 17:40,2024-04-03 19:29,Business,Madurai,Jodhpur,65.5,Errand/Supplies
2024-09-03 09:10,2024-09-03 12:41,Business,Srinagar,Visakhapatnam,130.3,Office Commute
2024-03-13 16:30,2024-03-13 18:20,Personal,Visakhapatnam,Ranchi,68.3,Customer Visit
2024-06-27 12:31,2024-06-27 14:01,Business,Meerut,Vasai,55.1,Customer Visit
2024-06-18 03:13,2024-06-18 04:44,Business,Nagpur,Ranchi,56.6,Customer Visit
2024-12-21 10:56,2024-12-21 12:52,Business,Agra,Bhubaneswar,69.9,Team Outing
2024-02-22 04:57,2024-02-22 07:01,Personal,Guwahati,Coimbatore,76.9,Errand/Supplies
2024-08-26 08:16,2024-08-26 09:35,Business,Bhubaneswar,Patna,48.8,Airport Drop
2024-06-13 10:09,2024-06-13 12:04,Personal,Aurangabad,Vasai,69.0,Airport Pickup
2024-01-07 06:29,2024-01-07 08:14,Business,Vasai,Kalyan,64.7,Delivery Task
2024-02-28 03:29,2024-02-28 04:47,Business,Kota,Vadodara,42.9,Meeting
2024-01-11 10:44,2024-01-11 12:10,Business,Guwahati,Thiruvananthapuram,51.0,Office Commute
2024-06-26 20:08,2024-06-26 21:43,Business,Dewas,Faridabad,54.0,Meeting
2024-04-29 07:01,2024-04-29 08:36,Business,Tiruchirappalli,Jodhpur,57.4,Customer Visit
2024-08-01 10:30,2024-08-01 11:50,Business,Vadodara,Thane,42.1,Customer Visit
2024-01-26 19:40,2024-01-26 21:18,Business,Faridabad,Lonavala,55.2,Office Commute
2024-09-03 02:33,2024-09-03 04:41,Business,Ranchi,Vasai,75.7,Airport Drop
2024-07-07 17:32,2024-07-07 19:29,Business,Indore,Mysore,65.6,Office Commute
2024-04-25 23:26,2024-04-26 01:20,Business,Jaipur,Tiruchirappalli,72.5,Site Inspection
2024-12-22 23:59,2024-12-23 02:12,Business,Ahmedabad,Dewas,78.7,Meeting
2024-01-25 16:17,2024-01-25 17:48,Business,Agra,Coimbatore,53.4,Meeting
2024-04-22 01:27,2024-04-22 02:56,Business,Thrissur,Visakhapatnam,50.8,Errand/Supplies
2024-07-26 04:04,2024-07-26 05:24,Business,Varanasi,Meerut,45.6,Office Commute
2024-03-31 15:40,2024-03-31 17:32,Personal,Mumbai,Agra,70.2,Airport Drop
2024-10-13 23:23,2024-10-14 00:52,Business,Ghaziabad,Visakhapatnam,55.1,Temporary Site
2024-03-17 21:14,2024-03-17 22:57,Personal,Jabalpur,Patna,63.2,Conference Visit
2024-08-16 11:54,2024-08-16 13:54,Business,Indore,Bangalore,67.9,Client Meeting
2024-03-23 23:25,2024-03-24 00:04,Business,Ludhiana,Ludhiana,21.5,Client Meeting
2024-08-14 11:28,2024-08-14 13:00,Personal,Bhubaneswar,Vadodara,51.6,Meal/Entertain
2024-06-14 00:35,2024-06-14 02:22,Business,Gwalior,Faridabad,66.0,Customer Visit
2024-02-08 19:11,2024-02-08 20:34,Business,Lucknow,Delhi,42.1,Customer Visit
2024-05-06 01:14,2024-05-06 02:55,Business,Faridabad,Bangalore,63.3,Errand/Supplies
2024-06-09 05:16,2024-06-09 06:54,Business,Aurangabad,Ghaziabad,59.3,Delivery Task
2024-11-06 01:55,2024-11-06 03:02,Business,Navi Mumbai,Bengaluru,40.6,Meeting
2024-06-06 10:30,2024-06-06 12:21,Business,Meerut,Kolkata,64.6,Temporary Site
2024-11-21 19:34,2024-11-21 21:25,Business,Kanpur,Howrah,70.4,Meeting
2024-02-25 10:52,2024-02-25 13:00,Personal,Kalyan,Noida,73.5,Delivery Task
2024-11-10 01:01,2024-11-10 02:22,Business,Thiruvananthapuram,Mysore,49.8,Customer Visit
2024-01-05 18:03,2024-01-05 20:04,Business,Jabalpur,Ghaziabad,69.7,Site Inspection
2024-07-14 00:51,2024-07-14 02:12,Business,Allahabad,Amritsar,42.2,Meal/Entertain
2024-05-10 03:42,2024-05-10 05:28,Personal,Vadodara,Hyderabad,67.7,Errand/Supplies
2024-04-21 23:12,2024-04-22 00:28,Business,Patna,Hubli,45.5,Team Outing
2024-06-07 18:49,2024-06-07 20:10,Business,Bengaluru,Gwalior,41.1,Customer Visit
2024-10-13 19:38,2024-10-13 21:02,Business,Allahabad,Bengaluru,50.2,Meeting
2024-12-12 17:50,2024-12-12 19:26,Business,Ahmedabad,Bengaluru,56.1,Office Commute
2024-02-22 16:39,2024-02-22 17:56,Personal,Dewas,Tiruchirappalli,45.6,Field Work
2024-03-12 12:46,2024-03-12 14:31,Personal,Guwahati,Allahabad,63.5,Weekend Trip
2024-02-07 03:06,2024-02-07 04:51,Business,Amritsar,Jabalpur,66.2,Customer Visit
2024-07-26 10:57,2024-07-26 12:23,Business,Tiruchirappalli,Aurangabad,48.3,Delivery Task
2024-09-06 05:28,2024-09-06 06:49,Personal,Dewas,Dhanbad,47.7,Meal/Entertain
2024-02-15 08:07,2024-02-15 10:15,Personal,Jabalpur,Coimbatore,78.2,Client Meeting
2024-11-19 06:33,2024-11-19 08:06,Personal,Chennai,Faridabad,50.2,Team Outing
2024-03-13 02:34,2024-03-13 04:04,Business,Patna,Gwalior,48.7,Meeting
2024-06-15 07:05,2024-06-15 08:46,Business,Howrah,Srinagar,64.4,Customer Visit
2024-03-16 01:56,2024-03-16 03:34,Business,Coimbatore,Ghaziabad,57.2,Client Meeting
2024-04-06 03:01,2024-04-06 09:52,Personal,Coimbatore,Ranchi,262.0,Site Inspection
2024-12-17 10:22,2024-12-17 12:02,Business,Solapur,Kolkata,58.9,Meal/Entertain
2024-05-20 00:19,2024-05-20 02:07,Business,Guwahati,Patiala,65.5,Customer Visit
2024-11-20 05:15,2024-11-20 06:43,Business,Nashik,Kota,54.2,Meeting
2024-06-06 00:12,2024-06-06 01:50,Business,Hyderabad,Pune,55.3,Meal/Entertain
2024-07-08 11:47,2024-07-08 13:08,Business,Thiruvananthapuram,Hyderabad,42.7,Office Commute
2024-07-17 09:54,2024-07-17 11:52,Business,Chennai,Jabalpur,74.9,Office Commute
2024-04-13 12:54,2024-04-13 14:32,Personal,Nashik,Vijayawada,52.0,Errand/Supplies
2024-08-13 20:57,2024-08-13 22:37,Business,Surat,Jabalpur,56.2,Conference Visit
2024-04-15 03:59,2024-04-15 06:02,Business,Chennai,Gwalior,71.1,Field Work
2024-03-21 22:13,2024-03-21 23:44,Business,Kanpur,Rajkot,49.3,Office Commute
2024-08-02 03:49,2024-08-02 05:49,Business,Bhubaneswar,Solapur,70.6,Client Pickup
2024-12-19 17:06,2024-12-19 18:35,Business,Ranchi,Faridabad,48.1,Meal/Entertain
2024-05-11 13:25,2024-05-11 15:02,Business,Lonavala,Visakhapatnam,51.9,Airport Drop
2024-09-28 00:21,2024-09-28 02:30,Business,Bangalore,Chennai,74.5,Delivery Task
2024-05-05 19:43,2024-05-05 21:51,Business,Delhi,Ranchi,77.2,Meal/Entertain
2024-07-13 06:18,2024-07-13 08:08,Business,Dewas,Patiala,61.9,Delivery Task
2024-02-09 07:53,2024-02-09 09:34,Business,Faridabad,Patiala,56.5,Temporary Site
2024-08-17 05:24,2024-08-17 07:09,Business,Rajkot,Madurai,62.6,Client Pickup
2024-11-01 18:25,2024-11-01 20:17,Personal,Nashik,Nagpur,70.4,Site Inspection
2024-07-13 05:12,2024-07-13 06:32,Business,Kalyan,Bengaluru,49.0,Office Commute
2024-03-17 09:41,2024-03-17 11:30,Personal,Bengaluru,Jodhpur,60.6,Meeting
2024-03-21 20:44,2024-03-21 22:33,Personal,Bangalore,Ahmedabad,59.9,Field Work
2024-02-07 01:22,2024-02-07 03:21,Business,Bhubaneswar,Jaipur,70.9,Field Work
2024-08-03 02:37,2024-08-03 04:10,Business,Madurai,Nashik,59.3,Client Meeting
2024-08-10 20:35,2024-08-10 22:29,Business,Meerut,Vasai,69.3,Office Commute
2024-06-03 15:47,2024-06-03 17:56,Business,Bhopal,Bhubaneswar,79.2,Conference Visit
2024-06-03 03:00,2024-06-03 04:56,Business,Mysore,Srinagar,70.9,Client Pickup
2024-08-12 12:46,2024-08-12 14:04,Business,Hubli,Noida,45.8,Customer Visit
2024-06-06 11:09,2024-06-06 12:40,Business,Jaipur,Thrissur,53.8,Office Commute
2024-02-23 20:43,2024-02-23 22:03,Business,Vijayawada,Thiruvananthapuram,44.4,Meeting
2024-07-15 08:47,2024-07-15 10:28,Business,Agra,Dewas,62.9,Meeting
2024-12-19 19:32,2024-12-19 21:13,Business,Patiala,Bhopal,56.5,Field Work
2024-06-08 05:27,2024-06-08 06:51,Business,Raipur,Gwalior,43.5,Field Work
2024-03-28 01:39,2024-03-28 03:43,Business,Patna,Ahmedabad,75.6,Site Inspection
2024-05-31 07:36,2024-05-31 08:45,Business,Hyderabad,Dhanbad,41.3,Client Meeting
2024-02-14 02:43,2024-02-14 04:34,Business,Chennai,Indore,62.8,Office Commute
2024-10-11 00:58,2024-10-11 02:40,Business,Srinagar,Raipur,64.1,Client Pickup
2024-03-24 16:05,2024-03-24 18:23,Personal,Solapur,Dhanbad,78.9,Meeting
2024-11-06 17:32,2024-11-06 19:11,Business,Vijayawada,Patiala,59.3,Airport Drop
2024-01-18 16:56,2024-01-18 18:15,Business,Patna,Guwahati,44.0,Customer Visit
2024-06-17 14:40,2024-06-17 16:04,Business,Bangalore,Rajkot,42.8,Weekend Trip
2024-06-04 12:31,2024-06-04 13:41,Business,Nagpur,Dewas,43.6,Client Meeting
2024-09-12 10:09,2024-09-12 11:51,Business,Gwalior,Mysore,63.6,Meeting
2024-12-20 03:04,2024-12-20 04:19,Business,Srinagar,Ahmedabad,46.5,Meeting
2024-11-27 08:32,2024-11-27 10:42,Business,Chandigarh,Ludhiana,75.3,Customer Visit
2024-01-13 19:23,2024-01-13 21:02,Business,Visakhapatnam,Bhopal,61.8,Conference Visit
2024-02-26 01:42,2024-02-26 03:04,Business,Varanasi,Nashik,49.9,Errand/Supplies
2024-10-15 10:38,2024-10-15 12:23,Business,Tiruchirappalli,Srinagar,60.1,Airport Drop
2024-01-24 06:26,2024-01-24 07:46,Business,Howrah,Meerut,46.2,Meal/Entertain
2024-07-04 15:47,2024-07-04 16:58,Personal,Hubli,Delhi,42.5,Client Meeting
2024-03-20 18:32,2024-03-20 20:24,Business,Lonavala,Thrissur,63.7,Office Commute
2024-11-28 03:09,2024-11-28 04:44,Business,Amritsar,Bangalore,59.2,Client Meeting
2024-10-30 23:12,2024-10-31 01:12,Business,Surat,Lonavala,75.1,Meal/Entertain
2024-01-07 07:13,2024-01-07 09:12,Business,Mysore,Patna,73.9,Temporary Site
2024-03-03 17:57,2024-03-03 19:56,Business,Howrah,Vasai,74.7,Customer Visit
2024-06-27 09:41,2024-06-27 11:45,Business,Gwalior,Bangalore,73.6,Customer Visit
2024-01-30 03:49,2024-01-30 05:56,Business,Hubli,Bhubaneswar,77.4,Temporary Site
2024-05-27 19:07,2024-05-27 20:43,Business,Kanpur,Kota,54.7,Conference Visit
2024-08-03 04:39,2024-08-03 05:50,Business,Vadodara,Kanpur,42.9,Meeting
2024-02-13 04:26,2024-02-13 06:01,Business,Allahabad,Vijayawada,52.1,Conference Visit
2024-04-06 21:32,2024-04-06 22:58,Personal,Bhopal,Surat,51.5,Office Commute
2024-02-02 00:02,2024-02-02 01:59,Business,Bhopal,Indore,68.4,Conference Visit
2024-05-30 21:25,2024-05-30 23:11,Business,Dewas,Hyderabad,66.5,Errand/Supplies
2024-03-05 22:36,2024-03-06 00:11,Personal,Kalyan,Meerut,53.8,Meeting
2024-12-12 23:17,2024-12-13 01:08,Personal,Coimbatore,Solapur,69.6,Team Outing
2024-10-06 21:04,2024-10-06 22:27,Business,Agra,Bhubaneswar,51.3,Field Work
2024-09-30 17:05,2024-09-30 18:50,Business,Visakhapatnam,Raipur,61.7,Meal/Entertain
2024-05-31 15:02,2024-05-31 15:34,Business,Ludhiana,Ludhiana,12.2,Meeting
2024-01-23 15:54,2024-01-23 17:34,Business,Lucknow,Mumbai,63.9,Conference Visit
2024-10-10 16:27,2024-10-10 18:19,Business,Jabalpur,Bengaluru,65.1,Customer Visit
2024-06-05 01:53,2024-06-05 03:43,Business,Kanpur,Kochi,66.5,Team Outing
2024-02-26 13:30,2024-02-26 13:56,Business,Jabalpur,Jabalpur,10.9,Temporary Site
2024-05-31 08:25,2024-05-31 10:09,Business,Kochi,Navi Mumbai,58.2,Delivery Task
2024-01-11 01:18,2024-01-11 02:55,Business,Bhubaneswar,Solapur,56.2,Site Inspection
2024-09-10 22:52,2024-09-11 00:22,Business,Jaipur,Vadodara,51.8,Meal/Entertain
2024-05-26 19:53,2024-05-26 22:10,Personal,Bhopal,Thrissur,79.5,Meeting
2024-07-17 19:43,2024-07-17 21:49,Business,Vadodara,Coimbatore,71.5,Meeting
2024-09-04 20:11,2024-09-04 21:29,Business,Srinagar,Thane,40.2,Office Commute
2024-11-08 07:45,2024-11-08 09:33,Business,Kalyan,Madurai,66.9,Meal/Entertain
2024-06-07 07:30,2024-06-07 08:40,Business,Lonavala,Bhubaneswar,40.3,Site Inspection
2024-12-03 22:40,2024-12-03 23:57,Business,Delhi,Lucknow,44.9,Airport Drop
2024-03-08 23:01,2024-03-09 00:18,Business,Bhubaneswar,Dhanbad,45.9,Meal/Entertain
2024-12-02 10:45,2024-12-02 12:22,Business,Gwalior,Agra,58.8,Meal/Entertain
2024-08-19 06:25,2024-08-19 08:15,Business,Ludhiana,Delhi,64.2,Errand/Supplies
2024-10-18 18:42,2024-10-18 19:57,Business,Allahabad,Agra,41.6,Client Pickup
2024-12-11 14:31,2024-12-11 15:52,Personal,Kochi,Nagpur,49.1,Meal/Entertain
2024-01-12 12:50,2024-01-12 14:25,Business,Raipur,Bhopal,53.9,Client Meeting
2024-12-26 06:17,2024-12-26 08:22,Business,Delhi,Hubli,77.7,Errand/Supplies
2024-12-24 15:58,2024-12-24 17:38,Business,Chennai,Srinagar,63.7,Meeting
2024-09-28 22:25,2024-09-28 23:48,Business,Surat,Visakhapatnam,44.7,Conference Visit
2024-06-29 08:09,2024-06-29 09:57,Business,Lonavala,Meerut,64.0,Errand/Supplies
2024-01-29 06:25,2024-01-29 07:31,Business,Ahmedabad,Bhubaneswar,40.7,Conference Visit
2024-12-02 14:26,2024-12-02 15:58,Business,Vasai,Howrah,51.5,Delivery Task
2024-10-21 18:53,2024-10-21 20:21,Business,Faridabad,Howrah,53.3,Meal/Entertain
2024-12-27 02:41,2024-12-27 04:48,Business,Surat,Solapur,76.3,Client Pickup
2024-04-21 18:50,2024-04-21 20:47,Personal,Gwalior,Kota,72.0,Meeting
2024-09-18 19:23,2024-09-18 21:13,Business,Meerut,Allahabad,65.7,Customer Visit
2024-12-20 11:13,2024-12-20 12:38,Business,Ahmedabad,Jaipur,53.8,Meeting
2024-02-14 19:41,2024-02-14 21:25,Business,Patna,Dhanbad,63.4,Client Meeting
2024-12-17 10:17,2024-12-17 12:13,Business,Bengaluru,Dhanbad,64.8,Office Commute
2024-10-06 19:30,2024-10-06 21:01,Business,Ghaziabad,Visakhapatnam,49.6,Customer Visit
2024-12-21 08:06,2024-12-21 10:23,Business,Nagpur,Mumbai,78.3,Client Meeting
2024-10-25 07:43,2024-10-25 09:06,Personal,Surat,Jabalpur,52.2,Office Commute
2024-10-13 01:20,2024-10-13 02:59,Business,Madurai,Solapur,63.0,Client Meeting
2024-09-04 15:10,2024-09-04 16:41,Business,Thrissur,Kalyan,57.2,Airport Drop
2024-08-24 00:31,2024-08-24 01:58,Business,Pune,Howrah,46.1,Conference Visit
2024-05-08 18:21,2024-05-08 19:41,Business,Agra,Jaipur,41.9,Client Meeting
2024-05-24 04:20,2024-05-24 06:24,Business,Kolkata,Faridabad,70.2,Errand/Supplies
2024-06-21 11:51,2024-06-21 13:28,Business,Vasai,Allahabad,52.7,Client Meeting
2024-01-27 20:10,2024-01-27 22:03,Business,Bangalore,Visakhapatnam,66.6,Meal/Entertain
2024-03-26 10:06,2024-03-26 11:19,Business,Mysore,Vasai,45.6,Office Commute
2024-08-27 05:12,2024-08-27 07:05,Business,Lucknow,Guwahati,68.9,Airport Drop
2024-04-27 00:15,2024-04-27 01:51,Business,Navi Mumbai,Nashik,51.8,Team Outing
2024-05-05 11:35,2024-05-05 13:34,Business,Srinagar,Thrissur,76.4,Errand/Supplies
2024-02-24 16:42,2024-02-24 18:09,Business,Madurai,Gwalior,49.6,Office Commute
2024-01-13 09:25,2024-01-13 10:38,Business,Coimbatore,Dewas,40.2,Errand/Supplies
2024-10-06 16:14,2024-10-06 17:47,Business,Bangalore,Kolkata,52.3,Delivery Task
2024-02-11 22:44,2024-02-12 00:22,Business,Hyderabad,Faridabad,55.9,Office Commute
2024-08-15 04:12,2024-08-15 05:33,Business,Madurai,Hyderabad,51.3,Conference Visit
2024-05-27 02:53,2024-05-27 04:31,Business,Jaipur,Coimbatore,62.5,Field Work
2024-04-02 21:08,2024-04-02 22:46,Personal,Chennai,Guwahati,58.1,Meal/Entertain
2024-09-19 09:34,2024-09-19 11:35,Business,Dhanbad,Patiala,71.8,Meal/Entertain
2024-05-05 02:44,2024-05-05 04:43,Business,Indore,Coimbatore,73.9,Conference Visit
2024-12-20 01:10,2024-12-20 02:35,Business,Ludhiana,Jaipur,51.2,Conference Visit
2024-09-25 00:44,2024-09-25 02:45,Business,Nagpur,Kanpur,76.2,Client Pickup
2024-03-01 23:06,2024-03-02 00:32,Business,Kochi,Chennai,51.8,Meeting
2024-03-09 16:12,2024-03-09 18:15,Business,Thrissur,Bhubaneswar,77.1,Site Inspection
2024-06-06 17:18,2024-06-06 18:45,Business,Indore,Patna,47.0,Meeting
2024-01-02 22:10,2024-01-03 00:26,Personal,Nagpur,Dewas,79.6,Delivery Task
2024-03-24 16:07,2024-03-24 18:00,Business,Dhanbad,Bhubaneswar,70.1,Delivery Task
2024-04-27 07:29,2024-04-27 09:15,Business,Thrissur,Dhanbad,60.0,Customer Visit
2024-09-17 18:07,2024-09-17 19:38,Business,Agra,Coimbatore,56.7,Field Work
2024-05-25 02:52,2024-05-25 04:18,Business,Bengaluru,Mumbai,49.7,Meeting
2024-01-01 19:12,2024-01-01 20:54,Business,Lonavala,Nagpur,64.1,Conference Visit
2024-05-12 15:51,2024-05-12 17:43,Business,Noida,Ahmedabad,63.3,Errand/Supplies
2024-05-26 05:54,2024-05-26 07:57,Business,Bengaluru,Jaipur,73.7,Airport Pickup
2024-10-14 08:56,2024-10-14 10:40,Business,Pune,Lonavala,59.3,Client Pickup
2024-08-13 00:05,2024-08-13 01:57,Personal,Indore,Nagpur,69.1,Meal/Entertain
2024-10-09 07:43,2024-10-09 09:40,Personal,Dhanbad,Agra,71.2,Field Work
2024-09-09 18:43,2024-09-09 20:59,Personal,Bhubaneswar,Ranchi,78.5,Errand/Supplies
2024-04-20 15:07,2024-04-20 17:08,Business,Kolkata,Vijayawada,70.7,Conference Visit
2024-04-05 04:09,2024-04-05 05:45,Personal,Jaipur,Gwalior,51.5,Meal/Entertain
2024-10-20 23:09,2024-10-21 01:01,Business,Agra,Surat,64.6,Customer Visit
2024-12-23 06:59,2024-12-23 09:00,Business,Delhi,Patna,76.5,Office Commute
2024-06-12 09:23,2024-06-12 11:06,Business,Patiala,Kochi,57.1,Office Commute
2024-09-08 16:45,2024-09-08 18:42,Business,Hyderabad,Amritsar,66.4,Airport Pickup
2024-09-08 15:49,2024-09-08 17:53,Business,Aurangabad,Bhubaneswar,72.9,Site Inspection
2024-03-01 12:54,2024-03-01 14:40,Business,Kota,Meerut,65.0,Temporary Site
2024-08-31 03:20,2024-08-31 05:02,Business,Faridabad,Aurangabad,55.6,Field Work
2024-06-15 01:18,2024-06-15 02:57,Business,Ahmedabad,Jaipur,59.1,Conference Visit
2024-07-07 20:35,2024-07-07 21:54,Business,Hyderabad,Faridabad,47.9,Errand/Supplies
2024-02-23 14:48,2024-02-23 16:09,Business,Madurai,Indore,42.9,Meeting
2024-07-18 02:02,2024-07-18 03:35,Business,Thiruvananthapuram,Navi Mumbai,51.4,Office Commute
2024-04-21 02:20,2024-04-21 03:34,Business,Kalyan,Dhanbad,43.4,Errand/Supplies
2024-12-30 15:44,2024-12-30 16:58,Business,Nagpur,Howrah,41.6,Client Pickup
2024-08-09 06:53,2024-08-09 08:56,Personal,Kolkata,Thrissur,76.3,Site Inspection
2024-02-25 14:43,2024-02-25 16:00,Business,Vadodara,Faridabad,42.9,Field Work
2024-11-26 16:09,2024-11-26 18:03,Business,Kanpur,Indore,65.1,Meal/Entertain
2024-10-20 04:47,2024-10-20 06:58,Business,Jaipur,Nashik,78.8,Site Inspection
2024-09-22 06:07,2024-09-22 07:39,Business,Bengaluru,Lonavala,48.1,Client Meeting
2024-05-12 08:44,2024-05-12 10:47,Business,Kalyan,Hyderabad,75.3,Site Inspection
2024-10-29 12:16,2024-10-29 13:34,Personal,Vijayawada,Ludhiana,43.8,Airport Drop
2024-06-01 14:16,2024-06-01 16:12,Business,Patiala,Vadodara,68.0,Client Meeting
2024-03-26 13:36,2024-03-26 15:39,Business,Coimbatore,Kanpur,71.7,Conference Visit
2024-04-18 14:31,2024-04-18 15:56,Personal,Aurangabad,Thane,47.3,Delivery Task
2024-07-08 21:53,2024-07-09 00:03,Business,Indore,Dhanbad,76.4,Office Commute
2024-08-26 07:07,2024-08-26 09:12,Business,Patna,Jodhpur,70.1,Customer Visit
2024-08-16 14:54,2024-08-16 16:42,Business,Kalyan,Ghaziabad,60.5,Conference Visit
2024-11-18 12:27,2024-11-18 14:17,Business,Chennai,Thane,68.3,Meal/Entertain
2024-01-03 06:11,2024-01-03 07:37,Business,Ahmedabad,Howrah,45.5,Client Meeting
2024-05-28 18:32,2024-05-28 20:12,Business,Mysore,Bhubaneswar,56.8,Airport Drop
2024-12-02 11:08,2024-12-02 13:06,Business,Tiruchirappalli,Bhopal,66.9,Site Inspection
2024-10-03 02:38,2024-10-03 04:50,Business,Srinagar,Bhubaneswar,75.0,Weekend Trip
2024-09-29 16:32,2024-09-29 18:21,Business,Coimbatore,Nagpur,69.6,Airport Pickup
2024-09-22 22:56,2024-09-23 00:21,Business,Nashik,Kochi,48.6,Meeting
2024-04-26 23:01,2024-04-27 00:53,Personal,Vadodara,Bhubaneswar,63.0,Errand/Supplies
2024-11-01 19:18,2024-11-01 20:40,Business,Vadodara,Surat,47.4,Client Meeting
2024-11-28 20:06,2024-11-28 21:44,Personal,Gwalior,Vasai,62.0,Airport Pickup
2024-08-08 07:02,2024-08-08 08:50,Business,Gwalior,Vijayawada,59.7,Delivery Task
2024-07-20 20:26,2024-07-20 21:46,Business,Tiruchirappalli,Varanasi,44.6,Office Commute
2024-02-22 00:32,2024-02-22 02:15,Personal,Pune,Noida,64.4,Customer Visit
2024-02-25 22:20,2024-02-26 00:22,Business,Gwalior,Kochi,73.6,Office Commute
2024-09-26 07:06,2024-09-26 09:04,Business,Delhi,Kochi,75.2,Airport Pickup
2024-01-25 20:48,2024-01-25 22:21,Business,Visakhapatnam,Mumbai,50.8,Client Pickup
2024-06-02 13:37,2024-06-02 15:14,Personal,Lonavala,Jodhpur,57.8,Office Commute
2024-12-01 02:44,2024-12-01 04:10,Business,Kalyan,Navi Mumbai,45.6,Client Pickup
2024-12-09 00:46,2024-12-09 02:54,Business,Delhi,Agra,79.5,Meal/Entertain
2024-12-10 21:50,2024-12-10 23:07,Personal,Ahmedabad,Thiruvananthapuram,42.0,Airport Drop
2024-04-08 07:19,2024-04-08 08:53,Personal,Lucknow,Vijayawada,55.5,Client Meeting
2024-09-19 09:56,2024-09-19 12:04,Business,Dewas,Solapur,74.0,Meeting
2024-08-23 01:21,2024-08-23 03:19,Business,Ahmedabad,Surat,67.7,Meal/Entertain
2024-03-21 07:56,2024-03-21 09:18,Personal,Lonavala,Rajkot,43.4,Meal/Entertain
2024-08-23 13:49,2024-08-23 15:43,Business,Agra,Tiruchirappalli,67.1,Office Commute
2024-01-10 07:56,2024-01-10 09:48,Business,Vasai,Kanpur,64.0,Errand/Supplies
2024-01-21 04:39,2024-01-21 06:29,Business,Vijayawada,Kalyan,68.6,Meeting
2024-10-23 13:14,2024-10-23 14:58,Business,Vadodara,Delhi,64.9,Customer Visit
2024-11-16 08:20,2024-11-16 09:47,Business,Vijayawada,Mumbai,55.0,Airport Drop
2024-02-12 14:42,2024-02-12 16:19,Business,Aurangabad,Bengaluru,51.7,Client Pickup
2024-12-13 10:03,2024-12-13 11:51,Business,Indore,Surat,68.6,Field Work
2024-10-21 02:50,2024-10-21 04:30,Business,Madurai,Varanasi,63.1,Site Inspection
2024-01-24 20:37,2024-01-24 21:53,Personal,Gwalior,Ghaziabad,42.5,Client Meeting
2024-07-16 15:57,2024-07-16 17:35,Business,Faridabad,Aurangabad,55.4,Customer Visit
2024-07-21 21:30,2024-07-21 22:57,Business,Aurangabad,Patna,53.2,Meeting
2024-06-26 21:37,2024-06-26 23:20,Personal,Guwahati,Lucknow,59.1,Delivery Task
2024-06-05 15:10,2024-06-05 16:31,Business,Indore,Lucknow,44.1,Meeting
2024-11-12 18:19,2024-11-12 20:07,Business,Jaipur,Gwalior,59.5,Delivery Task
2024-06-28 15:38,2024-06-28 16:55,Personal,Meerut,Ghaziabad,46.2,Meeting
2024-09-07 19:38,2024-09-07 21:30,Business,Jodhpur,Vasai,67.8,Customer Visit
2024-05-22 01:37,2024-05-22 02:59,Business,Kota,Pune,43.7,Client Pickup
2024-02-03 02:00,2024-02-03 03:45,Personal,Kanpur,Thane,56.9,Temporary Site
2024-10-12 18:33,2024-10-12 20:05,Personal,Thiruvananthapuram,Thrissur,54.2,Meeting
2024-12-03 18:59,2024-12-03 20:08,Business,Patiala,Delhi,42.6,Meeting
2024-07-27 06:46,2024-07-27 08:16,Business,Rajkot,Hubli,53.3,Weekend Trip
2024-01-27 00:14,2024-01-27 02:08,Business,Jabalpur,Delhi,65.7,Client Pickup
2024-05-23 13:05,2024-05-23 14:26,Business,Kanpur,Hubli,46.0,Field Work
2024-08-18 09:38,2024-08-18 11:22,Business,Jabalpur,Faridabad,63.1,Errand/Supplies
2024-02-06 14:36,2024-02-06 16:34,Business,Gwalior,Chennai,66.4,Office Commute
2024-01-17 19:43,2024-01-17 21:10,Business,Vasai,Srinagar,53.4,Team Outing
2024-06-14 04:17,2024-06-14 05:51,Business,Patna,Hyderabad,50.7,Site Inspection
2024-11-12 10:22,2024-11-12 11:45,Business,Meerut,Lonavala,48.3,Meeting
2024-03-02 04:50,2024-03-02 06:29,Business,Agra,Chandigarh,53.6,Airport Pickup
2024-08-05 13:12,2024-08-05 14:49,Personal,Coimbatore,Kota,57.2,Weekend Trip
2024-10-13 20:44,2024-10-13 22:12,Personal,Ghaziabad,Hubli,54.8,Meeting
2024-04-26 10:33,2024-04-26 12:22,Business,Chennai,Hubli,60.7,Meeting
2024-01-03 23:20,2024-01-04 01:36,Business,Bengaluru,Faridabad,77.7,Meeting
2024-06-26 08:33,2024-06-26 09:45,Business,Bhubaneswar,Varanasi,40.3,Site Inspection
2024-07-06 21:09,2024-07-06 22:39,Personal,Meerut,Vadodara,46.7,Conference Visit
2024-02-15 00:45,2024-02-15 02:50,Personal,Kota,Kolkata,78.0,Meeting
2024-02-19 19:34,2024-02-19 21:02,Business,Varanasi,Solapur,45.6,Site Inspection
2024-10-30 00:17,2024-10-30 01:34,Business,Noida,Lucknow,47.9,Errand/Supplies
2024-01-19 15:51,2024-01-19 17:08,Business,Agra,Kochi,45.9,Errand/Supplies
2024-09-19 04:43,2024-09-19 06:08,Business,Raipur,Tiruchirappalli,47.7,Office Commute
2024-05-15 11:02,2024-05-15 13:19,Business,Lonavala,Dewas,78.6,Site Inspection
2024-07-01 09:27,2024-07-01 11:01,Business,Tiruchirappalli,Thiruvananthapuram,57.9,Errand/Supplies
2024-12-16 19:16,2024-12-16 21:20,Business,Solapur,Nashik,71.3,Customer Visit
2024-07-03 08:52,2024-07-03 10:34,Business,Visakhapatnam,Bhopal,63.3,Conference Visit
2024-10-26 18:26,2024-10-26 20:09,Business,Jaipur,Jabalpur,57.4,Errand/Supplies
2024-08-23 20:01,2024-08-23 21:35,Business,Jodhpur,Srinagar,51.8,Client Pickup
2024-04-13 07:25,2024-04-13 08:47,Business,Ludhiana,Tiruchirappalli,51.5,Airport Drop
2024-12-29 13:43,2024-12-29 15:06,Business,Ahmedabad,Nashik,46.1,Client Pickup
2024-03-17 05:25,2024-03-17 07:26,Business,Bhubaneswar,Patna,68.5,Meeting
2024-11-21 08:45,2024-11-21 10:02,Business,Nashik,Delhi,47.3,Meal/Entertain
2024-08-30 05:55,2024-08-30 07:14,Business,Mysore,Aurangabad,49.8,Airport Pickup
2024-09-17 21:16,2024-09-17 22:45,Personal,Kolkata,Ahmedabad,51.4,Meeting
2024-11-02 06:11,2024-11-02 07:39,Business,Kalyan,Amritsar,53.4,Meal/Entertain
2024-09-29 16:02,2024-09-29 17:12,Business,Bangalore,Vijayawada,41.5,Client Meeting
2024-02-28 19:04,2024-02-28 21:11,Personal,Allahabad,Aurangabad,73.2,Site Inspection
2024-05-15 09:38,2024-05-15 10:57,Business,Agra,Ahmedabad,45.4,Client Pickup
2024-08-20 04:35,2024-08-20 06:48,Business,Patiala,Ghaziabad,76.4,Weekend Trip
2024-05-03 17:58,2024-05-03 19:24,Personal,Vadodara,Meerut,48.1,Client Pickup
2024-12-13 08:42,2024-12-13 09:07,Business,Lucknow,Lucknow,12.2,Customer Visit
2024-07-02 07:17,2024-07-02 08:58,Business,Nagpur,Coimbatore,62.8,Client Meeting
2024-10-03 01:53,2024-10-03 04:09,Business,Thiruvananthapuram,Ghaziabad,78.8,Customer Visit
2024-04-03 05:34,2024-04-03 07:23,Business,Navi Mumbai,Jaipur,67.2,Client Meeting
2024-07-11 04:23,2024-07-11 06:28,Business,Ahmedabad,Varanasi,77.7,Team Outing
2024-10-29 09:49,2024-10-29 11:19,Personal,Thiruvananthapuram,Patiala,54.6,Field Work
2024-12-11 05:48,2024-12-11 07:13,Business,Howrah,Jodhpur,50.6,Errand/Supplies
2024-01-16 07:12,2024-01-16 08:35,Business,Rajkot,Lonavala,51.6,Customer Visit
2024-01-09 01:47,2024-01-09 03:43,Business,Pune,Varanasi,66.3,Client Pickup
2024-05-26 09:48,2024-05-26 11:33,Business,Patiala,Amritsar,66.7,Team Outing
2024-05-11 05:38,2024-05-11 07:24,Business,Hubli,Bangalore,62.4,Site Inspection
2024-06-04 14:16,2024-06-04 16:19,Business,Dewas,Thiruvananthapuram,75.1,Conference Visit
2024-03-17 22:52,2024-03-18 00:45,Personal,Rajkot,Amritsar,67.8,Delivery Task
2024-03-25 07:14,2024-03-25 09:10,Personal,Hubli,Vasai,66.2,Customer Visit
2024-11-11 06:44,2024-11-11 08:42,Business,Nagpur,Raipur,75.9,Meeting
2024-08-19 03:33,2024-08-19 05:16,Business,Bangalore,Vijayawada,61.1,Errand/Supplies
2024-01-02 09:06,2024-01-02 10:26,Business,Aurangabad,Meerut,44.6,Errand/Supplies
2024-07-23 13:27,2024-07-23 14:41,Business,Tiruchirappalli,Thiruvananthapuram,41.8,Meeting
2024-07-30 04:09,2024-07-30 05:22,Personal,Hyderabad,Pune,42.6,Meeting
2024-03-26 16:22,2024-03-26 17:56,Business,Nashik,Patna,50.5,Meal/Entertain
2024-06-01 23:29,2024-06-02 01:25,Personal,Kalyan,Kanpur,70.8,Weekend Trip
2024-11-10 20:57,2024-11-10 22:34,Business,Madurai,Vijayawada,60.5,Site Inspection
2024-01-26 22:25,2024-01-26 23:01,Business,Bhubaneswar,Bhubaneswar,13.6,Airport Pickup
2024-06-27 04:55,2024-06-27 06:26,Personal,Tiruchirappalli,Vadodara,52.1,Weekend Trip
2024-12-19 22:29,2024-12-20 00:33,Business,Srinagar,Kolkata,74.9,Customer Visit
2024-05-15 11:31,2024-05-15 12:47,Personal,Aurangabad,Thrissur,43.5,Customer Visit
2024-08-26 00:23,2024-08-26 01:41,Business,Patna,Srinagar,40.3,Meeting
2024-07-14 16:06,2024-07-14 17:46,Personal,Lonavala,Visakhapatnam,57.9,Meal/Entertain
2024-10-17 02:30,2024-10-17 04:43,Business,Bhubaneswar,Bengaluru,79.5,Client Pickup
2024-06-07 12:37,2024-06-07 14:06,Business,Bhubaneswar,Patiala,49.3,Site Inspection
2024-11-11 11:07,2024-11-11 12:33,Business,Noida,Ahmedabad,44.2,Meeting
2024-07-11 07:58,2024-07-11 09:23,Business,Kanpur,Kota,43.9,Airport Pickup
2024-07-29 18:15,2024-07-29 20:05,Personal,Jodhpur,Vadodara,66.3,Office Commute
2024-12-17 21:01,2024-12-17 22:49,Personal,Kalyan,Visakhapatnam,61.8,Office Commute
2024-10-28 08:15,2024-10-28 09:48,Business,Ahmedabad,Bangalore,55.9,Office Commute
2024-03-12 11:42,2024-03-12 13:35,Business,Kolkata,Visakhapatnam,63.7,Conference Visit
2024-07-18 23:01,2024-07-18 23:38,Business,Kanpur,Kanpur,21.6,Customer Visit
2024-06-02 11:17,2024-06-02 12:55,Business,Mumbai,Pune,55.9,Meeting
2024-09-19 12:34,2024-09-19 14:17,Business,Chennai,Coimbatore,65.6,Errand/Supplies
2024-05-03 11:53,2024-05-03 13:15,Business,Kolkata,Gwalior,49.7,Site Inspection
2024-06-29 12:44,2024-06-29 14:21,Business,Bhubaneswar,Hubli,59.1,Conference Visit
2024-05-27 15:33,2024-05-27 17:37,Business,Kanpur,Hubli,73.4,Weekend Trip
2024-05-23 10:39,2024-05-23 12:38,Personal,Ahmedabad,Meerut,76.5,Client Meeting
2024-12-31 12:31,2024-12-31 14:40,Business,Hubli,Ahmedabad,76.7,Customer Visit
2024-10-30 04:43,2024-10-30 06:53,Personal,Bhopal,Srinagar,75.7,Errand/Supplies
2024-01-28 04:10,2024-01-28 05:30,Business,Hyderabad,Kota,47.5,Office Commute
2024-11-07 05:53,2024-11-07 07:23,Business,Mysore,Vadodara,55.9,Airport Pickup
2024-11-22 19:28,2024-11-22 20:09,Business,Madurai,Madurai,18.0,Client Pickup
2024-10-05 23:58,2024-10-06 01:10,Business,Ludhiana,Kanpur,41.7,Office Commute
2024-07-22 01:20,2024-07-22 03:17,Business,Ghaziabad,Guwahati,65.5,Client Pickup
2024-06-28 19:59,2024-06-28 21:26,Business,Meerut,Thrissur,54.0,Office Commute
2024-08-16 23:56,2024-08-17 01:53,Business,Navi Mumbai,Dhanbad,71.0,Errand/Supplies
2024-05-12 00:03,2024-05-12 02:00,Business,Ahmedabad,Bhopal,75.1,Meal/Entertain
2024-01-15 00:44,2024-01-15 02:54,Business,Aurangabad,Noida,73.4,Client Meeting
2024-06-04 22:15,2024-06-05 00:29,Personal,Guwahati,Chennai,78.8,Temporary Site
2024-06-07 11:31,2024-06-07 13:33,Business,Chandigarh,Coimbatore,74.0,Delivery Task
2024-03-06 07:15,2024-03-06 08:21,Business,Thiruvananthapuram,Bhopal,40.6,Meal/Entertain
2024-01-08 16:40,2024-01-08 18:27,Personal,Agra,Surat,65.6,Site Inspection
2024-09-09 21:42,2024-09-09 23:54,Personal,Thane,Ghaziabad,76.2,Customer Visit
2024-05-21 03:52,2024-05-21 05:38,Business,Bhubaneswar,Ghaziabad,63.0,Errand/Supplies
2024-01-10 15:55,2024-01-10 17:27,Business,Kota,Surat,51.5,Office Commute
2024-09-06 07:52,2024-09-06 09:10,Business,Lonavala,Varanasi,43.7,Meal/Entertain
2024-05-22 17:08,2024-05-22 19:23,Business,Howrah,Jodhpur,78.4,Meeting
2024-10-06 18:15,2024-10-06 19:47,Business,Patna,Srinagar,50.2,Office Commute
2024-09-07 20:36,2024-09-07 22:02,Business,Madurai,Vasai,48.3,Meal/Entertain
2024-01-26 11:16,2024-01-26 12:48,Business,Ghaziabad,Jabalpur,53.2,Client Pickup
2024-07-27 08:09,2024-07-27 10:00,Business,Jaipur,Noida,62.0,Conference Visit
2024-10-17 07:33,2024-10-17 08:57,Business,Indore,Visakhapatnam,47.9,Errand/Supplies
2024-11-28 11:53,2024-11-28 13:38,Personal,Lucknow,Delhi,62.5,Delivery Task
2024-06-15 14:11,2024-06-15 15:53,Business,Patiala,Visakhapatnam,61.9,Client Meeting
2024-06-01 02:19,2024-06-01 03:45,Business,Tiruchirappalli,Kalyan,48.6,Client Meeting
2024-09-14 11:33,2024-09-14 12:53,Business,Ludhiana,Hubli,41.2,Delivery Task
2024-07-16 05:54,2024-07-16 07:08,Personal,Kota,Jabalpur,40.2,Errand/Supplies
2024-10-26 14:28,2024-10-26 16:18,Business,Faridabad,Chennai,66.0,Office Commute
2024-12-04 08:48,2024-12-04 10:24,Business,Patiala,Thrissur,52.0,Meeting
2024-05-18 06:27,2024-05-18 08:04,Business,Nagpur,Pune,61.4,Site Inspection
2024-01-24 03:15,2024-01-24 04:50,Business,Solapur,Rajkot,52.8,Airport Drop
2024-06-04 16:35,2024-06-04 18:25,Business,Rajkot,Allahabad,61.3,Office Commute
2024-03-17 12:51,2024-03-17 14:07,Personal,Chennai,Rajkot,42.0,Temporary Site
2024-03-17 04:15,2024-03-17 05:57,Business,Coimbatore,Vijayawada,64.1,Conference Visit
2024-07-09 07:20,2024-07-09 09:23,Business,Pune,Kolkata,76.6,Airport Drop
2024-12-24 02:27,2024-12-24 04:21,Personal,Tiruchirappalli,Mysore,65.4,Temporary Site
2024-08-06 08:20,2024-08-06 09:25,Personal,Patiala,Navi Mumbai,40.2,Errand/Supplies
2024-05-16 09:05,2024-05-16 10:46,Business,Aurangabad,Kalyan,62.4,Meeting
2024-09-04 00:11,2024-09-04 01:57,Business,Indore,Allahabad,67.6,Office Commute
2024-05-13 08:53,2024-05-13 10:23,Business,Howrah,Hyderabad,52.5,Errand/Supplies
2024-04-12 20:19,2024-04-12 21:58,Personal,Varanasi,Aurangabad,58.6,Client Meeting
2024-11-19 06:51,2024-11-19 08:43,Business,Thiruvananthapuram,Dhanbad,64.8,Site Inspection
2024-02-09 01:23,2024-02-09 03:14,Business,Delhi,Bangalore,69.0,Temporary Site
2024-04-16 17:03,2024-04-16 18:47,Personal,Chandigarh,Faridabad,63.0,Meal/Entertain
2024-04-12 14:27,2024-04-12 16:03,Business,Jodhpur,Indore,58.4,Customer Visit
2024-03-12 03:20,2024-03-12 04:58,Business,Meerut,Kanpur,55.2,Office Commute
2024-10-04 15:27,2024-10-04 16:54,Business,Bhopal,Pune,47.7,Meal/Entertain
2024-09-02 09:55,2024-09-02 11:17,Business,Indore,Gwalior,43.2,Errand/Supplies
2024-02-01 09:18,2024-02-01 11:24,Business,Allahabad,Thane,76.4,Meeting
2024-05-13 14:29,2024-05-13 16:40,Business,Hubli,Bengaluru,76.9,Office Commute
2024-09-28 06:50,2024-09-28 08:37,Business,Hubli,Solapur,67.5,Delivery Task
2024-07-30 04:44,2024-07-30 06:20,Business,Visakhapatnam,Solapur,59.0,Office Commute
2024-05-29 14:59,2024-05-29 16:33,Business,Kalyan,Kolkata,57.7,Customer Visit
2024-11-18 12:24,2024-11-18 14:24,Business,Thrissur,Bhubaneswar,66.7,Office Commute
2024-10-17 04:04,2024-10-17 05:59,Personal,Jabalpur,Kanpur,70.5,Team Outing
2024-10-19 12:52,2024-10-19 14:16,Business,Solapur,Kanpur,44.1,Meal/Entertain
2024-10-31 07:05,2024-10-31 08:31,Business,Ahmedabad,Lucknow,44.7,Customer Visit
2024-02-02 13:24,2024-02-02 15:16,Business,Jodhpur,Chennai,62.8,Weekend Trip
2024-08-28 04:31,2024-08-28 06:00,Business,Faridabad,Ahmedabad,49.4,Field Work
2024-04-30 16:32,2024-04-30 18:43,Business,Aurangabad,Kanpur,77.6,Conference Visit
2024-08-17 04:48,2024-08-17 06:33,Business,Allahabad,Raipur,64.6,Errand/Supplies
2024-10-08 00:12,2024-10-08 02:10,Business,Vijayawada,Thiruvananthapuram,67.1,Meal/Entertain
2024-03-08 06:44,2024-03-08 08:01,Business,Kochi,Dhanbad,44.0,Customer Visit
2024-12-23 04:45,2024-12-23 06:37,Business,Guwahati,Surat,71.0,Meal/Entertain
2024-09-12 09:00,2024-09-12 11:10,Business,Howrah,Lucknow,77.4,Meal/Entertain
2024-05-22 05:51,2024-05-22 07:21,Business,Noida,Chandigarh,56.0,Site Inspection
2024-10-07 12:48,2024-10-07 14:10,Personal,Tiruchirappalli,Patna,47.0,Customer Visit
2024-10-24 21:58,2024-10-24 23:42,Business,Bengaluru,Faridabad,58.9,Client Pickup
2024-01-25 19:48,2024-01-25 21:32,Personal,Kochi,Jaipur,64.3,Client Meeting
2024-04-20 18:36,2024-04-20 19:50,Business,Raipur,Hyderabad,41.0,Customer Visit
2024-03-19 21:14,2024-03-19 23:19,Business,Delhi,Vasai,74.0,Meeting
2024-12-21 11:41,2024-12-21 13:10,Business,Faridabad,Kanpur,54.9,Delivery Task
2024-09-15 01:19,2024-09-15 03:30,Personal,Varanasi,Allahabad,74.2,Errand/Supplies
2024-01-07 03:15,2024-01-07 04:39,Business,Kota,Bhopal,44.3,Airport Drop
2024-12-29 13:20,2024-12-29 15:35,Business,Chandigarh,Patna,77.9,Client Meeting
2024-05-11 22:31,2024-05-12 00:24,Business,Nagpur,Bhubaneswar,71.3,Errand/Supplies
2024-02-13 07:39,2024-02-13 09:06,Business,Vijayawada,Kochi,46.5,Customer Visit
2024-10-10 22:51,2024-10-11 00:55,Personal,Chandigarh,Patna,69.7,Office Commute
2024-08-18 13:43,2024-08-18 15:04,Business,Dhanbad,Thiruvananthapuram,46.3,Client Pickup
2024-06-20 21:49,2024-06-20 23:47,Business,Jodhpur,Mumbai,71.5,Customer Visit
2024-10-27 03:43,2024-10-27 05:17,Personal,Patna,Kolkata,59.4,Errand/Supplies
2024-07-08 06:11,2024-07-08 07:56,Business,Indore,Bhubaneswar,67.3,Errand/Supplies
2024-10-14 13:49,2024-10-14 15:47,Business,Kochi,Noida,74.0,Customer Visit
2024-05-03 10:04,2024-05-03 11:25,Business,Jabalpur,Vadodara,50.2,Field Work
2024-10-28 09:54,2024-10-28 11:11,Business,Agra,Thane,40.2,Client Meeting
2024-08-03 12:31,2024-08-03 14:10,Personal,Ranchi,Thane,62.4,Meeting
2024-05-14 11:00,2024-05-14 12:24,Business,Varanasi,Dewas,52.4,Errand/Supplies
2024-10-22 15:12,2024-10-22 16:53,Business,Chennai,Nagpur,56.0,Temporary Site
2024-01-04 07:18,2024-01-04 08:31,Personal,Amritsar,Faridabad,41.9,Meeting
2024-05-15 03:27,2024-05-15 05:08,Business,Guwahati,Kalyan,58.4,Office Commute
2024-04-03 05:50,2024-04-03 07:51,Personal,Navi Mumbai,Aurangabad,68.9,Meeting
2024-04-04 14:23,2024-04-04 15:36,Business,Madurai,Lucknow,43.0,Delivery Task
2024-05-01 18:42,2024-05-01 20:42,Business,Kochi,Coimbatore,74.9,Field Work
2024-02-27 19:49,2024-02-27 21:12,Personal,Faridabad,Amritsar,52.4,Meeting
2024-05-20 10:56,2024-05-20 12:40,Business,Bengaluru,Faridabad,61.9,Temporary Site
2024-09-23 01:58,2024-09-23 03:49,Business,Coimbatore,Allahabad,69.6,Office Commute
2024-10-08 01:02,2024-10-08 02:51,Business,Varanasi,Solapur,60.9,Office Commute
2024-08-07 13:21,2024-08-07 14:42,Personal,Dhanbad,Kalyan,49.5,Meeting
2024-05-27 17:21,2024-05-27 18:40,Personal,Noida,Pune,49.8,Office Commute
2024-09-08 15:56,2024-09-08 17:58,Business,Kolkata,Ranchi,68.3,Client Meeting
2024-05-17 07:40,2024-05-17 08:51,Business,Kanpur,Kota,41.7,Office Commute
2024-01-20 13:20,2024-01-20 14:46,Business,Bangalore,Ghaziabad,44.0,Customer Visit
2024-04-14 11:12,2024-04-14 12:53,Personal,Vijayawada,Agra,57.3,Client Meeting
2024-08-23 14:26,2024-08-23 16:12,Business,Vadodara,Surat,61.3,Meeting
2024-05-24 04:54,2024-05-24 06:01,Business,Bengaluru,Coimbatore,40.3,Meeting
2024-02-01 06:20,2024-02-01 08:08,Business,Solapur,Bhopal,63.4,Meal/Entertain
2024-05-21 02:50,2024-05-21 04:23,Business,Thane,Noida,50.4,Meeting
2024-05-11 10:24,2024-05-11 12:04,Business,Nagpur,Kota,55.8,Site Inspection
2024-07-12 14:30,2024-07-12 16:04,Business,Thiruvananthapuram,Bhopal,58.1,Airport Pickup
2024-02-15 04:15,2024-02-15 06:14,Personal,Faridabad,Kochi,67.4,Customer Visit
2024-05-17 15:01,2024-05-17 16:32,Business,Solapur,Chandigarh,49.6,Client Meeting
2024-05-28 05:32,2024-05-28 07:36,Personal,Bengaluru,Bhubaneswar,70.6,Client Meeting
2024-07-11 00:19,2024-07-11 01:52,Business,Madurai,Dhanbad,54.9,Airport Pickup
2024-07-22 19:03,2024-07-22 21:13,Business,Kolkata,Bengaluru,73.8,Delivery Task
2024-10-10 06:51,2024-10-10 08:02,Personal,Ranchi,Gwalior,41.9,Errand/Supplies
2024-04-22 02:47,2024-04-22 04:47,Personal,Dewas,Patna,68.7,Customer Visit
2024-05-28 01:37,2024-05-28 03:10,Personal,Aurangabad,Howrah,55.6,Errand/Supplies
2024-04-25 06:54,2024-04-25 08:15,Personal,Lonavala,Kanpur,48.7,Meeting
2024-09-22 17:11,2024-09-22 19:11,Business,Aurangabad,Thane,71.2,Airport Drop
2024-04-24 18:27,2024-04-24 20:01,Business,Coimbatore,Navi Mumbai,55.0,Errand/Supplies
2024-06-12 16:38,2024-06-12 18:20,Business,Bhopal,Nagpur,61.3,Meal/Entertain
2024-11-22 21:23,2024-11-22 23:04,Business,Varanasi,Visakhapatnam,59.2,Errand/Supplies
2024-05-30 11:45,2024-05-30 14:03,Personal,Jaipur,Hubli,79.1,Meeting
2024-10-29 16:37,2024-10-29 18:22,Business,Visakhapatnam,Ahmedabad,62.0,Errand/Supplies
2024-09-22 05:11,2024-09-22 06:36,Business,Agra,Ahmedabad,48.8,Errand/Supplies
2024-10-24 07:03,2024-10-24 09:09,Business,Jodhpur,Rajkot,73.7,Team Outing
2024-10-01 13:13,2024-10-01 14:29,Business,Mumbai,Coimbatore,45.8,Client Pickup
2024-05-28 20:37,2024-05-28 22:48,Business,Patiala,Noida,77.4,Delivery Task
2024-04-12 14:43,2024-04-12 15:51,Business,Nagpur,Dhanbad,41.7,Client Meeting
2024-02-06 13:53,2024-02-06 15:08,Business,Jaipur,Ranchi,45.8,Office Commute
2024-04-19 00:55,2024-04-19 02:45,Business,Madurai,Kochi,60.5,Team Outing
2024-02-14 08:32,2024-02-14 09:56,Business,Bhopal,Ludhiana,43.5,Client Pickup
2024-09-10 05:06,2024-09-10 07:08,Business,Pune,Mysore,77.8,Delivery Task
2024-07-23 05:00,2024-07-23 06:53,Personal,Tiruchirappalli,Thiruvananthapuram,67.1,Office Commute
2024-08-26 13:41,2024-08-26 15:17,Business,Thrissur,Mumbai,51.4,Field Work
2024-02-18 05:59,2024-02-18 07:13,Business,Nashik,Nagpur,44.3,Office Commute
2024-06-11 03:27,2024-06-11 05:30,Business,Guwahati,Madurai,71.6,Delivery Task
2024-09-14 10:45,2024-09-14 12:30,Business,Ludhiana,Ranchi,64.8,Client Meeting
2024-09-02 09:11,2024-09-02 10:55,Business,Vasai,Agra,59.7,Meeting
2024-03-18 17:13,2024-03-18 19:20,Business,Kalyan,Vadodara,79.7,Customer Visit
2024-11-19 10:17,2024-11-19 12:30,Business,Chennai,Nagpur,78.2,Site Inspection
2024-06-09 22:39,2024-06-10 00:39,Personal,Kochi,Thiruvananthapuram,74.7,Weekend Trip
2024-07-08 12:31,2024-07-08 14:02,Personal,Kalyan,Nagpur,56.4,Team Outing
2024-11-27 06:01,2024-11-27 07:19,Business,Bangalore,Mumbai,48.5,Temporary Site
2024-01-19 09:26,2024-01-19 10:44,Personal,Jodhpur,Ludhiana,46.7,Customer Visit
2024-01-30 20:23,2024-01-30 21:41,Business,Solapur,Dewas,40.5,Client Pickup
2024-03-07 16:44,2024-03-07 18:32,Business,Lonavala,Indore,67.3,Weekend Trip
2024-06-12 17:31,2024-06-12 19:20,Business,Jaipur,Dhanbad,67.6,Office Commute
2024-11-30 08:56,2024-11-30 10:39,Personal,Thane,Thrissur,58.8,Office Commute
2024-01-22 20:35,2024-01-22 22:23,Business,Guwahati,Mysore,64.1,Office Commute
2024-04-24 21:33,2024-04-24 23:10,Personal,Kota,Patna,54.3,Conference Visit
2024-09-26 20:25,2024-09-26 21:56,Business,Ludhiana,Srinagar,49.0,Delivery Task
2024-12-22 03:42,2024-12-22 05:30,Business,Vasai,Thiruvananthapuram,67.2,Team Outing
2024-03-25 14:17,2024-03-25 16:26,Personal,Chandigarh,Kota,80.0,Meal/Entertain
2024-05-12 19:54,2024-05-12 21:59,Business,Chandigarh,Vijayawada,78.4,Airport Pickup
2024-09-29 01:43,2024-09-29 03:42,Personal,Kochi,Thane,73.3,Weekend Trip
2024-10-14 00:28,2024-10-14 01:45,Personal,Hubli,Meerut,42.7,Airport Drop
2024-12-17 07:31,2024-12-17 09:32,Business,Thrissur,Lonavala,75.9,Airport Drop
2024-06-06 14:28,2024-06-06 16:16,Business,Thiruvananthapuram,Raipur,68.3,Conference Visit
2024-08-20 07:56,2024-08-20 09:22,Business,Bhopal,Pune,49.3,Site Inspection
2024-10-27 00:47,2024-10-27 02:12,Business,Indore,Ghaziabad,48.3,Office Commute
2024-10-28 08:39,2024-10-28 10:08,Business,Hubli,Dhanbad,55.6,Errand/Supplies
2024-09-13 21:25,2024-09-13 23:04,Business,Nagpur,Faridabad,56.0,Meal/Entertain
2024-12-08 12:10,2024-12-08 13:47,Personal,Srinagar,Nashik,52.2,Meal/Entertain
2024-08-06 09:58,2024-08-06 11:51,Business,Bhubaneswar,Navi Mumbai,69.2,Client Pickup
2024-12-12 10:22,2024-12-12 12:11,Business,Pune,Bengaluru,65.4,Meal/Entertain
2024-06-11 13:02,2024-06-11 15:14,Business,Hyderabad,Noida,77.0,Client Meeting
2024-08-29 10:39,2024-08-29 12:11,Business,Lucknow,Aurangabad,48.2,Customer Visit
2024-09-25 21:44,2024-09-25 22:54,Personal,Delhi,Visakhapatnam,41.2,Client Meeting
2024-01-05 08:26,2024-01-05 10:18,Business,Bhopal,Kota,68.3,Meeting
2024-10-12 10:27,2024-10-12 12:18,Business,Howrah,Bhubaneswar,65.9,Client Pickup
2024-11-22 00:34,2024-11-22 02:38,Business,Bengaluru,Pune,75.2,Office Commute
2024-04-01 03:27,2024-04-01 04:56,Business,Thane,Patna,47.4,Customer Visit
2024-07-30 09:02,2024-07-30 10:15,Business,Hubli,Howrah,43.8,Client Meeting
2024-04-25 03:52,2024-04-25 05:21,Business,Noida,Surat,50.7,Client Meeting
2024-09-26 04:24,2024-09-26 05:38,Business,Chandigarh,Patiala,41.2,Client Meeting
2024-09-27 23:05,2024-09-28 00:41,Business,Faridabad,Thane,54.7,Meeting
2024-02-05 06:53,2024-02-05 08:54,Business,Kochi,Kalyan,75.8,Office Commute
2024-05-10 15:07,2024-05-10 17:04,Personal,Patiala,Ranchi,66.3,Customer Visit
2024-02-10 00:29,2024-02-10 02:17,Business,Guwahati,Agra,63.0,Office Commute
2024-10-01 10:44,2024-10-01 12:23,Business,Lonavala,Indore,61.6,Customer Visit
2024-11-18 15:47,2024-11-18 17:15,Business,Vasai,Delhi,52.8,Conference Visit
2024-09-03 00:04,2024-09-03 01:15,Personal,Howrah,Thrissur,43.7,Airport Pickup
2024-01-30 13:14,2024-01-30 14:44,Business,Lucknow,Vijayawada,55.4,Delivery Task
2024-08-27 10:13,2024-08-27 11:48,Business,Ahmedabad,Noida,55.3,Site Inspection
2024-01-14 16:23,2024-01-14 18:32,Business,Coimbatore,Ranchi,79.6,Airport Pickup
2024-08-14 10:45,2024-08-14 12:25,Business,Faridabad,Kota,55.3,Field Work
2024-03-31 18:29,2024-03-31 20:15,Personal,Nagpur,Coimbatore,62.8,Weekend Trip
2024-11-20 04:34,2024-11-20 05:56,Personal,Madurai,Jaipur,50.0,Office Commute
2024-08-24 10:42,2024-08-24 12:32,Business,Navi Mumbai,Thiruvananthapuram,70.2,Customer Visit
2024-04-28 15:52,2024-04-28 17:47,Business,Thrissur,Nashik,71.3,Airport Drop
2024-01-01 20:30,2024-01-01 21:56,Business,Guwahati,Noida,46.0,Airport Drop
2024-04-14 22:03,2024-04-15 00:05,Personal,Kanpur,Patna,69.8,Weekend Trip
2024-07-28 05:57,2024-07-28 06:36,Business,Delhi,Delhi,18.5,Customer Visit
2024-12-30 16:46,2024-12-30 18:25,Business,Faridabad,Ghaziabad,54.8,Customer Visit
2024-07-16 04:23,2024-07-16 06:24,Business,Kanpur,Vasai,69.3,Airport Drop
2024-04-20 09:40,2024-04-20 11:09,Business,Srinagar,Thane,51.5,Team Outing
2024-02-21 20:47,2024-02-21 22:58,Personal,Rajkot,Meerut,77.8,Meal/Entertain
2024-11-14 22:04,2024-11-14 23:21,Business,Hyderabad,Ahmedabad,48.2,Office Commute
2024-11-27 02:28,2024-11-27 04:42,Business,Mumbai,Vadodara,79.0,Meeting
2024-11-23 14:15,2024-11-23 16:15,Business,Nagpur,Guwahati,76.8,Customer Visit
2024-12-05 06:46,2024-12-05 08:58,Business,Faridabad,Mumbai,76.2,Delivery Task
2024-11-22 00:46,2024-11-22 02:42,Business,Gwalior,Hubli,64.0,Errand/Supplies
2024-01-02 18:13,2024-01-02 19:50,Business,Jodhpur,Hyderabad,60.9,Client Meeting
2024-02-22 23:06,2024-02-23 00:45,Business,Solapur,Mysore,53.6,Field Work
2024-10-10 09:32,2024-10-10 11:06,Business,Dewas,Visakhapatnam,51.4,Customer Visit
2024-06-23 18:03,2024-06-23 19:41,Business,Patiala,Jaipur,57.3,Meeting
2024-09-28 23:05,2024-09-29 00:16,Business,Kolkata,Ahmedabad,44.3,Meal/Entertain
2024-01-20 23:55,2024-01-21 00:22,Business,Vadodara,Vadodara,13.7,Meal/Entertain
2024-02-01 09:03,2024-02-01 11:02,Business,Tiruchirappalli,Ghaziabad,76.3,Client Pickup
2024-10-04 23:57,2024-10-05 01:31,Business,Solapur,Dewas,50.4,Meeting
2024-06-11 15:47,2024-06-11 17:54,Business,Bengaluru,Hyderabad,73.2,Meeting
2024-01-08 18:26,2024-01-08 20:04,Business,Rajkot,Hubli,60.2,Customer Visit
2024-12-10 09:44,2024-12-10 11:09,Business,Jaipur,Lonavala,50.4,Office Commute
2024-05-22 21:25,2024-05-22 23:41,Business,Dewas,Gwalior,78.8,Office Commute
2024-12-25 18:13,2024-12-25 20:18,Business,Mumbai,Ludhiana,75.3,Errand/Supplies
2024-10-30 12:28,2024-10-30 14:24,Business,Hubli,Solapur,65.8,Airport Drop
2024-03-30 01:28,2024-03-30 03:35,Business,Kalyan,Tiruchirappalli,71.6,Office Commute
2024-03-10 02:35,2024-03-10 04:08,Business,Hyderabad,Howrah,50.6,Office Commute
2024-03-06 04:10,2024-03-06 05:57,Business,Aurangabad,Kota,61.5,Airport Drop
2024-11-23 23:09,2024-11-24 01:15,Business,Thane,Kochi,78.4,Delivery Task
2024-04-03 11:38,2024-04-03 13:33,Business,Hyderabad,Amritsar,67.3,Site Inspection
2024-03-07 23:09,2024-03-08 00:51,Personal,Vadodara,Raipur,57.1,Office Commute
2024-01-28 16:58,2024-01-28 19:15,Business,Vadodara,Thrissur,79.7,Conference Visit
2024-10-17 17:58,2024-10-17 19:30,Business,Solapur,Noida,49.8,Meeting
2024-03-17 01:34,2024-03-17 03:29,Personal,Vadodara,Meerut,66.8,Meeting
2024-02-02 20:20,2024-02-02 22:08,Business,Lucknow,Indore,68.8,Conference Visit
2024-08-01 07:34,2024-08-01 08:59,Personal,Srinagar,Bangalore,45.7,Meeting
2024-09-08 20:39,2024-09-08 22:38,Business,Nagpur,Hyderabad,72.3,Office Commute
2024-11-29 20:33,2024-11-29 22:44,Business,Agra,Solapur,76.8,Meeting
2024-06-27 12:24,2024-06-27 14:22,Business,Chandigarh,Vijayawada,68.3,Office Commute
2024-03-24 23:27,2024-03-25 00:47,Business,Ludhiana,Jaipur,42.0,Client Pickup
2024-10-17 05:52,2024-10-17 08:06,Business,Hubli,Kalyan,77.8,Conference Visit
2024-09-01 05:28,2024-09-01 06:57,Personal,Dewas,Ghaziabad,51.3,Office Commute
2024-10-13 21:38,2024-10-13 23:12,Personal,Jodhpur,Lucknow,55.1,Team Outing
2024-02-28 11:07,2024-02-28 12:58,Business,Dhanbad,Bengaluru,67.0,Meal/Entertain
2024-07-04 03:53,2024-07-04 05:24,Business,Dhanbad,Jabalpur,56.9,Temporary Site
2024-06-22 09:41,2024-06-22 11:02,Business,Kochi,Varanasi,45.0,Client Pickup
2024-06-15 05:19,2024-06-15 06:56,Business,Guwahati,Vadodara,58.5,Office Commute
2024-06-01 09:33,2024-06-01 11:15,Business,Patna,Kalyan,55.5,Team Outing
2024-12-16 04:43,2024-12-16 06:33,Business,Madurai,Hubli,60.4,Field Work
2024-10-27 08:27,2024-10-27 10:12,Business,Thiruvananthapuram,Lonavala,59.8,Field Work
2024-12-31 10:16,2024-12-31 12:09,Business,Nashik,Guwahati,66.0,Errand/Supplies
2024-05-17 12:50,2024-05-17 14:09,Business,Thrissur,Lucknow,45.5,Delivery Task
2024-11-16 17:16,2024-11-16 18:36,Personal,Kochi,Ranchi,50.1,Office Commute
2024-06-12 01:40,2024-06-12 03:23,Personal,Solapur,Surat,55.6,Client Pickup
2024-12-02 13:04,2024-12-02 14:33,Business,Gwalior,Ahmedabad,46.0,Client Meeting
2024-06-21 21:07,2024-06-21 22:41,Business,Kalyan,Kolkata,52.3,Customer Visit
2024-07-01 23:45,2024-07-02 01:15,Personal,Delhi,Howrah,52.7,Weekend Trip
2024-01-23 14:21,2024-01-23 16:04,Personal,Noida,Srinagar,64.9,Weekend Trip
2024-05-24 16:53,2024-05-24 18:57,Business,Noida,Raipur,71.9,Client Meeting
2024-04-22 19:42,2024-04-22 21:09,Business,Indore,Rajkot,49.7,Airport Pickup
2024-05-09 12:44,2024-05-09 14:59,Business,Hyderabad,Faridabad,78.3,Airport Drop
2024-03-18 18:47,2024-03-18 20:06,Business,Jabalpur,Faridabad,47.2,Customer Visit
2024-12-21 12:20,2024-12-21 14:02,Business,Kalyan,Kanpur,65.3,Weekend Trip
2024-08-09 14:33,2024-08-09 15:41,Personal,Vadodara,Allahabad,41.2,Meal/Entertain
2024-08-15 03:47,2024-08-15 05:51,Business,Aurangabad,Amritsar,72.6,Site Inspection
2024-10-24 05:53,2024-10-24 07:46,Business,Thiruvananthapuram,Kalyan,64.0,Errand/Supplies
2024-02-09 12:51,2024-02-09 14:11,Personal,Thrissur,Hubli,43.5,Delivery Task
2024-12-26 20:17,2024-12-26 21:56,Business,Lucknow,Dewas,57.9,Client Pickup
2024-07-01 16:17,2024-07-01 18:19,Business,Jodhpur,Kanpur,69.2,Office Commute
2024-09-08 14:57,2024-09-08 16:53,Business,Kanpur,Visakhapatnam,65.7,Errand/Supplies
2024-06-28 06:02,2024-06-28 07:36,Business,Lucknow,Lonavala,51.2,Weekend Trip
2024-05-28 21:32,2024-05-28 23:27,Business,Jodhpur,Patiala,71.3,Errand/Supplies
2024-08-21 04:07,2024-08-21 05:47,Business,Raipur,Nashik,56.2,Team Outing
2024-10-05 23:18,2024-10-06 00:32,Business,Ahmedabad,Ludhiana,42.7,Team Outing
2024-03-11 02:12,2024-03-11 03:22,Business,Pune,Dhanbad,40.1,Conference Visit
2024-05-02 13:05,2024-05-02 15:09,Business,Lonavala,Kanpur,74.2,Customer Visit
2024-06-13 00:24,2024-06-13 02:11,Business,Thrissur,Kota,64.9,Office Commute
2024-01-27 02:39,2024-01-27 03:53,Personal,Vijayawada,Chandigarh,42.2,Team Outing
2024-04-29 17:48,2024-04-29 19:30,Business,Varanasi,Bangalore,55.0,Meal/Entertain
2024-08-17 10:28,2024-08-17 11:47,Business,Howrah,Kochi,48.5,Customer Visit
2024-03-06 02:42,2024-03-06 04:25,Business,Ghaziabad,Kolkata,60.0,Weekend Trip
2024-01-02 00:49,2024-01-02 02:49,Personal,Kolkata,Howrah,73.1,Site Inspection
2024-12-27 04:26,2024-12-27 05:42,Personal,Hubli,Nagpur,44.1,Airport Drop
2024-09-07 13:08,2024-09-07 14:50,Business,Vijayawada,Rajkot,60.2,Airport Drop
2024-10-17 09:14,2024-10-17 11:04,Business,Thrissur,Indore,61.5,Conference Visit
2024-07-05 01:13,2024-07-05 03:18,Business,Kalyan,Howrah,74.6,Customer Visit
2024-05-22 07:44,2024-05-22 09:03,Business,Bengaluru,Dewas,48.1,Field Work
2024-07-18 15:54,2024-07-18 17:18,Business,Lucknow,Patna,45.7,Conference Visit
2024-10-26 23:43,2024-10-27 01:56,Business,Delhi,Guwahati,78.8,Errand/Supplies
2024-08-29 13:28,2024-08-29 14:56,Business,Madurai,Thiruvananthapuram,48.4,Weekend Trip
2024-08-21 22:00,2024-08-21 23:44,Business,Navi Mumbai,Chennai,59.6,Field Work
2024-11-10 02:59,2024-11-10 04:50,Business,Hyderabad,Varanasi,64.8,Meeting
2024-12-22 00:01,2024-12-22 02:09,Personal,Raipur,Varanasi,78.9,Client Meeting
2024-11-22 00:44,2024-11-22 02:40,Personal,Meerut,Jaipur,72.3,Delivery Task
2024-03-24 13:10,2024-03-24 14:58,Personal,Jaipur,Kolkata,64.8,Client Meeting
2024-10-23 00:15,2024-10-23 01:40,Personal,Tiruchirappalli,Bengaluru,52.4,Client Pickup
2024-01-22 13:10,2024-01-22 14:23,Business,Meerut,Vasai,41.6,Field Work
2024-03-14 10:20,2024-03-14 12:24,Business,Madurai,Aurangabad,74.6,Airport Drop
2024-05-01 01:47,2024-05-01 03:46,Business,Bhubaneswar,Raipur,72.7,Client Pickup
2024-06-28 22:21,2024-06-28 23:55,Business,Bengaluru,Pune,54.8,Meeting
2024-07-19 00:14,2024-07-19 01:39,Personal,Solapur,Tiruchirappalli,46.9,Office Commute
2024-02-03 20:21,2024-02-03 21:52,Business,Chandigarh,Kota,51.8,Meal/Entertain
2024-05-09 01:38,2024-05-09 03:09,Business,Rajkot,Jodhpur,50.0,Errand/Supplies
2024-05-04 13:23,2024-05-04 15:32,Business,Jabalpur,Delhi,78.1,Meeting
2024-02-04 03:45,2024-02-04 05:19,Personal,Allahabad,Delhi,57.6,Errand/Supplies
2024-06-07 04:00,2024-06-07 06:09,Business,Vasai,Amritsar,75.5,Meal/Entertain
2024-05-04 04:26,2024-05-04 06:31,Business,Nashik,Meerut,70.7,Conference Visit
2024-10-18 00:05,2024-10-18 01:44,Personal,Kalyan,Ranchi,57.3,Site Inspection
2024-10-15 03:46,2024-10-15 05:42,Business,Hubli,Varanasi,71.3,Customer Visit
2024-08-26 09:43,2024-08-26 11:20,Business,Nagpur,Mysore,56.3,Field Work
2024-10-11 22:58,2024-10-12 00:43,Business,Hyderabad,Chandigarh,64.7,Delivery Task
2024-10-17 13:51,2024-10-17 16:03,Business,Ahmedabad,Kalyan,76.7,Customer Visit
2024-01-23 20:44,2024-01-23 21:58,Business,Noida,Jaipur,43.7,Meeting
2024-02-17 23:05,2024-02-18 01:10,Business,Chennai,Patiala,72.0,Errand/Supplies
2024-02-18 21:54,2024-02-18 23:33,Business,Madurai,Chandigarh,60.1,Meeting
2024-12-26 08:22,2024-12-26 10:09,Personal,Patna,Bangalore,60.0,Meal/Entertain
2024-08-08 18:37,2024-08-08 20:44,Personal,Chennai,Noida,73.4,Client Meeting
2024-07-11 20:21,2024-07-11 22:05,Personal,Chandigarh,Ahmedabad,65.3,Office Commute
2024-09-02 23:16,2024-09-03 01:20,Business,Ranchi,Agra,72.0,Customer Visit
2024-06-26 00:58,2024-06-26 02:37,Business,Lonavala,Bhubaneswar,62.1,Office Commute
2024-09-07 15:27,2024-09-07 16:47,Business,Raipur,Delhi,41.2,Airport Pickup
2024-07-10 14:18,2024-07-10 15:47,Business,Vijayawada,Tiruchirappalli,53.6,Client Pickup
2024-02-17 10:01,2024-02-17 11:37,Business,Ghaziabad,Thane,58.5,Airport Drop
2024-12-15 21:37,2024-12-15 23:03,Business,Nashik,Indore,53.4,Meal/Entertain
2024-11-07 19:01,2024-11-07 20:59,Business,Hyderabad,Patna,75.4,Customer Visit
2024-07-19 09:32,2024-07-19 11:26,Personal,Raipur,Visakhapatnam,65.3,Conference Visit
2024-01-12 03:18,2024-01-12 04:45,Personal,Ahmedabad,Thane,51.5,Meeting
2024-06-11 12:47,2024-06-11 14:18,Business,Surat,Visakhapatnam,50.5,Meal/Entertain
2024-11-08 11:49,2024-11-08 13:21,Business,Tiruchirappalli,Howrah,50.5,Errand/Supplies
2024-08-13 02:00,2024-08-13 03:07,Business,Pune,Nagpur,41.7,Errand/Supplies
2024-10-09 23:45,2024-10-10 01:30,Business,Ghaziabad,Vadodara,60.1,Weekend Trip
2024-01-14 16:48,2024-01-14 18:11,Business,Kanpur,Jodhpur,50.4,Temporary Site
2024-06-16 13:04,2024-06-16 15:03,Business,Vasai,Jaipur,73.6,Office Commute
2024-12-25 21:53,2024-12-25 23:43,Business,Dhanbad,Lucknow,61.2,Site Inspection
2024-12-19 22:08,2024-12-19 23:45,Business,Rajkot,Varanasi,57.0,Team Outing
2024-06-10 19:50,2024-06-10 21:56,Business,Aurangabad,Dewas,78.4,Client Pickup
2024-12-09 14:11,2024-12-09 15:53,Business,Varanasi,Visakhapatnam,63.7,Errand/Supplies
2024-05-28 10:16,2024-05-28 11:32,Business,Bengaluru,Thane,47.7,Office Commute
2024-09-15 10:03,2024-09-15 11:57,Business,Visakhapatnam,Guwahati,63.6,Meal/Entertain
2024-01-06 23:45,2024-01-07 01:30,Business,Vasai,Varanasi,63.1,Conference Visit
2024-10-07 00:29,2024-10-07 01:49,Business,Lucknow,Ahmedabad,44.9,Airport Drop
2024-05-05 07:20,2024-05-05 09:31,Business,Tiruchirappalli,Ludhiana,79.6,Client Pickup
2024-04-29 15:08,2024-04-29 16:49,Personal,Meerut,Chennai,62.8,Team Outing
2024-11-10 03:17,2024-11-10 04:38,Business,Mysore,Raipur,50.4,Meeting
2024-04-02 23:04,2024-04-03 00:27,Business,Jabalpur,Dhanbad,45.1,Client Pickup
2024-03-24 12:26,2024-03-24 13:56,Business,Varanasi,Bangalore,56.4,Site Inspection
2024-09-12 08:25,2024-09-12 09:55,Business,Thiruvananthapuram,Mumbai,48.8,Site Inspection
2024-07-17 06:30,2024-07-17 08:02,Business,Lonavala,Agra,50.2,Conference Visit
2024-11-20 04:05,2024-11-20 06:06,Business,Thiruvananthapuram,Navi Mumbai,70.8,Delivery Task
2024-03-05 18:40,2024-03-05 20:31,Business,Jaipur,Pune,63.7,Office Commute
2024-03-13 01:38,2024-03-13 03:20,Business,Srinagar,Patiala,61.4,Errand/Supplies
2024-01-01 15:00,2024-01-01 16:40,Business,Ludhiana,Vasai,61.5,Site Inspection
2024-01-17 04:59,2024-01-17 06:39,Business,Ludhiana,Dewas,54.9,Customer Visit
2024-10-09 12:43,2024-10-09 14:22,Business,Vasai,Lucknow,57.1,Client Pickup
2024-09-05 05:12,2024-09-05 07:26,Business,Patna,Thrissur,76.3,Delivery Task
2024-05-05 19:24,2024-05-05 21:00,Business,Lucknow,Ahmedabad,56.0,Meal/Entertain
2024-11-18 17:01,2024-11-18 18:55,Business,Kota,Guwahati,63.0,Meeting
2024-03-18 22:20,2024-03-18 23:48,Business,Hyderabad,Chandigarh,54.3,Conference Visit
2024-10-02 09:28,2024-10-02 11:23,Business,Kota,Hubli,67.3,Meal/Entertain
2024-08-29 19:32,2024-08-29 21:22,Personal,Nagpur,Navi Mumbai,60.1,Office Commute
2024-02-03 18:45,2024-02-03 20:49,Personal,Guwahati,Madurai,78.6,Delivery Task
2024-09-22 14:26,2024-09-22 16:07,Business,Raipur,Navi Mumbai,61.1,Meeting
2024-10-17 13:39,2024-10-17 14:54,Business,Kanpur,Kochi,44.8,Meeting
2024-05-09 23:07,2024-05-10 00:44,Business,Surat,Nashik,57.0,Customer Visit
2024-01-28 22:32,2024-01-29 00:35,Business,Guwahati,Nashik,71.5,Customer Visit
2024-08-25 10:26,2024-08-25 12:36,Personal,Srinagar,Noida,75.5,Meal/Entertain
2024-10-07 15:21,2024-10-07 16:40,Business,Kochi,Ludhiana,49.5,Customer Visit
2024-03-12 08:04,2024-03-12 09:40,Business,Vijayawada,Thane,60.2,Customer Visit
2024-01-15 14:49,2024-01-15 16:07,Business,Thrissur,Bhopal,47.7,Meeting
2024-09-05 06:43,2024-09-05 08:20,Business,Solapur,Ranchi,59.0,Client Meeting
2024-04-19 00:54,2024-04-19 02:12,Business,Coimbatore,Visakhapatnam,45.1,Field Work
2024-05-28 04:29,2024-05-28 05:57,Personal,Howrah,Srinagar,46.7,Meeting
2024-04-08 15:49,2024-04-08 17:38,Business,Meerut,Amritsar,60.8,Customer Visit
2024-01-14 01:02,2024-01-14 02:45,Business,Noida,Pune,60.2,Client Pickup
2024-08-02 23:26,2024-08-03 01:25,Business,Agra,Surat,76.4,Conference Visit
2024-06-19 08:21,2024-06-19 10:25,Business,Aurangabad,Thrissur,74.8,Client Meeting
2024-10-17 01:20,2024-10-17 03:04,Business,Jabalpur,Surat,56.0,Client Pickup
2024-06-10 21:07,2024-06-10 22:27,Personal,Bengaluru,Visakhapatnam,50.4,Delivery Task
2024-01-16 21:14,2024-01-16 23:25,Business,Indore,Faridabad,75.7,Office Commute
2024-06-05 11:18,2024-06-05 13:11,Business,Lonavala,Tiruchirappalli,69.9,Meeting
2024-11-27 02:29,2024-11-27 04:38,Personal,Lonavala,Bhubaneswar,77.0,Meal/Entertain
2024-02-29 11:31,2024-02-29 13:23,Business,Nashik,Mumbai,64.0,Office Commute
2024-02-29 15:19,2024-02-29 17:30,Business,Kalyan,Kochi,77.0,Field Work
2024-12-08 05:45,2024-12-08 07:06,Personal,Ranchi,Allahabad,43.4,Airport Drop
2024-11-21 14:44,2024-11-21 16:42,Business,Hubli,Rajkot,71.4,Meal/Entertain
2024-06-25 07:28,2024-06-25 09:23,Business,Meerut,Faridabad,66.9,Errand/Supplies
2024-03-02 15:19,2024-03-02 16:41,Business,Vadodara,Hubli,43.6,Field Work
2024-05-23 23:55,2024-05-24 02:08,Business,Coimbatore,Kalyan,77.7,Weekend Trip
2024-06-02 13:37,2024-06-02 14:59,Business,Kota,Noida,51.5,Office Commute
2024-11-18 19:14,2024-11-18 21:23,Personal,Kochi,Meerut,73.3,Office Commute
2024-08-06 11:35,2024-08-06 13:29,Personal,Thrissur,Hyderabad,71.3,Customer Visit
2024-05-23 19:40,2024-05-23 21:15,Business,Nagpur,Lucknow,59.3,Team Outing
2024-02-07 06:34,2024-02-07 08:04,Business,Chandigarh,Mumbai,51.1,Weekend Trip
2024-02-08 22:57,2024-02-09 00:27,Personal,Nagpur,Srinagar,48.2,Meeting
2024-10-21 21:31,2024-10-21 22:53,Business,Vijayawada,Guwahati,47.1,Customer Visit
2024-07-03 19:25,2024-07-03 21:17,Business,Ludhiana,Srinagar,66.5,Client Meeting
2024-05-03 23:31,2024-05-03 23:55,Business,Kochi,Kochi,12.6,Client Pickup
2024-08-25 23:18,2024-08-26 00:49,Business,Kota,Ahmedabad,52.1,Meal/Entertain
2024-04-28 19:21,2024-04-28 21:11,Personal,Noida,Surat,65.5,Client Pickup
2024-02-09 13:17,2024-02-09 15:11,Personal,Srinagar,Kanpur,66.3,Customer Visit
2024-02-24 16:56,2024-02-24 18:11,Business,Vadodara,Kalyan,47.0,Office Commute
2024-12-14 14:11,2024-12-14 15:53,Business,Thrissur,Mysore,64.5,Field Work
2024-04-25 21:49,2024-04-25 23:38,Business,Lonavala,Jodhpur,67.8,Conference Visit
2024-06-29 03:02,2024-06-29 04:19,Business,Indore,Dewas,38.9,Customer Visit
2024-05-09 08:01,2024-05-09 09:20,Business,Bhopal,Amritsar,44.4,Site Inspection
2024-08-26 16:07,2024-08-26 16:50,Business,Kolkata,Kolkata,20.3,Errand/Supplies
2024-04-11 21:53,2024-04-12 00:06,Personal,Faridabad,Patiala,75.8,Customer Visit
2024-07-13 08:49,2024-07-13 10:25,Business,Bhubaneswar,Coimbatore,54.6,Airport Drop
2024-09-08 17:16,2024-09-08 18:56,Business,Jodhpur,Ghaziabad,53.7,Field Work
2024-09-08 22:20,2024-09-08 23:55,Business,Howrah,Bengaluru,53.2,Meeting
2024-04-02 08:20,2024-04-02 09:47,Business,Kolkata,Dewas,52.6,Client Pickup
2024-01-07 20:32,2024-01-07 22:09,Business,Madurai,Jabalpur,54.0,Delivery Task
2024-05-20 15:15,2024-05-20 17:12,Business,Lonavala,Ranchi,73.3,Customer Visit
2024-12-14 17:16,2024-12-14 18:38,Personal,Noida,Kalyan,46.2,Meeting
2024-10-15 00:48,2024-10-15 02:16,Personal,Navi Mumbai,Delhi,49.5,Meeting
2024-04-07 17:17,2024-04-07 19:01,Personal,Kochi,Agra,58.6,Customer Visit
2024-10-05 04:33,2024-10-05 06:07,Business,Thane,Mysore,57.8,Meal/Entertain
2024-07-08 23:06,2024-07-09 00:58,Business,Ghaziabad,Rajkot,66.8,Errand/Supplies
2024-08-10 02:32,2024-08-10 04:29,Business,Gwalior,Bhopal,68.5,Customer Visit
2024-04-20 01:29,2024-04-20 03:15,Business,Allahabad,Ludhiana,60.0,Client Pickup
2024-01-10 20:43,2024-01-10 22:01,Business,Raipur,Srinagar,44.9,Site Inspection
2024-06-27 16:36,2024-06-27 17:53,Business,Nagpur,Thiruvananthapuram,40.8,Office Commute
2024-01-14 16:42,2024-01-14 18:25,Business,Nashik,Patna,57.5,Office Commute
2024-01-13 23:42,2024-01-14 01:18,Personal,Kolkata,Mumbai,50.8,Errand/Supplies
2024-07-24 10:39,2024-07-24 12:04,Business,Madurai,Kanpur,47.1,Site Inspection
2024-03-01 14:55,2024-03-01 16:57,Business,Hubli,Patna,76.2,Weekend Trip
2024-04-01 18:56,2024-04-01 21:02,Personal,Ranchi,Thane,72.4,Meeting
2024-03-17 20:57,2024-03-17 22:36,Business,Kochi,Jodhpur,54.1,Office Commute
2024-05-18 06:35,2024-05-18 08:33,Business,Lonavala,Faridabad,67.0,Errand/Supplies
2024-10-29 13:38,2024-10-29 14:57,Business,Allahabad,Lonavala,48.6,Client Pickup
2024-10-19 13:05,2024-10-19 15:05,Business,Dewas,Dhanbad,72.8,Meeting
2024-08-22 09:58,2024-08-22 11:28,Business,Nashik,Agra,47.6,Errand/Supplies
2024-04-30 07:08,2024-04-30 08:49,Personal,Vijayawada,Tiruchirappalli,59.7,Office Commute
2024-05-01 19:24,2024-05-01 21:39,Business,Kanpur,Jodhpur,76.9,Team Outing
2024-10-25 12:06,2024-10-25 13:37,Personal,Raipur,Srinagar,56.6,Customer Visit
2024-09-30 05:58,2024-09-30 07:04,Business,Pune,Guwahati,40.9,Conference Visit
2024-03-29 16:09,2024-03-29 18:05,Business,Patiala,Amritsar,66.9,Meal/Entertain
2024-11-12 00:47,2024-11-12 02:17,Personal,Srinagar,Navi Mumbai,54.6,Meal/Entertain
2024-09-16 23:09,2024-09-17 00:37,Business,Jaipur,Thiruvananthapuram,47.3,Meeting
2024-04-12 16:32,2024-04-12 18:27,Business,Faridabad,Vasai,72.4,Site Inspection
2024-05-31 14:14,2024-05-31 16:17,Business,Chandigarh,Varanasi,70.5,Customer Visit
2024-03-17 04:00,2024-03-17 05:17,Business,Mysore,Bengaluru,45.1,Delivery Task
2024-12-02 14:34,2024-12-02 15:54,Business,Aurangabad,Ghaziabad,46.7,Field Work
2024-07-08 23:58,2024-07-09 01:13,Business,Thane,Jaipur,44.3,Airport Pickup
2024-06-02 03:16,2024-06-02 05:22,Business,Thrissur,Hyderabad,74.6,Conference Visit
2024-12-21 05:44,2024-12-21 07:16,Business,Kochi,Ghaziabad,50.9,Meeting
2024-05-03 02:53,2024-05-03 04:47,Personal,Pune,Dewas,67.5,Team Outing
2024-11-05 15:18,2024-11-05 17:04,Business,Gwalior,Visakhapatnam,60.8,Delivery Task
2024-07-17 12:49,2024-07-17 14:21,Business,Bangalore,Dewas,58.0,Team Outing
2024-11-16 14:29,2024-11-16 15:49,Business,Patna,Hyderabad,48.2,Airport Drop
2024-10-07 12:06,2024-10-07 14:14,Business,Pune,Mysore,73.5,Customer Visit
2024-12-14 16:11,2024-12-14 17:56,Personal,Lucknow,Howrah,61.5,Meal/Entertain
2024-09-17 11:56,2024-09-17 13:20,Business,Vadodara,Lonavala,50.4,Client Pickup
2024-07-21 19:30,2024-07-21 20:57,Business,Chennai,Ahmedabad,50.4,Meal/Entertain
2024-12-15 07:01,2024-12-15 09:07,Business,Delhi,Faridabad,79.0,Field Work
2024-12-19 23:02,2024-12-20 00:51,Business,Bhopal,Coimbatore,61.7,Site Inspection
2024-07-01 00:43,2024-07-01 02:58,Business,Agra,Delhi,76.8,Office Commute
2024-09-13 20:41,2024-09-13 23:00,Personal,Allahabad,Rajkot,79.7,Conference Visit
2024-06-29 14:24,2024-06-29 15:55,Business,Kanpur,Bengaluru,49.5,Client Pickup
2024-06-12 12:38,2024-06-12 13:58,Business,Chandigarh,Ranchi,40.1,Client Pickup
2024-02-06 10:21,2024-02-06 12:05,Personal,Pune,Thrissur,56.6,Customer Visit
2024-07-19 10:49,2024-07-19 12:37,Business,Chandigarh,Allahabad,60.9,Errand/Supplies
2024-05-31 10:25,2024-05-31 11:43,Business,Meerut,Amritsar,44.1,Meeting
2024-05-30 08:14,2024-05-30 10:08,Personal,Allahabad,Dhanbad,66.9,Site Inspection
2024-06-15 18:17,2024-06-15 19:51,Business,Noida,Hyderabad,50.3,Site Inspection
2024-01-15 08:54,2024-01-15 10:13,Personal,Howrah,Bengaluru,43.3,Office Commute
2024-09-21 18:11,2024-09-21 19:29,Personal,Raipur,Vasai,49.2,Customer Visit
2024-08-09 00:39,2024-08-09 02:32,Personal,Jaipur,Surat,71.8,Delivery Task
2024-01-07 00:09,2024-01-07 01:50,Business,Mumbai,Rajkot,59.5,Client Pickup
2024-02-14 11:08,2024-02-14 13:06,Business,Howrah,Bhubaneswar,66.5,Meal/Entertain
2024-12-01 07:15,2024-12-01 08:35,Business,Patna,Amritsar,42.8,Customer Visit
2024-07-30 14:10,2024-07-30 15:42,Business,Meerut,Mumbai,55.9,Field Work
2024-04-17 16:21,2024-04-17 17:31,Business,Mysore,Jodhpur,40.4,Team Outing
2024-04-06 16:33,2024-04-06 17:54,Business,Bhopal,Hyderabad,42.7,Customer Visit
2024-03-07 17:57,2024-03-07 19:34,Business,Rajkot,Bhubaneswar,53.6,Site Inspection
2024-08-09 21:42,2024-08-09 22:53,Personal,Surat,Agra,44.5,Errand/Supplies
2024-04-17 07:42,2024-04-17 09:09,Personal,Meerut,Raipur,54.7,Weekend Trip
2024-03-18 06:41,2024-03-18 08:33,Business,Chandigarh,Vadodara,64.1,Field Work
2024-03-15 14:43,2024-03-15 16:39,Business,Madurai,Dhanbad,73.1,Field Work
2024-11-08 00:34,2024-11-08 02:03,Business,Agra,Kalyan,49.6,Meeting
2024-04-08 12:51,2024-04-08 14:28,Personal,Tiruchirappalli,Bangalore,53.5,Office Commute
2024-02-17 10:13,2024-02-17 12:00,Business,Mumbai,Dewas,68.2,Client Pickup
2024-12-18 09:04,2024-12-18 10:29,Business,Varanasi,Chennai,52.2,Office Commute
2024-08-09 21:25,2024-08-09 22:51,Personal,Chandigarh,Vijayawada,47.6,Meeting
2024-07-06 06:20,2024-07-06 07:59,Business,Jabalpur,Lucknow,63.3,Meeting
2024-08-22 03:25,2024-08-22 05:29,Business,Visakhapatnam,Dhanbad,70.3,Delivery Task
2024-07-07 17:13,2024-07-07 18:22,Business,Bengaluru,Lonavala,43.3,Field Work
2024-12-18 11:01,2024-12-18 12:37,Business,Delhi,Allahabad,60.0,Errand/Supplies
2024-12-19 10:31,2024-12-19 11:55,Personal,Vasai,Mumbai,45.2,Conference Visit
2024-07-29 01:16,2024-07-29 02:51,Business,Agra,Hyderabad,55.7,Delivery Task
2024-03-22 02:28,2024-03-22 04:15,Personal,Solapur,Navi Mumbai,63.6,Delivery Task
2024-08-04 10:54,2024-08-04 12:19,Business,Kochi,Jaipur,44.6,Delivery Task
2024-09-16 03:02,2024-09-16 04:47,Business,Solapur,Thrissur,58.6,Temporary Site
2024-09-11 18:52,2024-09-11 21:07,Business,Tiruchirappalli,Amritsar,77.7,Meal/Entertain
2024-02-01 01:55,2024-02-01 03:28,Business,Patna,Navi Mumbai,49.3,Meal/Entertain
2024-10-17 15:45,2024-10-17 17:51,Business,Solapur,Faridabad,71.6,Client Meeting
2024-12-03 04:57,2024-12-03 07:10,Personal,Hyderabad,Vijayawada,79.2,Customer Visit
2024-08-15 19:57,2024-08-15 22:02,Business,Bhopal,Srinagar,74.4,Field Work
2024-03-25 08:36,2024-03-25 10:27,Business,Pune,Vadodara,69.0,Delivery Task
2024-11-28 14:39,2024-11-28 16:17,Business,Madurai,Bangalore,55.5,Meeting
2024-08-18 19:45,2024-08-18 21:04,Personal,Tiruchirappalli,Gwalior,42.1,Client Meeting
2024-07-04 08:56,2024-07-04 10:32,Business,Thiruvananthapuram,Mysore,52.0,Meeting
2024-08-11 17:55,2024-08-11 19:18,Business,Thrissur,Bhopal,42.0,Customer Visit
2024-09-18 14:30,2024-09-18 16:07,Business,Jodhpur,Howrah,54.5,Airport Drop
2024-11-02 21:39,2024-11-02 23:28,Business,Kalyan,Hyderabad,60.5,Weekend Trip
2024-04-24 23:19,2024-04-25 01:08,Business,Chandigarh,Chennai,63.1,Meeting
2024-09-23 03:16,2024-09-23 05:03,Business,Guwahati,Patna,60.3,Airport Drop
2024-11-23 07:56,2024-11-23 09:39,Business,Ludhiana,Tiruchirappalli,56.7,Errand/Supplies
2024-12-24 03:14,2024-12-24 05:07,Business,Jaipur,Rajkot,63.9,Client Meeting
2024-10-30 14:47,2024-10-30 17:02,Personal,Aurangabad,Dewas,77.3,Customer Visit
2024-06-20 03:41,2024-06-20 05:26,Business,Allahabad,Nashik,57.7,Site Inspection
2024-09-11 02:05,2024-09-11 03:18,Business,Kochi,Nagpur,41.6,Temporary Site
2024-05-26 02:53,2024-05-26 03:24,Personal,Mumbai,Mumbai,13.1,Client Pickup
2024-11-09 18:08,2024-11-09 20:19,Business,Lonavala,Kolkata,75.2,Site Inspection
2024-06-19 00:38,2024-06-19 01:53,Personal,Aurangabad,Patiala,42.2,Client Meeting
2024-09-13 14:03,2024-09-13 15:19,Business,Indore,Bhopal,46.9,Customer Visit
2024-03-06 05:10,2024-03-06 07:03,Business,Kalyan,Madurai,66.1,Customer Visit
2024-10-28 11:47,2024-10-28 13:40,Business,Delhi,Chennai,67.4,Client Meeting
2024-12-26 19:35,2024-12-26 21:24,Business,Amritsar,Surat,64.7,Airport Pickup
2024-11-12 06:42,2024-11-12 08:34,Business,Ghaziabad,Guwahati,71.5,Team Outing
2024-04-10 10:14,2024-04-10 11:48,Business,Thrissur,Tiruchirappalli,55.1,Customer Visit
2024-06-18 23:09,2024-06-19 00:37,Business,Patna,Vijayawada,47.6,Meeting
2024-02-23 00:38,2024-02-23 02:11,Business,Hubli,Srinagar,52.2,Airport Drop
2024-11-01 01:06,2024-11-01 02:25,Business,Faridabad,Kota,41.9,Site Inspection
2024-08-03 19:22,2024-08-03 21:30,Business,Vadodara,Ghaziabad,75.4,Errand/Supplies
2024-04-05 07:22,2024-04-05 09:26,Business,Gwalior,Madurai,77.9,Office Commute
2024-07-21 01:22,2024-07-21 03:12,Business,Bhopal,Mysore,70.6,Team Outing
2024-12-17 06:41,2024-12-17 08:47,Personal,Ghaziabad,Chennai,78.5,Airport Drop
2024-04-27 13:12,2024-04-27 15:06,Business,Ludhiana,Thane,70.4,Office Commute
2024-11-29 20:25,2024-11-29 22:11,Business,Jabalpur,Hyderabad,59.2,Meal/Entertain
2024-06-03 03:15,2024-06-03 04:46,Business,Meerut,Ludhiana,57.9,Site Inspection
2024-03-06 13:10,2024-03-06 19:24,Business,Patna,Coimbatore,244.4,Delivery Task
2024-12-16 06:55,2024-12-16 08:30,Personal,Faridabad,Varanasi,59.2,Temporary Site
2024-06-10 01:20,2024-06-10 03:04,Business,Nashik,Raipur,62.4,Team Outing
2024-11-11 00:05,2024-11-11 01:32,Business,Mysore,Srinagar,45.3,Customer Visit
2024-12-09 21:54,2024-12-09 23:23,Business,Mumbai,Ludhiana,46.4,Site Inspection
2024-11-07 05:57,2024-11-07 07:11,Business,Delhi,Thiruvananthapuram,43.1,Meal/Entertain
2024-03-08 10:49,2024-03-08 12:44,Business,Thane,Howrah,71.9,Weekend Trip
2024-04-26 16:05,2024-04-26 17:36,Business,Kota,Vijayawada,55.7,Airport Pickup
2024-07-29 10:53,2024-07-29 12:43,Business,Kanpur,Agra,70.4,Field Work
2024-05-01 06:05,2024-05-01 07:51,Business,Kota,Agra,61.1,Conference Visit
2024-09-21 12:21,2024-09-21 13:32,Business,Patna,Bangalore,40.8,Site Inspection
2024-10-07 20:19,2024-10-07 21:39,Business,Rajkot,Raipur,40.1,Customer Visit
2024-06-03 16:52,2024-06-03 18:21,Personal,Jabalpur,Howrah,50.9,Team Outing
2024-09-27 08:49,2024-09-27 10:35,Business,Ludhiana,Lonavala,66.3,Client Pickup
2024-02-21 02:40,2024-02-21 04:23,Business,Amritsar,Vadodara,56.2,Office Commute
2024-05-18 01:36,2024-05-18 03:32,Personal,Hubli,Noida,71.2,Customer Visit
2024-04-17 02:24,2024-04-17 04:00,Personal,Jodhpur,Patna,57.9,Meal/Entertain
2024-01-22 12:23,2024-01-22 14:26,Business,Thiruvananthapuram,Amritsar,68.9,Site Inspection
2024-07-29 19:45,2024-07-29 21:13,Business,Madurai,Vijayawada,51.7,Customer Visit
2024-07-10 14:55,2024-07-10 16:26,Personal,Delhi,Agra,54.9,Conference Visit
2024-07-26 17:42,2024-07-26 18:59,Business,Vasai,Faridabad,48.6,Airport Drop
2024-05-10 07:46,2024-05-10 09:56,Business,Kanpur,Amritsar,74.6,Errand/Supplies
2024-01-30 07:29,2024-01-30 09:06,Business,Nagpur,Chandigarh,56.1,Meeting
2024-02-08 17:29,2024-02-08 19:18,Personal,Ranchi,Patiala,60.0,Delivery Task
2024-08-07 14:48,2024-08-07 16:49,Personal,Agra,Bengaluru,68.9,Delivery Task
2024-09-16 22:24,2024-09-17 00:31,Personal,Lonavala,Nagpur,79.0,Airport Drop
2024-02-20 18:10,2024-02-20 19:20,Business,Ahmedabad,Nashik,42.9,Airport Pickup
2024-10-06 23:00,2024-10-07 00:49,Business,Bhopal,Tiruchirappalli,62.0,Meeting
2024-08-07 11:07,2024-08-07 12:35,Business,Bhubaneswar,Faridabad,46.0,Weekend Trip
2024-11-26 11:51,2024-11-26 13:36,Business,Thrissur,Agra,63.0,Client Pickup
2024-08-18 10:47,2024-08-18 12:25,Business,Solapur,Kota,60.2,Airport Pickup
2024-05-24 10:51,2024-05-24 12:43,Business,Hyderabad,Madurai,65.3,Site Inspection
2024-11-07 11:51,2024-11-07 14:00,Business,Thane,Bhopal,73.7,Site Inspection
2024-12-17 02:14,2024-12-17 04:31,Business,Bangalore,Gwalior,78.9,Meal/Entertain
2024-11-29 16:25,2024-11-29 17:51,Business,Hyderabad,Thrissur,52.1,Site Inspection
2024-11-10 20:17,2024-11-10 21:54,Business,Surat,Howrah,52.0,Errand/Supplies
2024-02-20 14:21,2024-02-20 15:46,Personal,Thiruvananthapuram,Faridabad,46.3,Customer Visit
2024-09-26 04:09,2024-09-26 05:48,Business,Nagpur,Bangalore,61.8,Field Work
2024-11-03 11:25,2024-11-03 13:42,Business,Coimbatore,Howrah,78.1,Temporary Site
2024-06-17 15:26,2024-06-17 17:40,Business,Rajkot,Kochi,77.0,Conference Visit
2024-03-15 06:45,2024-03-15 08:14,Personal,Kota,Chennai,50.3,Weekend Trip
2024-08-29 19:23,2024-08-29 21:33,Business,Delhi,Navi Mumbai,74.4,Errand/Supplies
2024-05-26 04:13,2024-05-26 06:27,Business,Ludhiana,Lonavala,79.0,Temporary Site
2024-10-03 03:02,2024-10-03 04:40,Business,Kota,Bhopal,56.2,Delivery Task
2024-01-17 16:53,2024-01-17 18:43,Business,Dhanbad,Vasai,67.1,Meeting
2024-03-28 22:08,2024-03-29 00:06,Personal,Nashik,Vijayawada,70.5,Errand/Supplies
2024-02-18 16:26,2024-02-18 18:18,Business,Visakhapatnam,Madurai,65.6,Site Inspection
2024-08-31 07:15,2024-08-31 09:17,Business,Kota,Mysore,78.4,Office Commute
2024-01-26 13:26,2024-01-26 14:44,Business,Rajkot,Amritsar,40.4,Temporary Site
2024-02-19 11:52,2024-02-19 13:34,Business,Pune,Indore,59.1,Weekend Trip
2024-09-26 11:21,2024-09-26 13:11,Business,Varanasi,Chennai,67.8,Office Commute
2024-01-13 20:04,2024-01-13 21:25,Business,Bhubaneswar,Jabalpur,46.2,Field Work
2024-10-22 08:08,2024-10-22 09:18,Business,Kalyan,Surat,42.1,Office Commute
2024-01-23 18:38,2024-01-23 20:23,Business,Raipur,Guwahati,65.2,Client Pickup
2024-10-03 00:37,2024-10-03 01:59,Business,Patna,Hyderabad,49.7,Site Inspection
2024-04-30 16:17,2024-04-30 17:34,Business,Solapur,Kolkata,47.3,Office Commute
2024-08-09 23:29,2024-08-10 00:53,Business,Ghaziabad,Lonavala,53.1,Team Outing
2024-02-18 21:13,2024-02-18 22:56,Business,Varanasi,Agra,60.9,Errand/Supplies
2024-04-15 23:35,2024-04-16 01:53,Business,Dewas,Hyderabad,79.4,Team Outing
2024-09-04 12:43,2024-09-04 14:29,Business,Thane,Howrah,63.0,Office Commute
2024-05-05 10:58,2024-05-05 12:54,Business,Thrissur,Surat,65.9,Conference Visit
2024-07-04 02:51,2024-07-04 04:26,Business,Patna,Kalyan,59.3,Customer Visit
2024-03-06 13:25,2024-03-06 14:36,Business,Indore,Faridabad,40.8,Team Outing
2024-06-29 13:51,2024-06-29 15:47,Business,Kanpur,Srinagar,69.7,Delivery Task
2024-08-11 04:07,2024-08-11 05:46,Personal,Jodhpur,Hubli,62.5,Weekend Trip
2024-11-22 11:59,2024-11-22 13:17,Business,Raipur,Navi Mumbai,42.7,Field Work
2024-11-23 00:19,2024-11-23 02:03,Business,Howrah,Chandigarh,59.6,Customer Visit
2024-12-23 17:03,2024-12-23 18:20,Personal,Hubli,Ghaziabad,42.1,Errand/Supplies
2024-07-10 08:23,2024-07-10 09:56,Business,Coimbatore,Noida,56.0,Customer Visit
2024-06-20 23:53,2024-06-21 01:53,Business,Rajkot,Raipur,69.4,Office Commute
2024-08-29 13:12,2024-08-29 14:57,Business,Thane,Vadodara,62.8,Weekend Trip
2024-01-08 11:11,2024-01-08 12:48,Business,Howrah,Dhanbad,56.0,Meal/Entertain
2024-08-17 02:51,2024-08-17 04:47,Personal,Hubli,Tiruchirappalli,71.1,Errand/Supplies
2024-08-04 16:20,2024-08-04 18:02,Business,Surat,Pune,60.5,Meeting
2024-11-16 18:50,2024-11-16 20:47,Business,Hyderabad,Kolkata,73.1,Meal/Entertain
2024-03-31 06:31,2024-03-31 08:40,Business,Vasai,Dhanbad,77.4,Customer Visit
2024-03-21 20:29,2024-03-21 22:25,Business,Hyderabad,Faridabad,73.5,Client Pickup
2024-03-10 09:43,2024-03-10 10:58,Personal,Coimbatore,Dhanbad,44.1,Conference Visit
2024-09-03 01:01,2024-09-03 02:32,Business,Gwalior,Solapur,50.1,Errand/Supplies
2024-04-03 21:03,2024-04-03 22:24,Personal,Delhi,Raipur,46.3,Meeting
2024-01-19 17:14,2024-01-19 18:27,Personal,Indore,Allahabad,42.9,Meal/Entertain
2024-01-12 00:07,2024-01-12 01:32,Personal,Faridabad,Thiruvananthapuram,43.8,Customer Visit
2024-07-26 12:14,2024-07-26 13:55,Business,Raipur,Bangalore,54.3,Delivery Task
2024-09-03 05:46,2024-09-03 07:50,Business,Amritsar,Thane,78.7,Customer Visit
2024-09-23 20:01,2024-09-23 21:53,Business,Guwahati,Chandigarh,65.9,Delivery Task
2024-08-29 00:52,2024-08-29 02:06,Business,Hyderabad,Jodhpur,43.1,Meeting
2024-05-04 13:31,2024-05-04 14:48,Business,Jabalpur,Thiruvananthapuram,43.5,Meal/Entertain
2024-10-26 07:23,2024-10-26 09:26,Business,Lucknow,Thane,77.7,Errand/Supplies
2024-10-11 13:49,2024-10-11 15:54,Business,Mysore,Bangalore,72.9,Meal/Entertain
2024-10-10 04:52,2024-10-10 06:50,Business,Vasai,Ahmedabad,69.7,Meal/Entertain
2024-08-27 09:55,2024-08-27 12:13,Business,Nashik,Ghaziabad,79.0,Meeting
2024-05-01 23:14,2024-05-02 01:21,Personal,Bhopal,Hyderabad,74.3,Meal/Entertain
2024-11-05 17:37,2024-11-05 19:12,Business,Lonavala,Bhopal,55.7,Meeting
2024-04-17 20:02,2024-04-17 21:27,Business,Coimbatore,Lucknow,45.3,Office Commute
2024-10-16 07:43,2024-10-16 09:26,Business,Faridabad,Ahmedabad,57.2,Field Work
2024-12-04 21:17,2024-12-04 23:13,Personal,Bhubaneswar,Tiruchirappalli,66.9,Conference Visit
2024-01-04 14:17,2024-01-04 15:40,Business,Vasai,Raipur,52.6,Office Commute
2024-04-22 07:10,2024-04-22 08:37,Business,Kolkata,Kanpur,52.5,Field Work
2024-07-13 13:25,2024-07-13 15:20,Business,Amritsar,Hubli,66.4,Client Pickup
2024-12-06 16:41,2024-12-06 18:14,Business,Patiala,Noida,57.8,Meeting
2024-06-13 01:35,2024-06-13 03:21,Personal,Howrah,Delhi,67.7,Customer Visit
2024-08-18 05:51,2024-08-18 07:41,Business,Vijayawada,Visakhapatnam,69.8,Meal/Entertain
2024-10-19 22:40,2024-10-20 00:15,Personal,Bengaluru,Allahabad,51.4,Meeting
2024-08-20 23:26,2024-08-21 01:18,Personal,Rajkot,Bengaluru,69.3,Meal/Entertain
2024-02-08 02:56,2024-02-08 04:37,Personal,Lonavala,Thrissur,60.0,Delivery Task
2024-09-11 22:29,2024-09-12 00:30,Business,Allahabad,Guwahati,75.8,Client Pickup
2024-07-16 09:17,2024-07-16 10:43,Business,Jaipur,Faridabad,44.6,Meal/Entertain
2024-11-13 09:47,2024-11-13 11:08,Personal,Raipur,Madurai,43.5,Temporary Site
2024-05-16 03:03,2024-05-16 04:11,Business,Visakhapatnam,Kalyan,41.8,Meal/Entertain
2024-10-21 16:01,2024-10-21 18:10,Business,Patiala,Mysore,79.7,Team Outing
2024-07-05 02:09,2024-07-05 03:20,Business,Jaipur,Kota,41.4,Field Work
2024-09-04 21:33,2024-09-04 22:41,Personal,Raipur,Lonavala,40.1,Meal/Entertain
2024-02-29 22:31,2024-02-29 23:59,Business,Patna,Patiala,51.6,Team Outing
2024-06-30 00:27,2024-06-30 01:55,Business,Kolkata,Dewas,51.3,Meeting
2024-07-26 04:16,2024-07-26 04:36,Business,Rajkot,Rajkot,5.6,Client Pickup
2024-12-09 10:20,2024-12-09 12:02,Business,Amritsar,Srinagar,57.7,Meal/Entertain
2024-08-23 22:54,2024-08-24 01:03,Business,Bengaluru,Noida,79.1,Weekend Trip
2024-07-05 17:26,2024-07-05 18:54,Business,Kalyan,Kolkata,50.4,Client Pickup
2024-07-19 01:06,2024-07-19 02:46,Business,Mumbai,Allahabad,55.2,Office Commute
2024-10-23 06:23,2024-10-23 08:16,Business,Kochi,Jabalpur,62.4,Customer Visit
2024-06-16 10:12,2024-06-16 11:36,Business,Vasai,Bengaluru,52.2,Delivery Task
2024-06-05 04:30,2024-06-05 06:02,Business,Indore,Patiala,54.6,Airport Pickup
2024-01-19 22:59,2024-01-20 00:23,Business,Howrah,Faridabad,43.6,Weekend Trip
2024-01-13 13:43,2024-01-13 14:53,Personal,Dewas,Mysore,40.7,Errand/Supplies
2024-05-08 15:43,2024-05-08 17:14,Business,Indore,Ludhiana,53.8,Office Commute
2024-11-04 14:13,2024-11-04 15:53,Personal,Faridabad,Srinagar,59.1,Office Commute
2024-09-24 00:05,2024-09-24 01:47,Business,Ahmedabad,Patna,55.1,Office Commute
2024-04-19 23:20,2024-04-20 00:46,Business,Bengaluru,Mysore,44.3,Meal/Entertain
2024-05-25 14:46,2024-05-25 16:03,Business,Patna,Chandigarh,42.3,Conference Visit
2024-01-13 04:12,2024-01-13 05:53,Business,Hyderabad,Hubli,63.6,Delivery Task
2024-03-22 01:58,2024-03-22 03:51,Business,Patiala,Mumbai,62.0,Office Commute
2024-07-04 18:10,2024-07-04 19:50,Business,Jodhpur,Navi Mumbai,60.8,Client Meeting
2024-03-19 12:37,2024-03-19 14:03,Personal,Howrah,Jaipur,48.6,Office Commute
2024-01-11 16:17,2024-01-11 18:02,Business,Faridabad,Ludhiana,66.9,Meal/Entertain
2024-08-26 21:02,2024-08-26 22:34,Business,Mysore,Bangalore,52.5,Client Pickup
2024-09-25 14:34,2024-09-25 15:48,Business,Nashik,Visakhapatnam,40.7,Errand/Supplies
2024-09-07 00:49,2024-09-07 02:41,Business,Bengaluru,Kochi,62.7,Delivery Task
2024-07-17 20:02,2024-07-17 21:45,Business,Hubli,Guwahati,55.5,Airport Drop
2024-11-06 02:04,2024-11-06 03:52,Business,Pune,Delhi,60.9,Office Commute
2024-05-07 02:42,2024-05-07 04:26,Personal,Chennai,Chandigarh,58.1,Office Commute
2024-02-20 08:19,2024-02-20 09:46,Personal,Amritsar,Agra,50.0,Client Pickup
2024-02-09 15:29,2024-02-09 17:30,Business,Vasai,Gwalior,74.1,Client Pickup
2024-10-13 01:24,2024-10-13 03:01,Business,Jabalpur,Bangalore,60.7,Temporary Site
2024-09-01 07:00,2024-09-01 08:41,Business,Thiruvananthapuram,Ghaziabad,60.7,Office Commute
2024-05-10 19:20,2024-05-10 21:21,Business,Srinagar,Vadodara,76.3,Meeting
2024-11-07 02:12,2024-11-07 04:02,Business,Kalyan,Jodhpur,68.4,Customer Visit
2024-07-23 17:54,2024-07-23 19:15,Personal,Tiruchirappalli,Coimbatore,45.1,Customer Visit
2024-08-14 16:30,2024-08-14 18:23,Business,Srinagar,Guwahati,64.6,Airport Drop
2024-07-02 22:36,2024-07-03 00:12,Business,Thane,Delhi,53.1,Errand/Supplies
2024-11-28 05:55,2024-11-28 07:57,Personal,Nashik,Hubli,72.4,Airport Drop
2024-09-26 13:17,2024-09-26 15:24,Personal,Howrah,Chandigarh,79.1,Customer Visit
2024-10-08 05:54,2024-10-08 07:24,Business,Ghaziabad,Madurai,55.7,Site Inspection
2024-04-26 14:05,2024-04-26 15:48,Business,Faridabad,Vadodara,58.5,Office Commute
2024-12-04 10:51,2024-12-04 12:49,Business,Allahabad,Dhanbad,73.5,Site Inspection
2024-11-11 10:00,2024-11-11 11:45,Personal,Vijayawada,Madurai,65.3,Office Commute
2024-04-06 12:31,2024-04-06 14:25,Personal,Vijayawada,Ghaziabad,64.2,Office Commute
2024-12-27 10:33,2024-12-27 11:55,Business,Agra,Jaipur,50.5,Field Work
2024-11-18 15:47,2024-11-18 17:39,Personal,Vadodara,Lucknow,69.8,Client Meeting
2024-10-11 21:59,2024-10-11 23:50,Business,Thiruvananthapuram,Mysore,64.6,Airport Drop
2024-02-25 12:59,2024-02-25 14:53,Business,Tiruchirappalli,Jaipur,67.1,Office Commute
2024-10-28 18:44,2024-10-28 20:28,Business,Rajkot,Lonavala,62.1,Client Meeting
2024-01-31 11:35,2024-01-31 13:01,Personal,Gwalior,Aurangabad,48.8,Office Commute
2024-02-13 01:19,2024-02-13 02:57,Business,Bangalore,Delhi,60.6,Team Outing
2024-02-03 08:52,2024-02-03 10:24,Business,Howrah,Agra,53.7,Site Inspection
2024-08-16 01:31,2024-08-16 03:02,Business,Chennai,Hubli,57.8,Temporary Site
2024-06-09 19:25,2024-06-09 19:52,Personal,Howrah,Howrah,15.0,Meeting
2024-12-16 14:05,2024-12-16 15:24,Business,Mumbai,Ranchi,41.9,Customer Visit
2024-06-27 04:03,2024-06-27 06:03,Personal,Kolkata,Bengaluru,72.7,Team Outing
2024-11-09 12:01,2024-11-09 13:32,Business,Aurangabad,Ahmedabad,50.5,Meeting
2024-02-18 14:25,2024-02-18 15:52,Business,Solapur,Vijayawada,52.6,Customer Visit
2024-04-14 09:20,2024-04-14 10:54,Business,Kolkata,Hubli,58.9,Meeting
2024-11-29 03:45,2024-11-29 05:17,Business,Kolkata,Rajkot,48.9,Delivery Task
2024-12-23 17:20,2024-12-23 18:03,Business,Ghaziabad,Ghaziabad,16.6,Team Outing
2024-02-11 09:02,2024-02-11 10:28,Business,Agra,Nagpur,49.9,Errand/Supplies
2024-02-04 13:10,2024-02-04 14:56,Personal,Jodhpur,Ranchi,64.6,Office Commute
2024-01-02 16:08,2024-01-02 17:43,Business,Thiruvananthapuram,Navi Mumbai,52.0,Meal/Entertain
2024-06-24 02:52,2024-06-24 04:53,Business,Ahmedabad,Dhanbad,70.4,Delivery Task
2024-05-15 00:38,2024-05-15 02:31,Business,Dhanbad,Aurangabad,62.3,Client Meeting
2024-01-15 01:27,2024-01-15 03:15,Business,Visakhapatnam,Jodhpur,67.4,Temporary Site
2024-04-24 16:36,2024-04-24 18:32,Business,Ahmedabad,Madurai,65.8,Client Pickup
2024-01-15 13:04,2024-01-15 14:34,Business,Surat,Bengaluru,49.0,Temporary Site
2024-06-29 03:40,2024-06-29 05:25,Business,Visakhapatnam,Gwalior,60.8,Temporary Site
2024-08-14 18:08,2024-08-14 19:59,Business,Varanasi,Meerut,65.4,Office Commute
2024-12-14 19:40,2024-12-14 21:20,Personal,Lucknow,Ghaziabad,58.7,Customer Visit
2024-12-23 19:38,2024-12-23 21:56,Business,Jodhpur,Thane,79.5,Client Meeting
2024-11-30 14:54,2024-11-30 17:03,Business,Thane,Kolkata,78.2,Airport Drop
2024-08-19 06:37,2024-08-19 08:42,Business,Noida,Kota,76.3,Temporary Site
2024-06-21 11:47,2024-06-21 13:51,Business,Thane,Delhi,77.4,Airport Pickup
2024-08-10 19:35,2024-08-10 21:19,Business,Bhopal,Visakhapatnam,57.7,Team Outing
2024-01-10 04:12,2024-01-10 05:38,Business,Thrissur,Amritsar,51.1,Customer Visit
2024-11-10 15:10,2024-11-10 16:43,Business,Visakhapatnam,Bangalore,51.7,Client Meeting
2024-03-29 07:59,2024-03-29 09:37,Personal,Hyderabad,Tiruchirappalli,57.9,Meal/Entertain
2024-08-07 06:52,2024-08-07 08:28,Business,Dhanbad,Patiala,52.1,Customer Visit
2024-03-29 20:40,2024-03-29 22:44,Business,Pune,Visakhapatnam,77.6,Client Pickup
2024-10-09 07:07,2024-10-09 09:08,Personal,Kota,Srinagar,72.7,Temporary Site
2024-10-21 00:58,2024-10-21 02:56,Business,Jabalpur,Faridabad,75.1,Site Inspection
2024-03-10 22:46,2024-03-11 00:38,Business,Howrah,Nashik,63.4,Meal/Entertain
2024-05-29 21:00,2024-05-29 22:20,Business,Navi Mumbai,Jodhpur,48.6,Team Outing
2024-04-01 09:41,2024-04-01 11:38,Business,Ranchi,Nashik,73.3,Meeting
2024-10-23 10:55,2024-10-23 13:05,Business,Kolkata,Dewas,74.8,Meeting
2024-10-05 17:02,2024-10-05 18:41,Business,Pune,Vijayawada,60.3,Conference Visit
2024-08-05 13:02,2024-08-05 15:02,Business,Visakhapatnam,Vijayawada,69.8,Client Meeting
2024-09-13 19:20,2024-09-13 20:51,Business,Tiruchirappalli,Ludhiana,53.2,Delivery Task
2024-11-11 09:02,2024-11-11 10:47,Personal,Thrissur,Nashik,59.2,Meeting
2024-01-31 09:15,2024-01-31 10:42,Personal,Meerut,Kolkata,50.4,Meal/Entertain
2024-10-24 03:18,2024-10-24 04:45,Business,Guwahati,Mumbai,45.0,Team Outing
2024-06-16 03:48,2024-06-16 05:49,Personal,Vijayawada,Nagpur,77.5,Office Commute
2024-12-04 22:16,2024-12-04 22:38,Business,Jabalpur,Jabalpur,7.0,Delivery Task
2024-12-08 01:59,2024-12-08 03:14,Personal,Thiruvananthapuram,Hubli,45.0,Meal/Entertain
2024-11-11 03:25,2024-11-11 04:59,Personal,Jaipur,Bhubaneswar,55.7,Office Commute
2024-04-27 09:15,2024-04-27 10:47,Business,Visakhapatnam,Varanasi,50.5,Office Commute
2024-06-22 22:21,2024-06-23 00:07,Business,Dewas,Thiruvananthapuram,67.8,Field Work
2024-05-07 05:59,2024-05-07 07:52,Business,Bengaluru,Gwalior,65.1,Field Work
2024-10-05 14:09,2024-10-05 15:34,Business,Lonavala,Agra,49.2,Delivery Task
2024-02-08 11:16,2024-02-08 13:14,Personal,Ghaziabad,Patiala,67.8,Site Inspection
2024-05-05 02:41,2024-05-05 03:59,Business,Jodhpur,Ranchi,46.0,Client Pickup
2024-01-10 06:19,2024-01-10 07:32,Personal,Nagpur,Thrissur,42.2,Client Meeting
2024-02-13 03:23,2024-02-13 05:16,Business,Jaipur,Amritsar,71.9,Client Meeting
2024-01-28 08:17,2024-01-28 09:40,Business,Bangalore,Thiruvananthapuram,43.0,Errand/Supplies
2024-10-26 13:11,2024-10-26 14:33,Personal,Delhi,Meerut,50.1,Office Commute
2024-09-18 04:57,2024-09-18 06:06,Personal,Bhubaneswar,Bangalore,40.0,Errand/Supplies
2024-09-15 15:39,2024-09-15 17:47,Business,Noida,Solapur,74.1,Office Commute
2024-09-23 15:33,2024-09-23 17:35,Business,Thrissur,Mumbai,70.6,Conference Visit
2024-01-29 13:46,2024-01-29 15:47,Business,Kota,Bhubaneswar,77.3,Office Commute
2024-09-19 15:17,2024-09-19 16:43,Business,Ghaziabad,Patiala,45.0,Customer Visit
2024-12-15 22:20,2024-12-16 00:00,Business,Navi Mumbai,Faridabad,56.5,Meal/Entertain
2024-02-19 02:33,2024-02-19 04:16,Business,Hubli,Rajkot,64.2,Weekend Trip
2024-01-09 03:39,2024-01-09 05:49,Business,Srinagar,Ludhiana,75.2,Client Meeting
2024-06-03 10:13,2024-06-03 12:10,Business,Dewas,Solapur,69.1,Errand/Supplies
2024-08-31 15:35,2024-08-31 17:25,Personal,Bhopal,Kota,65.5,Delivery Task
2024-10-23 22:22,2024-10-23 23:54,Business,Thrissur,Ahmedabad,56.5,Site Inspection
2024-07-15 19:11,2024-07-15 20:36,Business,Pune,Navi Mumbai,49.5,Meeting
2024-06-09 17:08,2024-06-09 19:02,Business,Hubli,Vijayawada,63.6,Site Inspection
2024-01-27 07:11,2024-01-27 08:57,Business,Kanpur,Guwahati,63.1,Weekend Trip
2024-12-15 09:48,2024-12-15 11:05,Business,Patiala,Coimbatore,45.6,Customer Visit
2024-06-25 09:34,2024-06-25 10:01,Personal,Varanasi,Varanasi,13.0,Client Meeting
2024-08-14 11:34,2024-08-14 13:01,Business,Coimbatore,Jaipur,49.6,Meal/Entertain
2024-11-30 00:29,2024-11-30 01:58,Business,Nagpur,Tiruchirappalli,52.8,Site Inspection
2024-06-09 23:10,2024-06-10 01:17,Business,Visakhapatnam,Coimbatore,76.3,Client Meeting
2024-04-06 10:26,2024-04-06 12:00,Personal,Ghaziabad,Howrah,51.1,Client Meeting
2024-02-13 20:54,2024-02-13 22:28,Business,Srinagar,Raipur,57.4,Client Meeting
2024-01-18 23:50,2024-01-19 01:21,Business,Aurangabad,Howrah,48.9,Meal/Entertain
2024-05-04 11:02,2024-05-04 12:53,Business,Ghaziabad,Ahmedabad,60.8,Temporary Site
2024-05-15 00:59,2024-05-15 02:24,Personal,Kota,Bangalore,52.7,Errand/Supplies
2024-03-05 19:36,2024-03-05 21:37,Business,Srinagar,Navi Mumbai,67.9,Field Work
2024-12-24 04:24,2024-12-24 05:43,Business,Ludhiana,Kota,42.1,Client Meeting
2024-10-10 09:37,2024-10-10 10:50,Business,Mumbai,Bengaluru,40.6,Meeting
2024-03-10 08:27,2024-03-10 09:50,Personal,Jaipur,Faridabad,44.6,Meal/Entertain
2024-07-26 20:18,2024-07-26 21:40,Business,Jodhpur,Rajkot,51.9,Errand/Supplies
2024-08-16 21:57,2024-08-16 23:56,Business,Coimbatore,Nashik,66.3,Meeting
2024-12-22 02:35,2024-12-22 04:13,Business,Kolkata,Srinagar,58.2,Meeting
2024-08-12 19:27,2024-08-12 21:11,Business,Nagpur,Thrissur,59.6,Office Commute
2024-11-12 22:49,2024-11-13 00:55,Business,Solapur,Indore,78.5,Office Commute
2024-01-29 12:58,2024-01-29 14:45,Personal,Ghaziabad,Rajkot,67.3,Weekend Trip
2024-12-24 05:33,2024-12-24 07:15,Business,Kota,Patna,55.7,Team Outing
2024-05-17 22:12,2024-05-17 23:54,Business,Agra,Dewas,57.0,Temporary Site
2024-03-03 06:13,2024-03-03 07:35,Business,Noida,Kolkata,44.2,Site Inspection
2024-03-21 18:38,2024-03-21 19:52,Business,Meerut,Gwalior,46.4,Temporary Site
2024-04-06 19:07,2024-04-06 20:34,Personal,Surat,Agra,54.5,Client Meeting
2024-03-05 12:25,2024-03-05 14:12,Business,Ranchi,Lucknow,63.1,Delivery Task
2024-12-19 01:32,2024-12-19 03:10,Business,Navi Mumbai,Meerut,58.7,Meeting
2024-02-02 07:42,2024-02-02 09:23,Business,Thane,Bhopal,61.0,Temporary Site
2024-05-17 03:31,2024-05-17 05:10,Business,Navi Mumbai,Kochi,57.1,Client Meeting
2024-02-21 22:29,2024-02-21 23:34,Business,Madurai,Indore,40.1,Client Pickup
2024-04-24 12:54,2024-04-24 14:04,Business,Aurangabad,Nashik,40.9,Meal/Entertain
2024-06-18 15:46,2024-06-18 17:36,Personal,Madurai,Kota,66.9,Client Pickup
2024-03-22 07:11,2024-03-22 09:13,Personal,Lonavala,Nashik,70.5,Airport Pickup
2024-05-07 02:04,2024-05-07 04:03,Business,Hubli,Aurangabad,69.3,Customer Visit
2024-05-21 03:26,2024-05-21 04:34,Personal,Hyderabad,Bangalore,40.8,Airport Pickup
2024-07-27 20:20,2024-07-27 21:51,Business,Allahabad,Lucknow,52.1,Client Meeting
2024-03-21 18:37,2024-03-21 20:35,Business,Raipur,Bhubaneswar,75.1,Customer Visit
2024-02-22 06:56,2024-02-22 09:04,Business,Agra,Dewas,79.8,Client Meeting
2024-12-17 05:45,2024-12-17 06:56,Business,Faridabad,Hubli,40.1,Meeting
2024-09-05 10:51,2024-09-05 12:56,Business,Patiala,Guwahati,75.1,Meal/Entertain
2024-02-14 13:20,2024-02-14 14:50,Business,Delhi,Kolkata,48.2,Weekend Trip
2024-01-12 16:53,2024-01-12 18:58,Business,Srinagar,Mumbai,78.3,Errand/Supplies
2024-06-12 21:34,2024-06-12 23:05,Business,Vadodara,Kalyan,48.8,Site Inspection
2024-09-19 13:20,2024-09-19 15:02,Business,Nashik,Jaipur,58.8,Errand/Supplies
2024-05-25 04:13,2024-05-25 05:26,Business,Agra,Faridabad,40.1,Errand/Supplies
2024-02-08 16:14,2024-02-08 17:33,Business,Vijayawada,Ghaziabad,40.8,Errand/Supplies
2024-09-23 07:52,2024-09-23 09:06,Personal,Jodhpur,Ghaziabad,40.2,Office Commute
2024-02-08 18:41,2024-02-08 20:29,Business,Gwalior,Surat,62.1,Delivery Task
2024-02-25 10:04,2024-02-25 11:46,Business,Rajkot,Noida,56.3,Site Inspection
2024-02-20 07:54,2024-02-20 09:08,Business,Thrissur,Pune,40.1,Client Pickup
2024-01-08 01:14,2024-01-08 02:51,Business,Bengaluru,Bhopal,52.7,Field Work
2024-10-10 19:37,2024-10-10 21:12,Business,Nashik,Mumbai,56.6,Customer Visit
2024-05-24 15:44,2024-05-24 17:36,Business,Bhopal,Hyderabad,68.3,Field Work
2024-11-04 01:00,2024-11-04 02:13,Personal,Pune,Faridabad,45.3,Meeting
2024-06-26 02:29,2024-06-26 03:59,Business,Hubli,Lucknow,47.7,Office Commute
2024-10-14 10:53,2024-10-14 12:54,Business,Navi Mumbai,Howrah,76.8,Customer Visit
2024-06-06 03:04,2024-06-06 04:43,Business,Pune,Tiruchirappalli,59.9,Site Inspection
2024-05-21 09:57,2024-05-21 11:14,Personal,Hyderabad,Ranchi,47.9,Airport Pickup
2024-10-28 11:34,2024-10-28 13:38,Business,Srinagar,Bengaluru,76.6,Client Pickup
2024-11-20 05:07,2024-11-20 06:58,Personal,Thiruvananthapuram,Hubli,67.4,Meal/Entertain
2024-03-09 19:19,2024-03-09 21:09,Business,Kolkata,Kochi,62.1,Office Commute
2024-07-25 10:09,2024-07-25 11:40,Business,Allahabad,Dhanbad,57.8,Temporary Site
2024-11-07 14:21,2024-11-07 16:23,Business,Faridabad,Ahmedabad,78.6,Delivery Task
2024-07-30 02:25,2024-07-30 03:50,Business,Raipur,Solapur,44.7,Customer Visit
2024-11-17 02:29,2024-11-17 04:28,Business,Aurangabad,Thane,73.7,Team Outing
2024-09-29 19:56,2024-09-29 21:24,Business,Coimbatore,Nagpur,48.8,Client Pickup
2024-08-19 13:31,2024-08-19 15:24,Business,Pune,Srinagar,69.2,Office Commute
2024-06-06 23:19,2024-06-07 00:59,Business,Allahabad,Hubli,54.1,Conference Visit
2024-11-27 02:42,2024-11-27 04:25,Business,Hubli,Kochi,64.3,Meeting
2024-08-18 01:42,2024-08-18 03:21,Business,Bengaluru,Patna,58.0,Errand/Supplies
2024-06-08 21:06,2024-06-08 22:34,Business,Ahmedabad,Raipur,53.3,Office Commute
2024-09-22 04:25,2024-09-22 06:19,Business,Kochi,Vadodara,70.7,Delivery Task
2024-07-25 01:36,2024-07-25 03:16,Business,Bangalore,Jaipur,54.3,Site Inspection
2024-05-15 09:28,2024-05-15 10:44,Business,Vijayawada,Allahabad,44.4,Customer Visit
2024-10-02 11:20,2024-10-02 12:49,Business,Coimbatore,Bhopal,48.1,Office Commute
2024-06-27 01:35,2024-06-27 03:04,Business,Amritsar,Agra,47.8,Airport Pickup
2024-09-03 20:24,2024-09-03 22:16,Personal,Patna,Ranchi,66.9,Meal/Entertain
2024-05-31 14:56,2024-05-31 16:33,Business,Agra,Patna,59.8,Meeting
2024-08-10 05:42,2024-08-10 07:45,Business,Ranchi,Bhopal,69.2,Meal/Entertain
2024-06-30 04:29,2024-06-30 06:12,Business,Mumbai,Varanasi,63.8,Team Outing
2024-12-29 03:12,2024-12-29 04:59,Business,Navi Mumbai,Vijayawada,67.8,Errand/Supplies
2024-07-21 06:51,2024-07-21 08:24,Business,Vijayawada,Surat,48.8,Office Commute
2024-12-08 17:38,2024-12-08 19:27,Personal,Ranchi,Madurai,67.1,Client Meeting
2024-08-05 19:14,2024-08-05 21:28,Personal,Lucknow,Jabalpur,78.5,Office Commute
2024-04-10 06:37,2024-04-10 08:35,Business,Lucknow,Noida,70.9,Meeting
2024-10-03 10:07,2024-10-03 11:26,Business,Mumbai,Kolkata,49.7,Errand/Supplies
2024-04-20 12:21,2024-04-20 14:04,Business,Noida,Agra,59.9,Site Inspection
2024-09-06 13:11,2024-09-06 15:05,Business,Surat,Guwahati,67.4,Meeting
2024-01-17 18:47,2024-01-17 20:12,Business,Vadodara,Thane,44.4,Meeting
2024-06-14 11:00,2024-06-14 12:19,Business,Jodhpur,Mysore,46.8,Meeting
2024-09-11 01:30,2024-09-11 03:02,Business,Jaipur,Navi Mumbai,53.7,Errand/Supplies
2024-08-08 14:33,2024-08-08 16:02,Personal,Howrah,Srinagar,54.2,Customer Visit
2024-09-10 07:29,2024-09-10 09:00,Business,Pune,Jodhpur,53.6,Airport Drop
2024-09-04 07:41,2024-09-04 09:44,Personal,Vijayawada,Nashik,78.2,Site Inspection
2024-06-15 16:22,2024-06-15 18:24,Business,Kolkata,Thane,71.3,Client Pickup
2024-03-27 14:12,2024-03-27 16:02,Business,Lucknow,Tiruchirappalli,60.3,Delivery Task
2024-01-28 23:29,2024-01-29 01:33,Business,Hyderabad,Kalyan,71.9,Team Outing
2024-04-29 01:33,2024-04-29 03:28,Personal,Kota,Ludhiana,73.0,Client Pickup
2024-06-20 23:43,2024-06-21 01:03,Business,Lonavala,Thrissur,48.4,Site Inspection
2024-05-30 15:45,2024-05-30 17:20,Personal,Thane,Patna,58.6,Meeting
2024-05-02 20:09,2024-05-02 22:05,Personal,Varanasi,Vijayawada,74.4,Meal/Entertain
2024-02-27 17:09,2024-02-27 18:55,Business,Noida,Navi Mumbai,63.4,Team Outing
2024-01-06 07:15,2024-01-06 08:46,Business,Delhi,Raipur,52.9,Office Commute
2024-05-12 01:39,2024-05-12 03:23,Business,Vasai,Delhi,63.5,Temporary Site
2024-03-13 17:38,2024-03-13 18:52,Business,Meerut,Hyderabad,41.7,Customer Visit
2024-11-14 23:38,2024-11-15 01:03,Business,Bangalore,Solapur,45.5,Airport Pickup
2024-09-26 15:51,2024-09-26 17:20,Personal,Hubli,Delhi,49.5,Meal/Entertain
2024-04-11 22:30,2024-04-12 00:03,Business,Thane,Bhopal,58.0,Meeting
2024-07-06 05:13,2024-07-06 06:47,Business,Delhi,Bhubaneswar,49.8,Meeting
2024-12-10 04:15,2024-12-10 05:57,Personal,Aurangabad,Gwalior,64.5,Field Work
2024-05-13 20:37,2024-05-13 22:14,Business,Mysore,Faridabad,52.6,Meal/Entertain
2024-06-08 15:28,2024-06-08 16:38,Business,Allahabad,Vijayawada,41.5,Office Commute
2024-04-30 01:39,2024-04-30 03:17,Business,Kota,Ghaziabad,56.7,Errand/Supplies
2024-11-06 10:12,2024-11-06 10:56,Business,Visakhapatnam,Visakhapatnam,16.3,Customer Visit
2024-08-01 23:48,2024-08-02 01:09,Personal,Thane,Jodhpur,46.4,Site Inspection
2024-02-27 06:33,2024-02-27 08:50,Business,Visakhapatnam,Patiala,78.3,Client Meeting
2024-06-11 12:28,2024-06-11 13:43,Personal,Patna,Rajkot,40.6,Customer Visit
2024-02-29 17:43,2024-02-29 18:59,Business,Ahmedabad,Kochi,44.1,Field Work
2024-04-01 23:39,2024-04-02 01:16,Business,Vadodara,Chandigarh,61.6,Meeting
2024-09-26 21:38,2024-09-26 23:19,Business,Jabalpur,Jaipur,56.8,Client Meeting
2024-05-12 02:02,2024-05-12 04:05,Business,Faridabad,Patiala,72.5,Weekend Trip
2024-05-09 06:12,2024-05-09 07:42,Business,Amritsar,Bhubaneswar,48.5,Meeting
2024-08-23 05:40,2024-08-23 07:40,Business,Agra,Lonavala,70.7,Conference Visit
2024-07-08 13:58,2024-07-08 15:54,Business,Visakhapatnam,Surat,65.8,Meal/Entertain
2024-04-12 01:58,2024-04-12 03:52,Business,Tiruchirappalli,Delhi,64.0,Client Pickup
2024-11-16 07:47,2024-11-16 09:40,Personal,Allahabad,Ahmedabad,67.8,Site Inspection
2024-11-14 07:23,2024-11-14 09:11,Personal,Jodhpur,Mumbai,66.4,Meeting
2024-09-23 06:44,2024-09-23 07:55,Personal,Kanpur,Varanasi,40.7,Client Meeting
2024-05-10 22:32,2024-05-10 23:59,Business,Chandigarh,Amritsar,55.0,Airport Pickup
2024-06-16 15:25,2024-06-16 17:20,Business,Jodhpur,Bengaluru,64.2,Weekend Trip
2024-09-20 09:25,2024-09-20 11:30,Personal,Ahmedabad,Vijayawada,78.2,Conference Visit
2024-01-13 21:06,2024-01-13 22:43,Business,Coimbatore,Allahabad,52.4,Meal/Entertain
2024-02-14 11:15,2024-02-14 12:41,Business,Kanpur,Nagpur,46.5,Customer Visit
2024-09-23 08:44,2024-09-23 10:35,Business,Coimbatore,Rajkot,66.0,Conference Visit
2024-09-03 16:25,2024-09-03 18:07,Personal,Solapur,Patna,63.5,Meeting
2024-10-31 03:55,2024-10-31 05:59,Personal,Ranchi,Nagpur,76.8,Field Work
2024-07-05 13:30,2024-07-05 14:50,Business,Bhopal,Agra,49.0,Meal/Entertain
2024-01-22 14:43,2024-01-22 15:54,Business,Chennai,Coimbatore,41.7,Meeting
2024-06-21 14:46,2024-06-21 16:38,Business,Varanasi,Chandigarh,66.1,Site Inspection
2024-08-28 22:56,2024-08-29 00:29,Personal,Coimbatore,Kolkata,52.6,Temporary Site
2024-11-02 12:40,2024-11-02 14:43,Business,Lonavala,Ranchi,75.6,Site Inspection
2024-03-16 03:41,2024-03-16 04:53,Personal,Vasai,Meerut,42.5,Field Work
2024-10-17 05:15,2024-10-17 07:09,Personal,Chennai,Pune,73.2,Office Commute
2024-01-21 14:08,2024-01-21 15:56,Business,Bangalore,Chennai,63.1,Team Outing
2024-08-13 02:10,2024-08-13 03:46,Business,Ghaziabad,Kalyan,54.6,Errand/Supplies
2024-01-06 02:28,2024-01-06 04:15,Business,Bhubaneswar,Ranchi,59.6,Meeting
2024-12-10 03:12,2024-12-10 05:03,Business,Thiruvananthapuram,Pune,65.9,Meeting
2024-11-13 02:58,2024-11-13 04:28,Business,Kochi,Chandigarh,50.3,Customer Visit
2024-06-29 21:21,2024-06-29 23:01,Business,Coimbatore,Jabalpur,58.1,Temporary Site
2024-01-06 11:21,2024-01-06 13:12,Business,Kota,Lonavala,61.5,Meeting
2024-06-10 18:45,2024-06-10 20:36,Business,Agra,Thane,64.2,Office Commute
2024-06-17 12:57,2024-06-17 14:56,Business,Kota,Kolkata,74.7,Customer Visit
2024-06-25 05:21,2024-06-25 07:00,Business,Chandigarh,Vasai,60.0,Weekend Trip
2024-11-04 23:12,2024-11-05 00:52,Business,Madurai,Howrah,60.9,Meal/Entertain
2024-09-23 19:27,2024-09-23 21:27,Business,Lucknow,Surat,75.7,Airport Pickup
2024-06-18 22:13,2024-06-18 23:33,Business,Raipur,Noida,50.3,Office Commute
2024-09-07 16:15,2024-09-07 18:02,Business,Agra,Hyderabad,59.7,Conference Visit
2024-07-29 18:47,2024-07-29 20:35,Business,Allahabad,Hyderabad,68.7,Office Commute
2024-09-06 01:00,2024-09-06 03:07,Business,Surat,Delhi,73.6,Meeting
2024-08-12 04:09,2024-08-12 06:23,Personal,Jaipur,Howrah,78.8,Client Pickup
2024-03-15 03:23,2024-03-15 05:05,Business,Navi Mumbai,Aurangabad,63.3,Weekend Trip
2024-02-21 20:38,2024-02-21 22:53,Personal,Varanasi,Coimbatore,79.9,Airport Pickup
2024-11-21 14:57,2024-11-21 16:30,Personal,Faridabad,Jabalpur,50.8,Airport Pickup
2024-08-04 01:42,2024-08-04 03:53,Business,Surat,Ahmedabad,79.1,Client Meeting
2024-09-29 19:19,2024-09-29 20:27,Personal,Meerut,Ahmedabad,40.1,Errand/Supplies
2024-09-23 02:06,2024-09-23 04:09,Business,Kota,Agra,71.2,Airport Pickup
2024-01-16 07:19,2024-01-16 09:01,Business,Lonavala,Vadodara,54.7,Team Outing
2024-07-02 00:47,2024-07-02 02:58,Business,Kolkata,Noida,78.0,Meeting
2024-07-31 19:28,2024-07-31 21:09,Business,Amritsar,Gwalior,57.0,Errand/Supplies
2024-02-28 21:37,2024-02-28 23:18,Business,Rajkot,Kochi,58.1,Client Pickup
2024-01-27 03:58,2024-01-27 05:24,Business,Kalyan,Bangalore,53.1,Meal/Entertain
2024-01-20 21:36,2024-01-20 23:51,Business,Allahabad,Visakhapatnam,77.0,Meal/Entertain
2024-05-20 15:12,2024-05-20 16:50,Business,Amritsar,Thiruvananthapuram,62.2,Office Commute
2024-07-02 21:51,2024-07-02 23:18,Business,Rajkot,Coimbatore,51.6,Office Commute
2024-09-22 03:01,2024-09-22 04:24,Business,Patna,Solapur,49.2,Meal/Entertain
2024-05-21 13:08,2024-05-21 15:21,Business,Allahabad,Bangalore,75.4,Team Outing
2024-09-14 17:18,2024-09-14 19:14,Personal,Guwahati,Noida,67.7,Client Meeting
2024-08-19 01:49,2024-08-19 03:33,Business,Navi Mumbai,Dhanbad,56.9,Errand/Supplies
2024-05-14 14:04,2024-05-14 15:58,Business,Ranchi,Howrah,70.4,Delivery Task
2024-10-15 03:54,2024-10-15 05:43,Personal,Jaipur,Patiala,64.6,Meal/Entertain
2024-06-06 01:52,2024-06-06 03:22,Business,Patiala,Noida,51.3,Delivery Task
2024-12-31 12:13,2024-12-31 13:46,Personal,Bhopal,Indore,51.7,Client Meeting
2024-06-27 02:19,2024-06-27 03:42,Business,Bangalore,Vasai,47.5,Field Work
2024-06-02 14:02,2024-06-02 16:08,Business,Vadodara,Kochi,71.8,Weekend Trip
2024-05-26 07:19,2024-05-26 09:04,Personal,Jaipur,Madurai,67.0,Client Meeting
2024-02-04 07:58,2024-02-04 09:46,Business,Thrissur,Ludhiana,59.9,Meal/Entertain
2024-07-21 07:44,2024-07-21 09:46,Business,Howrah,Nagpur,72.0,Office Commute
2024-04-16 19:29,2024-04-16 21:12,Personal,Nashik,Rajkot,60.4,Meeting
2024-11-05 12:14,2024-11-05 15:16,Business,Mysore,Nashik,111.7,Conference Visit
2024-09-18 16:38,2024-09-18 18:38,Business,Lucknow,Jodhpur,69.4,Customer Visit
2024-08-27 16:44,2024-08-27 18:03,Business,Kochi,Ghaziabad,41.1,Site Inspection
2024-05-03 05:48,2024-05-03 07:42,Business,Dewas,Coimbatore,70.6,Team Outing
2024-02-15 06:25,2024-02-15 07:37,Business,Kochi,Ranchi,43.9,Weekend Trip
2024-11-06 22:53,2024-11-07 00:31,Business,Pune,Amritsar,60.7,Errand/Supplies
2024-07-17 17:11,2024-07-17 18:51,Business,Madurai,Ghaziabad,57.0,Meeting
2024-05-18 15:09,2024-05-18 16:31,Business,Nagpur,Dhanbad,43.1,Meeting
2024-09-12 23:04,2024-09-13 00:26,Business,Bhopal,Lucknow,42.1,Client Pickup
2024-12-29 21:25,2024-12-29 22:46,Business,Rajkot,Pune,51.0,Meal/Entertain
2024-03-01 03:25,2024-03-01 05:06,Business,Varanasi,Solapur,56.7,Field Work
2024-05-10 01:55,2024-05-10 03:18,Business,Nashik,Lonavala,45.4,Meal/Entertain
2024-07-19 19:10,2024-07-19 21:19,Personal,Gwalior,Madurai,72.9,Meeting
2024-08-24 19:21,2024-08-24 20:36,Personal,Vijayawada,Surat,44.1,Meeting
2024-09-22 06:51,2024-09-22 08:20,Personal,Aurangabad,Tiruchirappalli,51.3,Customer Visit
2024-05-30 03:20,2024-05-30 04:51,Personal,Nagpur,Rajkot,57.9,Customer Visit
2024-02-10 06:29,2024-02-10 08:45,Business,Gwalior,Coimbatore,77.4,Meeting
2024-11-04 12:21,2024-11-04 14:11,Business,Rajkot,Meerut,67.3,Conference Visit
2024-07-12 19:21,2024-07-12 21:03,Business,Bangalore,Ghaziabad,58.3,Field Work
2024-02-25 22:42,2024-02-26 00:12,Business,Madurai,Amritsar,53.8,Team Outing
2024-08-28 15:46,2024-08-28 17:55,Business,Kanpur,Kochi,73.6,Airport Pickup
2024-05-08 09:48,2024-05-08 11:58,Personal,Mysore,Madurai,77.6,Customer Visit
2024-10-21 13:39,2024-10-21 15:45,Personal,Guwahati,Hyderabad,75.3,Client Meeting
2024-08-25 01:07,2024-08-25 02:22,Business,Aurangabad,Faridabad,44.6,Site Inspection
2024-03-23 17:34,2024-03-23 19:33,Business,Rajkot,Visakhapatnam,67.7,Client Meeting
2024-06-25 04:35,2024-06-25 06:00,Business,Varanasi,Vijayawada,47.3,Meeting
2024-04-07 13:03,2024-04-07 14:54,Business,Patiala,Aurangabad,63.3,Client Pickup
2024-02-29 11:50,2024-02-29 13:04,Personal,Vasai,Faridabad,41.1,Airport Pickup
2024-08-22 14:05,2024-08-22 15:34,Business,Thrissur,Ludhiana,51.8,Meeting
2024-02-16 03:33,2024-02-16 05:01,Business,Kanpur,Rajkot,54.0,Client Pickup
2024-09-30 21:24,2024-09-30 22:57,Business,Jabalpur,Kalyan,56.1,Customer Visit
2024-12-31 19:04,2024-12-31 21:16,Business,Pune,Vijayawada,75.9,Customer Visit
2024-07-20 08:23,2024-07-20 10:04,Business,Ahmedabad,Patiala,64.5,Airport Drop
2024-01-14 15:22,2024-01-14 16:37,Personal,Vadodara,Hubli,44.1,Airport Drop
2024-04-03 16:49,2024-04-03 18:56,Business,Raipur,Bhubaneswar,77.0,Team Outing
2024-03-09 10:52,2024-03-09 13:09,Business,Amritsar,Dewas,78.4,Meal/Entertain
2024-04-20 09:34,2024-04-20 11:26,Business,Aurangabad,Madurai,65.9,Customer Visit
2024-11-30 14:29,2024-11-30 16:01,Personal,Kolkata,Vadodara,56.7,Office Commute
2024-01-06 13:37,2024-01-06 15:29,Business,Thane,Navi Mumbai,61.7,Meeting
2024-07-28 13:18,2024-07-28 15:18,Business,Madurai,Tiruchirappalli,76.2,Airport Pickup
2024-12-08 12:52,2024-12-08 14:25,Personal,Vasai,Jodhpur,52.8,Meal/Entertain
2024-06-04 20:45,2024-06-04 22:21,Business,Indore,Nashik,53.3,Customer Visit
2024-04-25 03:07,2024-04-25 04:56,Business,Dhanbad,Indore,68.3,Conference Visit
2024-05-11 11:52,2024-05-11 13:32,Business,Ludhiana,Visakhapatnam,60.9,Office Commute
2024-07-28 19:54,2024-07-28 21:42,Personal,Aurangabad,Chennai,60.9,Office Commute
2024-05-31 12:07,2024-05-31 13:57,Business,Kanpur,Mysore,64.5,Client Pickup
2024-09-26 00:14,2024-09-26 01:37,Personal,Coimbatore,Madurai,46.3,Client Meeting
2024-11-22 02:53,2024-11-22 04:43,Business,Kochi,Varanasi,66.8,Site Inspection
2024-06-27 18:02,2024-06-27 20:01,Personal,Thiruvananthapuram,Nashik,74.7,Office Commute
2024-10-16 15:17,2024-10-16 16:37,Business,Surat,Rajkot,46.7,Airport Pickup
2024-05-28 05:05,2024-05-28 06:48,Personal,Vijayawada,Ahmedabad,57.3,Customer Visit
2024-10-17 20:55,2024-10-17 23:10,Business,Gwalior,Bhubaneswar,77.2,Office Commute
2024-09-29 19:03,2024-09-29 21:14,Business,Madurai,Jaipur,77.8,Field Work
2024-05-27 01:55,2024-05-27 03:27,Business,Coimbatore,Kota,58.5,Team Outing
2024-12-20 11:37,2024-12-20 13:27,Business,Rajkot,Faridabad,60.2,Airport Drop
2024-02-01 01:35,2024-02-01 02:56,Business,Kochi,Meerut,50.7,Conference Visit
2024-03-27 03:55,2024-03-27 05:21,Business,Kalyan,Coimbatore,49.1,Site Inspection
2024-10-20 21:22,2024-10-20 22:11,Business,Navi Mumbai,Navi Mumbai,22.4,Errand/Supplies
2024-03-15 21:45,2024-03-15 23:19,Business,Kota,Faridabad,57.0,Customer Visit
2024-09-07 05:27,2024-09-07 07:00,Business,Tiruchirappalli,Thane,58.1,Client Pickup
2024-05-18 10:22,2024-05-18 12:02,Business,Amritsar,Ghaziabad,53.6,Airport Drop
2024-03-26 16:23,2024-03-26 18:18,Business,Dewas,Amritsar,71.0,Errand/Supplies
2024-06-23 01:10,2024-06-23 03:10,Business,Chennai,Meerut,77.0,Team Outing
2024-10-23 10:29,2024-10-23 11:53,Business,Howrah,Raipur,50.2,Meal/Entertain
2024-07-21 10:00,2024-07-21 10:46,Business,Hyderabad,Hyderabad,23.2,Team Outing
2024-06-26 22:17,2024-06-27 00:17,Business,Mysore,Surat,76.6,Site Inspection
2024-08-04 16:10,2024-08-04 17:45,Business,Gwalior,Bengaluru,59.1,Errand/Supplies
2024-12-01 15:10,2024-12-01 17:02,Personal,Jabalpur,Surat,65.5,Client Meeting
2024-05-31 20:08,2024-05-31 21:36,Business,Jodhpur,Vadodara,49.3,Client Meeting
2024-12-14 15:53,2024-12-14 17:46,Business,Jaipur,Nagpur,66.8,Customer Visit
2024-03-21 11:30,2024-03-21 13:24,Business,Ranchi,Patiala,69.8,Meal/Entertain
2024-09-24 21:14,2024-09-24 22:28,Business,Raipur,Coimbatore,42.8,Delivery Task
2024-06-29 16:23,2024-06-29 18:03,Business,Gwalior,Madurai,54.1,Client Meeting
2024-03-03 18:58,2024-03-03 20:35,Personal,Ahmedabad,Agra,56.9,Meeting
2024-11-22 08:12,2024-11-22 09:43,Business,Patna,Nashik,52.5,Client Meeting
2024-01-10 07:58,2024-01-10 09:42,Business,Chennai,Kalyan,59.5,Conference Visit
2024-01-19 07:55,2024-01-19 10:03,Business,Dewas,Amritsar,77.8,Office Commute
2024-02-15 13:34,2024-02-15 14:47,Business,Vadodara,Faridabad,41.2,Airport Pickup
2024-05-25 23:50,2024-05-26 01:51,Business,Rajkot,Lucknow,74.7,Weekend Trip
2024-08-30 13:16,2024-08-30 14:47,Business,Madurai,Dhanbad,57.0,Airport Pickup
2024-01-30 09:32,2024-01-30 11:24,Business,Hubli,Vasai,71.0,Office Commute
2024-04-18 19:41,2024-04-18 21:04,Business,Madurai,Patna,48.3,Errand/Supplies
2024-09-11 17:46,2024-09-11 19:12,Business,Hubli,Jodhpur,45.2,Meal/Entertain
2024-05-03 19:09,2024-05-03 20:53,Business,Lonavala,Chennai,58.4,Customer Visit
2024-06-28 16:29,2024-06-28 18:20,Business,Jabalpur,Nagpur,64.8,Client Pickup
2024-08-09 09:10,2024-08-09 10:46,Business,Indore,Lonavala,53.7,Team Outing
2024-09-08 20:48,2024-09-08 22:19,Business,Jabalpur,Ahmedabad,53.0,Field Work
2024-09-02 06:23,2024-09-02 08:03,Business,Pune,Navi Mumbai,62.5,Meal/Entertain
2024-12-11 16:15,2024-12-11 17:50,Business,Kochi,Bhopal,54.6,Site Inspection
2024-12-31 20:37,2024-12-31 22:24,Business,Vasai,Aurangabad,65.0,Meeting
2024-12-14 07:34,2024-12-14 09:41,Business,Pune,Hubli,74.1,Errand/Supplies
2024-12-13 06:44,2024-12-13 08:50,Business,Chandigarh,Thane,77.7,Office Commute
2024-02-07 09:24,2024-02-07 11:10,Business,Srinagar,Solapur,66.0,Site Inspection
2024-11-19 04:57,2024-11-19 06:18,Business,Nashik,Navi Mumbai,43.7,Customer Visit
2024-01-24 07:38,2024-01-24 09:08,Business,Lonavala,Gwalior,52.8,Meeting
2024-09-01 22:19,2024-09-01 23:44,Business,Allahabad,Surat,45.4,Meal/Entertain
2024-01-10 23:44,2024-01-11 01:20,Business,Solapur,Nashik,58.5,Site Inspection
2024-09-22 07:54,2024-09-22 09:49,Business,Howrah,Amritsar,69.2,Errand/Supplies
2024-10-13 13:02,2024-10-13 15:03,Business,Coimbatore,Rajkot,71.4,Site Inspection
2024-06-18 12:32,2024-06-18 14:43,Personal,Varanasi,Gwalior,79.9,Conference Visit
2024-08-11 15:32,2024-08-11 17:32,Business,Gwalior,Noida,71.4,Customer Visit
2024-08-02 06:00,2024-08-02 07:11,Business,Bangalore,Coimbatore,43.5,Team Outing
2024-07-04 17:06,2024-07-04 18:30,Business,Jabalpur,Raipur,46.6,Airport Pickup
2024-12-25 06:18,2024-12-25 07:39,Business,Mysore,Mumbai,41.1,Delivery Task
2024-12-19 18:10,2024-12-19 19:30,Business,Nagpur,Vijayawada,45.5,Client Pickup
2024-02-03 12:47,2024-02-03 14:18,Business,Vasai,Chandigarh,56.3,Meeting
2024-10-10 10:47,2024-10-10 12:17,Business,Surat,Bhopal,52.1,Weekend Trip
2024-01-27 15:55,2024-01-27 17:28,Business,Ghaziabad,Thane,54.7,Office Commute
2024-09-25 17:01,2024-09-25 18:48,Business,Dewas,Nagpur,64.9,Delivery Task
2024-03-13 02:17,2024-03-13 04:01,Business,Vasai,Kolkata,56.6,Site Inspection
2024-02-15 05:49,2024-02-15 07:04,Business,Faridabad,Gwalior,44.6,Office Commute
2024-09-27 05:22,2024-09-27 06:38,Business,Ahmedabad,Srinagar,43.5,Errand/Supplies
2024-04-22 14:59,2024-04-22 16:15,Personal,Lucknow,Bangalore,41.6,Client Pickup
2024-08-21 22:13,2024-08-21 23:50,Business,Meerut,Allahabad,61.0,Office Commute
2024-08-12 15:02,2024-08-12 17:01,Personal,Meerut,Madurai,68.5,Meal/Entertain
2024-03-14 02:40,2024-03-14 04:09,Business,Patna,Kalyan,54.4,Delivery Task
2024-08-17 04:01,2024-08-17 05:41,Business,Thiruvananthapuram,Mumbai,63.0,Client Meeting
2024-05-04 15:18,2024-05-04 16:48,Business,Lucknow,Chandigarh,48.7,Conference Visit
2024-06-20 18:14,2024-06-20 19:35,Business,Meerut,Rajkot,48.3,Meeting
2024-06-03 20:04,2024-06-03 22:15,Personal,Dhanbad,Solapur,74.5,Client Pickup
2024-09-27 05:04,2024-09-27 06:53,Business,Amritsar,Howrah,68.5,Errand/Supplies
2024-03-25 12:41,2024-03-25 14:39,Business,Vijayawada,Kota,74.3,Office Commute
2024-07-05 01:50,2024-07-05 03:51,Personal,Nashik,Bhopal,71.7,Airport Pickup
2024-04-02 21:17,2024-04-02 22:29,Business,Allahabad,Hubli,41.2,Office Commute
2024-04-12 07:57,2024-04-12 10:10,Business,Surat,Chennai,78.1,Delivery Task
2024-12-13 08:05,2024-12-13 09:29,Business,Kanpur,Ahmedabad,43.1,Customer Visit
2024-07-11 14:24,2024-07-11 16:32,Business,Srinagar,Jodhpur,73.1,Meeting
2024-11-29 20:38,2024-11-29 22:18,Business,Indore,Solapur,54.3,Office Commute
2024-10-16 20:49,2024-10-16 22:22,Business,Chandigarh,Dhanbad,55.1,Office Commute
2024-10-09 18:17,2024-10-09 20:02,Business,Bhopal,Jodhpur,65.7,Meeting
2024-10-25 17:12,2024-10-25 18:58,Business,Bangalore,Noida,66.9,Errand/Supplies
2024-11-24 21:32,2024-11-24 23:22,Business,Hubli,Srinagar,70.2,Airport Pickup
2024-11-29 21:06,2024-11-29 22:53,Business,Delhi,Solapur,64.5,Errand/Supplies
2024-01-06 07:21,2024-01-06 09:04,Business,Amritsar,Kanpur,58.5,Field Work
2024-06-03 03:23,2024-06-03 05:30,Business,Nagpur,Vijayawada,73.5,Weekend Trip
2024-10-24 10:24,2024-10-24 12:18,Business,Patna,Nagpur,68.6,Airport Pickup
2024-02-11 23:31,2024-02-12 00:47,Business,Dewas,Pune,41.2,Meeting
2024-04-16 13:06,2024-04-16 15:06,Personal,Ludhiana,Thiruvananthapuram,76.5,Field Work
2024-04-25 19:50,2024-04-25 21:11,Business,Meerut,Kalyan,47.3,Meal/Entertain
2024-12-11 11:13,2024-12-11 12:57,Business,Tiruchirappalli,Ahmedabad,56.2,Meeting
2024-07-23 07:54,2024-07-23 08:28,Business,Gwalior,Gwalior,15.8,Field Work
2024-05-10 02:55,2024-05-10 04:14,Business,Nashik,Varanasi,49.7,Conference Visit
2024-11-26 11:07,2024-11-26 12:30,Business,Thrissur,Mumbai,45.7,Airport Drop
2024-05-25 04:23,2024-05-25 05:46,Business,Vijayawada,Madurai,45.7,Client Pickup
2024-02-13 17:13,2024-02-13 19:24,Business,Ranchi,Guwahati,80.0,Client Pickup
2024-06-12 10:25,2024-06-12 12:04,Business,Nashik,Srinagar,63.0,Client Meeting
2024-10-29 06:08,2024-10-29 08:11,Personal,Dewas,Vijayawada,74.5,Office Commute
2024-07-31 17:54,2024-07-31 20:08,Business,Kanpur,Lonavala,76.4,Meeting
2024-03-15 18:18,2024-03-15 20:17,Business,Delhi,Jodhpur,73.6,Customer Visit
2024-05-21 09:35,2024-05-21 11:04,Business,Faridabad,Madurai,50.2,Customer Visit
2024-06-16 06:40,2024-06-16 07:15,Business,Kalyan,Kalyan,10.5,Meal/Entertain
2024-10-24 18:23,2024-10-24 19:43,Personal,Raipur,Guwahati,49.2,Meeting
2024-05-09 07:00,2024-05-09 08:22,Personal,Bhubaneswar,Allahabad,44.2,Delivery Task
2024-01-15 11:48,2024-01-15 13:24,Business,Varanasi,Chennai,59.2,Temporary Site
2024-02-10 04:07,2024-02-10 05:15,Business,Ghaziabad,Indore,40.2,Client Pickup
2024-05-23 15:27,2024-05-23 17:34,Business,Ranchi,Srinagar,72.0,Temporary Site
2024-03-24 04:15,2024-03-24 05:50,Business,Coimbatore,Madurai,52.5,Airport Pickup
2024-02-15 22:17,2024-02-15 23:57,Business,Vasai,Aurangabad,61.6,Office Commute
2024-12-06 18:25,2024-12-06 20:33,Business,Howrah,Jaipur,74.4,Conference Visit
2024-10-17 16:40,2024-10-17 17:55,Business,Aurangabad,Bangalore,46.7,Customer Visit
2024-04-14 16:58,2024-04-14 18:57,Business,Surat,Hyderabad,68.4,Meeting
2024-07-13 11:34,2024-07-13 13:30,Business,Indore,Vijayawada,69.7,Office Commute
2024-10-29 11:23,2024-10-29 13:30,Personal,Jaipur,Lucknow,77.0,Office Commute
2024-01-11 14:28,2024-01-11 15:55,Business,Lonavala,Kochi,50.7,Weekend Trip
2024-09-23 09:50,2024-09-23 11:21,Business,Gwalior,Varanasi,50.9,Client Pickup
2024-06-08 08:00,2024-06-08 09:39,Business,Guwahati,Hyderabad,54.2,Temporary Site
2024-02-03 11:45,2024-02-03 12:52,Personal,Ahmedabad,Agra,40.3,Client Pickup
2024-07-11 20:06,2024-07-11 21:23,Business,Nagpur,Kalyan,45.5,Site Inspection
2024-12-18 06:45,2024-12-18 08:33,Personal,Dhanbad,Ludhiana,63.5,Errand/Supplies
2024-10-09 06:03,2024-10-09 08:01,Business,Patna,Bhubaneswar,66.1,Field Work
2024-07-24 23:28,2024-07-25 01:03,Business,Ranchi,Vadodara,55.6,Delivery Task
2024-12-31 22:52,2025-01-01 00:59,Business,Madurai,Jabalpur,75.0,Delivery Task
2024-11-02 19:16,2024-11-02 20:28,Business,Thrissur,Patna,40.9,Customer Visit
2024-02-03 00:34,2024-02-03 02:28,Business,Ghaziabad,Ahmedabad,64.2,Errand/Supplies
2024-02-14 01:54,2024-02-14 03:02,Business,Patna,Vijayawada,41.3,Meal/Entertain
2024-11-28 11:44,2024-11-28 13:36,Business,Delhi,Kalyan,71.6,Field Work
2024-08-06 05:58,2024-08-06 07:48,Business,Faridabad,Guwahati,65.1,Field Work
2024-06-28 23:10,2024-06-29 00:44,Business,Delhi,Vadodara,59.0,Client Pickup
2024-12-26 09:08,2024-12-26 11:11,Business,Agra,Pune,72.4,Client Meeting
2024-02-18 04:49,2024-02-18 06:55,Business,Raipur,Patiala,75.1,Meeting
2024-04-20 17:10,2024-04-20 18:48,Personal,Thane,Coimbatore,54.2,Meal/Entertain
2024-02-02 20:00,2024-02-02 21:28,Business,Kanpur,Mumbai,45.5,Airport Pickup
2024-06-17 23:38,2024-06-18 01:08,Personal,Thrissur,Pune,54.1,Field Work
2024-01-05 15:40,2024-01-05 16:48,Business,Kota,Hyderabad,40.3,Meeting
2024-12-27 12:04,2024-12-27 14:10,Business,Kalyan,Visakhapatnam,79.8,Office Commute
2024-08-13 05:36,2024-08-13 07:08,Business,Noida,Kochi,52.2,Meal/Entertain
2024-05-01 13:47,2024-05-01 15:06,Business,Pune,Solapur,47.4,Customer Visit
2024-11-15 17:49,2024-11-15 19:32,Business,Thiruvananthapuram,Kalyan,62.0,Site Inspection
2024-07-07 21:42,2024-07-07 23:19,Business,Kanpur,Guwahati,60.6,Client Meeting
2024-06-21 19:17,2024-06-21 19:31,Business,Patna,Patna,6.1,Client Meeting
2024-09-22 06:50,2024-09-22 08:10,Business,Kolkata,Meerut,44.1,Meal/Entertain
2024-01-30 02:02,2024-01-30 03:38,Business,Navi Mumbai,Noida,56.2,Team Outing
2024-12-31 00:35,2024-12-31 02:49,Business,Allahabad,Tiruchirappalli,80.0,Customer Visit
2024-04-22 00:15,2024-04-22 02:20,Business,Meerut,Gwalior,76.8,Errand/Supplies
2024-11-06 20:24,2024-11-06 22:26,Personal,Navi Mumbai,Raipur,73.9,Conference Visit
2024-12-10 11:25,2024-12-10 12:45,Business,Hubli,Raipur,46.0,Office Commute
2024-11-10 10:44,2024-11-10 12:44,Business,Navi Mumbai,Dewas,67.0,Customer Visit
2024-08-10 20:00,2024-08-10 21:47,Business,Raipur,Indore,66.3,Meeting
2024-09-04 11:15,2024-09-04 12:56,Business,Patiala,Dewas,55.1,Meal/Entertain
2024-07-20 00:52,2024-07-20 02:05,Personal,Raipur,Kota,43.3,Customer Visit
2024-07-22 18:25,2024-07-22 19:47,Business,Varanasi,Rajkot,42.6,Client Meeting
2024-04-17 19:22,2024-04-17 21:16,Business,Allahabad,Patna,71.6,Temporary Site
2024-08-12 00:42,2024-08-12 02:19,Business,Visakhapatnam,Rajkot,59.5,Customer Visit
2024-06-04 20:39,2024-06-04 22:10,Personal,Bhopal,Kalyan,52.0,Conference Visit
2024-02-10 00:41,2024-02-10 01:57,Business,Ghaziabad,Jaipur,43.3,Delivery Task
2024-04-27 20:11,2024-04-27 21:42,Business,Amritsar,Solapur,54.5,Weekend Trip
2024-03-23 16:14,2024-03-23 18:24,Business,Rajkot,Srinagar,76.7,Client Pickup
2024-09-16 20:30,2024-09-16 22:50,Business,Raipur,Coimbatore,80.0,Office Commute
2024-07-11 11:06,2024-07-11 13:23,Business,Gwalior,Meerut,78.9,Meal/Entertain
2024-02-16 23:47,2024-02-17 01:29,Business,Agra,Amritsar,62.4,Office Commute
2024-03-01 21:42,2024-03-01 23:44,Personal,Hyderabad,Faridabad,77.3,Errand/Supplies
2024-01-12 23:01,2024-01-13 00:44,Business,Solapur,Noida,62.2,Field Work
2024-08-15 09:46,2024-08-15 11:26,Business,Solapur,Chennai,62.9,Team Outing
2024-01-08 14:01,2024-01-08 15:34,Personal,Nashik,Kalyan,56.5,Customer Visit
2024-03-19 22:35,2024-03-20 00:29,Business,Madurai,Kanpur,68.8,Meal/Entertain
2024-01-25 12:51,2024-01-25 14:30,Business,Thrissur,Mumbai,54.4,Errand/Supplies
2024-02-21 21:12,2024-02-21 23:00,Business,Howrah,Jodhpur,66.7,Airport Drop
2024-01-04 17:43,2024-01-04 19:32,Business,Srinagar,Raipur,69.8,Errand/Supplies
2024-10-28 15:28,2024-10-28 17:03,Personal,Kochi,Allahabad,59.5,Meeting
2024-12-22 22:09,2024-12-23 00:10,Business,Ludhiana,Navi Mumbai,69.3,Errand/Supplies
2024-01-15 04:59,2024-01-15 06:32,Personal,Solapur,Thane,49.0,Airport Pickup
2024-08-09 14:44,2024-08-09 16:38,Business,Thane,Thrissur,68.3,Team Outing
2024-09-27 00:08,2024-09-27 01:35,Business,Guwahati,Lucknow,46.2,Airport Pickup
2024-06-07 23:34,2024-06-08 01:10,Business,Lonavala,Rajkot,57.6,Meeting
2024-11-06 02:01,2024-11-06 04:06,Business,Nashik,Kalyan,74.1,Client Pickup
2024-05-02 23:30,2024-05-03 01:09,Business,Patna,Vadodara,53.6,Customer Visit
2024-04-17 06:09,2024-04-17 07:37,Personal,Bhubaneswar,Kanpur,54.4,Office Commute
2024-06-22 11:59,2024-06-22 13:42,Business,Srinagar,Nagpur,60.1,Office Commute
2024-12-23 01:46,2024-12-23 02:52,Business,Lonavala,Kota,40.1,Client Meeting
2024-02-27 22:19,2024-02-27 23:32,Business,Delhi,Howrah,45.3,Client Pickup
2024-03-28 16:18,2024-03-28 17:47,Business,Coimbatore,Kanpur,55.9,Site Inspection
2024-12-17 02:09,2024-12-17 03:45,Personal,Dewas,Bhubaneswar,55.6,Meeting
2024-06-21 03:52,2024-06-21 05:26,Personal,Indore,Chennai,54.8,Client Pickup
2024-01-13 19:39,2024-01-13 21:40,Business,Faridabad,Agra,68.6,Field Work
2024-01-16 05:34,2024-01-16 07:37,Business,Solapur,Srinagar,71.0,Customer Visit
2024-02-26 22:45,2024-02-27 00:24,Business,Dhanbad,Hyderabad,60.6,Errand/Supplies
2024-02-17 10:43,2024-02-17 12:20,Personal,Guwahati,Kolkata,59.1,Site Inspection
2024-09-02 18:50,2024-09-02 20:23,Personal,Hyderabad,Raipur,59.3,Errand/Supplies
2024-12-07 15:46,2024-12-07 17:47,Business,Amritsar,Rajkot,73.6,Meeting
2024-12-27 10:47,2024-12-27 12:22,Business,Jodhpur,Rajkot,56.3,Airport Pickup
2024-04-10 03:32,2024-04-10 04:54,Business,Delhi,Bhubaneswar,49.2,Customer Visit
2024-03-02 21:09,2024-03-02 23:02,Personal,Chandigarh,Madurai,67.9,Conference Visit
2024-07-12 03:06,2024-07-12 05:04,Business,Kolkata,Bhubaneswar,72.5,Client Meeting
2024-01-14 17:26,2024-01-14 18:50,Business,Coimbatore,Hyderabad,48.3,Meal/Entertain
2024-10-11 19:18,2024-10-11 21:13,Business,Thane,Dhanbad,73.0,Office Commute
2024-09-11 08:51,2024-09-11 10:20,Business,Agra,Madurai,52.5,Customer Visit
2024-06-22 02:53,2024-06-22 04:10,Business,Ghaziabad,Visakhapatnam,48.2,Conference Visit
2024-03-17 08:56,2024-03-17 10:57,Personal,Guwahati,Delhi,75.5,Conference Visit
2024-03-22 18:23,2024-03-22 19:07,Business,Navi Mumbai,Navi Mumbai,21.2,Errand/Supplies
2024-02-19 15:57,2024-02-19 18:11,Business,Jabalpur,Jodhpur,78.7,Meal/Entertain
2024-01-05 21:49,2024-01-05 23:39,Business,Noida,Lonavala,65.0,Client Pickup
2024-11-07 01:21,2024-11-07 03:12,Business,Kolkata,Dhanbad,63.7,Delivery Task
2024-06-12 11:41,2024-06-12 13:04,Business,Solapur,Visakhapatnam,44.5,Customer Visit
2024-05-29 23:17,2024-05-30 01:10,Business,Madurai,Ahmedabad,66.1,Customer Visit
2024-10-09 16:34,2024-10-09 18:01,Business,Jabalpur,Tiruchirappalli,52.3,Customer Visit
2024-11-03 09:47,2024-11-03 11:40,Business,Bengaluru,Jabalpur,67.9,Meeting
2024-01-12 16:42,2024-01-12 18:23,Personal,Kolkata,Nashik,57.4,Team Outing
2024-03-17 23:32,2024-03-18 01:39,Business,Dewas,Raipur,73.0,Meeting
2024-10-08 21:12,2024-10-08 21:34,Business,Ludhiana,Ludhiana,9.1,Errand/Supplies
2024-01-15 18:20,2024-01-15 20:20,Business,Ludhiana,Meerut,72.1,Meeting
2024-12-20 20:21,2024-12-20 22:08,Business,Nagpur,Kolkata,64.3,Client Meeting
2024-04-02 10:31,2024-04-02 12:03,Personal,Patna,Dewas,54.9,Meal/Entertain
2024-11-16 02:47,2024-11-16 04:50,Business,Bengaluru,Nagpur,70.3,Meal/Entertain
2024-09-23 00:10,2024-09-23 01:19,Business,Indore,Thane,43.2,Airport Pickup
2024-07-22 12:06,2024-07-22 14:07,Business,Bhubaneswar,Hyderabad,69.5,Airport Drop
2024-06-26 18:28,2024-06-26 20:04,Business,Navi Mumbai,Patiala,56.1,Client Meeting
2024-04-25 16:05,2024-04-25 17:28,Personal,Howrah,Lonavala,43.7,Meeting
2024-08-27 02:09,2024-08-27 03:37,Business,Faridabad,Chandigarh,54.3,Site Inspection
2024-07-01 09:56,2024-07-01 11:21,Business,Varanasi,Rajkot,45.9,Airport Pickup
2024-10-21 21:51,2024-10-21 23:29,Business,Chennai,Chandigarh,54.1,Field Work
2024-08-10 10:31,2024-08-10 12:06,Business,Faridabad,Vijayawada,51.8,Team Outing
2024-12-22 02:37,2024-12-22 04:27,Business,Dhanbad,Nagpur,64.6,Airport Pickup
2024-11-01 23:31,2024-11-02 01:05,Business,Agra,Delhi,53.9,Office Commute
2024-05-22 22:01,2024-05-22 23:51,Business,Kalyan,Jabalpur,66.5,Office Commute
2024-11-26 22:49,2024-11-27 00:05,Business,Aurangabad,Kota,46.0,Airport Pickup
2024-06-30 15:40,2024-06-30 17:39,Business,Ahmedabad,Patiala,72.3,Client Pickup
2024-03-06 03:29,2024-03-06 05:25,Business,Jaipur,Patiala,67.3,Client Meeting
2024-10-06 13:10,2024-10-06 14:47,Business,Ranchi,Jaipur,58.4,Temporary Site
2024-06-24 13:06,2024-06-24 15:14,Business,Chennai,Rajkot,76.7,Client Pickup
2024-09-16 05:50,2024-09-16 07:10,Business,Mumbai,Dewas,42.6,Meeting
2024-08-22 06:18,2024-08-22 07:30,Business,Agra,Thane,45.0,Meal/Entertain
2024-10-09 10:31,2024-10-09 11:59,Business,Howrah,Meerut,55.9,Site Inspection
2024-02-29 21:43,2024-02-29 23:52,Business,Ranchi,Kochi,74.4,Customer Visit
2024-10-25 13:40,2024-10-25 14:11,Business,Howrah,Howrah,13.9,Client Pickup
2024-09-01 16:57,2024-09-01 18:46,Business,Patiala,Kota,64.6,Delivery Task
2024-11-01 14:21,2024-11-01 16:13,Business,Bangalore,Kota,71.8,Meeting
2024-04-23 15:33,2024-04-23 17:44,Business,Nagpur,Delhi,76.7,Office Commute
2024-10-18 17:56,2024-10-18 19:33,Personal,Navi Mumbai,Meerut,51.4,Errand/Supplies
2024-08-11 04:06,2024-08-11 05:45,Business,Thiruvananthapuram,Faridabad,56.7,Meeting
2024-03-31 19:15,2024-03-31 20:46,Business,Ghaziabad,Vijayawada,48.5,Delivery Task
2024-11-01 09:35,2024-11-01 11:34,Business,Srinagar,Meerut,69.8,Team Outing
2024-05-08 20:10,2024-05-08 21:28,Business,Bhubaneswar,Lucknow,41.2,Meal/Entertain
2024-03-15 07:48,2024-03-15 09:12,Business,Kanpur,Indore,43.5,Site Inspection
2024-06-20 20:47,2024-06-20 22:38,Business,Madurai,Thane,69.6,Airport Drop
2024-04-01 19:18,2024-04-01 21:09,Business,Mysore,Ludhiana,61.6,Site Inspection
2024-08-23 10:28,2024-08-23 12:06,Personal,Guwahati,Faridabad,54.2,Client Pickup
2024-06-02 10:19,2024-06-02 11:59,Business,Lucknow,Hubli,60.1,Errand/Supplies
2024-08-17 18:58,2024-08-17 20:49,Business,Ranchi,Hubli,62.8,Weekend Trip
2024-03-05 05:38,2024-03-05 07:48,Business,Guwahati,Jodhpur,78.1,Conference Visit
2024-05-19 03:51,2024-05-19 05:56,Business,Visakhapatnam,Dhanbad,75.0,Meeting
2024-02-13 12:49,2024-02-13 14:09,Business,Ludhiana,Jodhpur,47.1,Meal/Entertain
2024-11-15 10:40,2024-11-15 12:15,Personal,Thiruvananthapuram,Bengaluru,55.6,Client Meeting
2024-01-18 11:29,2024-01-18 13:11,Business,Lucknow,Kochi,60.8,Meal/Entertain
2024-05-28 06:16,2024-05-28 08:11,Business,Hyderabad,Vadodara,64.9,Customer Visit
2024-03-23 07:24,2024-03-23 09:32,Business,Agra,Vasai,72.1,Airport Drop
2024-10-12 07:29,2024-10-12 09:04,Business,Jodhpur,Ghaziabad,58.4,Meeting
2024-03-13 08:05,2024-03-13 09:40,Personal,Patiala,Ranchi,57.0,Weekend Trip
2024-04-02 07:53,2024-04-02 10:09,Business,Bhopal,Thane,79.4,Client Meeting
2024-06-07 18:03,2024-06-07 19:43,Business,Pune,Hubli,62.0,Errand/Supplies
2024-11-01 23:05,2024-11-02 00:21,Business,Navi Mumbai,Mumbai,41.8,Conference Visit
2024-03-25 03:33,2024-03-25 05:02,Personal,Bhopal,Hubli,48.9,Delivery Task
2024-09-13 21:41,2024-09-13 23:40,Personal,Bhubaneswar,Tiruchirappalli,68.6,Site Inspection
2024-05-02 14:06,2024-05-02 15:41,Business,Agra,Bengaluru,60.6,Office Commute
2024-11-02 17:38,2024-11-02 19:11,Business,Srinagar,Vadodara,59.3,Meeting
2024-11-28 06:27,2024-11-28 07:45,Business,Bengaluru,Varanasi,42.7,Office Commute
2024-07-29 11:35,2024-07-29 12:47,Business,Thane,Indore,43.8,Client Pickup
2024-12-21 02:10,2024-12-21 03:40,Business,Vijayawada,Jabalpur,55.4,Office Commute
2024-02-15 00:35,2024-02-15 02:32,Business,Nagpur,Gwalior,70.8,Temporary Site
2024-01-15 01:14,2024-01-15 03:13,Personal,Vijayawada,Jodhpur,69.0,Office Commute
2024-10-14 06:27,2024-10-14 08:19,Business,Hyderabad,Bhopal,66.9,Weekend Trip
2024-02-01 15:29,2024-02-01 17:18,Personal,Thrissur,Visakhapatnam,61.3,Weekend Trip
2024-07-27 06:22,2024-07-27 07:55,Business,Surat,Patiala,59.3,Meeting
2024-11-26 09:00,2024-11-26 10:19,Business,Noida,Howrah,45.9,Errand/Supplies
2024-11-25 22:56,2024-11-26 01:08,Personal,Raipur,Chennai,77.9,Site Inspection
2024-08-21 01:55,2024-08-21 03:55,Business,Ahmedabad,Lonavala,68.1,Meal/Entertain
2024-11-11 15:39,2024-11-11 17:01,Business,Bangalore,Chandigarh,48.8,Site Inspection
2024-03-04 09:04,2024-03-04 10:47,Business,Aurangabad,Solapur,63.1,Team Outing
2024-11-09 22:32,2024-11-10 00:36,Personal,Allahabad,Mumbai,74.4,Meal/Entertain
2024-01-29 08:47,2024-01-29 10:59,Business,Allahabad,Patiala,74.9,Errand/Supplies
2024-03-01 00:02,2024-03-01 01:42,Business,Lonavala,Jabalpur,54.0,Weekend Trip
2024-03-11 09:57,2024-03-11 12:10,Business,Ghaziabad,Madurai,76.7,Conference Visit
2024-03-30 03:35,2024-03-30 04:42,Business,Surat,Ranchi,41.3,Meeting
2024-01-29 12:26,2024-01-29 14:06,Business,Jaipur,Mysore,54.8,Airport Drop
2024-02-15 18:43,2024-02-15 20:11,Business,Hubli,Lonavala,46.7,Errand/Supplies
2024-12-15 05:18,2024-12-15 06:58,Business,Amritsar,Thrissur,61.7,Client Meeting
2024-09-07 12:29,2024-09-07 14:21,Business,Patiala,Rajkot,66.7,Conference Visit
2024-03-27 01:56,2024-03-27 03:43,Business,Vadodara,Patna,64.3,Site Inspection
2024-10-16 12:56,2024-10-16 14:50,Business,Amritsar,Coimbatore,63.3,Airport Pickup
2024-11-02 00:58,2024-11-02 02:10,Business,Mysore,Rajkot,42.4,Office Commute
2024-05-12 08:53,2024-05-12 10:59,Business,Dhanbad,Bhopal,72.6,Meal/Entertain
2024-11-24 16:04,2024-11-24 17:54,Business,Meerut,Patiala,68.0,Weekend Trip
2024-09-02 22:27,2024-09-03 00:17,Business,Tiruchirappalli,Ahmedabad,68.2,Meal/Entertain
2024-04-21 22:17,2024-04-22 00:05,Business,Mumbai,Solapur,61.9,Office Commute
2024-10-20 00:46,2024-10-20 01:55,Business,Ahmedabad,Indore,42.6,Errand/Supplies
2024-02-17 13:18,2024-02-17 14:35,Business,Thrissur,Dewas,40.2,Meeting
2024-12-11 14:59,2024-12-11 17:00,Business,Surat,Guwahati,77.7,Client Meeting
2024-11-22 03:49,2024-11-22 04:26,Business,Ghaziabad,Ghaziabad,21.1,Client Pickup
2024-07-13 00:15,2024-07-13 02:04,Business,Varanasi,Madurai,67.7,Site Inspection
2024-04-01 16:28,2024-04-01 18:14,Business,Ghaziabad,Allahabad,62.1,Customer Visit
2024-12-05 22:12,2024-12-05 23:44,Personal,Kanpur,Mumbai,51.2,Conference Visit
2024-11-11 04:14,2024-11-11 06:04,Business,Ahmedabad,Thiruvananthapuram,63.6,Meeting
2024-11-17 10:41,2024-11-17 11:52,Business,Thrissur,Vijayawada,41.4,Meeting
2024-08-18 17:36,2024-08-18 19:11,Business,Pune,Kolkata,55.9,Meeting
2024-05-15 07:12,2024-05-15 09:12,Business,Patna,Nashik,76.6,Conference Visit
2024-01-31 08:38,2024-01-31 10:50,Business,Lonavala,Ghaziabad,79.3,Conference Visit
2024-08-28 21:35,2024-08-28 22:51,Business,Chandigarh,Patiala,40.6,Errand/Supplies
2024-12-18 12:23,2024-12-18 14:20,Business,Kolkata,Visakhapatnam,66.0,Conference Visit
2024-08-31 13:00,2024-08-31 14:54,Business,Coimbatore,Hubli,67.0,Errand/Supplies
2024-12-07 00:49,2024-12-07 02:41,Business,Kolkata,Jodhpur,64.2,Weekend Trip
2024-04-20 22:50,2024-04-21 01:06,Business,Delhi,Allahabad,77.5,Meal/Entertain
2024-07-01 07:14,2024-07-01 08:52,Business,Bhubaneswar,Ludhiana,56.0,Office Commute
2024-08-14 04:49,2024-08-14 06:25,Business,Patna,Raipur,60.8,Delivery Task
2024-08-24 09:57,2024-08-24 11:39,Business,Bhubaneswar,Surat,55.5,Client Meeting
2024-02-23 05:54,2024-02-23 07:34,Business,Jaipur,Bangalore,55.6,Site Inspection
2024-07-21 18:15,2024-07-21 19:42,Business,Kanpur,Agra,52.3,Client Meeting
2024-08-18 21:06,2024-08-18 23:16,Personal,Guwahati,Thane,75.0,Meal/Entertain
2024-10-16 17:19,2024-10-16 19:29,Business,Kota,Noida,73.6,Errand/Supplies
2024-12-14 07:12,2024-12-14 08:37,Business,Thiruvananthapuram,Patna,46.3,Delivery Task
2024-02-03 16:26,2024-02-03 17:42,Business,Thiruvananthapuram,Visakhapatnam,45.3,Team Outing
2024-05-12 02:55,2024-05-12 05:01,Business,Hubli,Chandigarh,78.4,Client Meeting
2024-01-01 06:24,2024-01-01 08:28,Business,Hyderabad,Thiruvananthapuram,73.2,Customer Visit
2024-08-21 02:18,2024-08-21 04:12,Business,Ranchi,Thrissur,64.8,Meal/Entertain
2024-11-25 19:20,2024-11-25 20:32,Business,Varanasi,Aurangabad,44.3,Airport Drop
2024-12-18 16:58,2024-12-18 18:47,Business,Hyderabad,Srinagar,65.0,Meeting
2024-02-16 05:24,2024-02-16 06:48,Business,Hyderabad,Delhi,47.5,Conference Visit
2024-11-18 01:49,2024-11-18 03:20,Business,Jabalpur,Vijayawada,53.2,Meeting
2024-10-08 19:05,2024-10-08 20:22,Business,Gwalior,Patiala,46.0,Meeting
2024-12-07 01:14,2024-12-07 02:35,Personal,Agra,Nagpur,45.9,Weekend Trip
2024-02-12 07:58,2024-02-12 09:24,Business,Vijayawada,Ghaziabad,49.0,Field Work
2024-11-30 19:32,2024-11-30 20:41,Personal,Vijayawada,Pune,43.0,Client Meeting
2024-07-17 20:07,2024-07-17 22:06,Business,Thane,Vasai,71.6,Customer Visit
2024-09-21 10:34,2024-09-21 12:44,Business,Ghaziabad,Pune,74.3,Customer Visit
2024-02-28 16:38,2024-02-28 18:37,Business,Varanasi,Thrissur,70.5,Meal/Entertain
2024-06-14 20:42,2024-06-14 22:46,Business,Allahabad,Solapur,77.1,Office Commute
2024-08-07 18:05,2024-08-07 19:49,Business,Dhanbad,Bangalore,64.9,Client Pickup
2024-11-08 05:59,2024-11-08 08:13,Personal,Lucknow,Bengaluru,78.4,Conference Visit
2024-05-13 12:28,2024-05-13 14:45,Business,Chandigarh,Vadodara,78.9,Client Pickup
2024-11-10 20:54,2024-11-10 22:53,Business,Ludhiana,Srinagar,72.2,Meal/Entertain
2024-04-19 14:40,2024-04-19 16:24,Personal,Patna,Hyderabad,58.9,Errand/Supplies
2024-04-26 16:56,2024-04-26 18:51,Business,Vadodara,Bhubaneswar,70.7,Conference Visit
2024-08-31 07:05,2024-08-31 08:43,Business,Delhi,Ranchi,59.8,Customer Visit
2024-09-05 07:35,2024-09-05 09:01,Business,Hubli,Howrah,47.4,Meal/Entertain
2024-07-23 10:16,2024-07-23 12:20,Business,Delhi,Hubli,76.0,Meeting
2024-04-07 18:37,2024-04-07 20:51,Business,Meerut,Ahmedabad,79.4,Client Meeting
2024-07-17 08:51,2024-07-17 10:42,Business,Jabalpur,Dhanbad,61.1,Team Outing
2024-07-02 14:57,2024-07-02 16:41,Business,Chennai,Agra,57.7,Customer Visit
2024-02-19 21:44,2024-02-19 23:06,Business,Jaipur,Vijayawada,41.8,Site Inspection
2024-06-22 11:58,2024-06-22 13:54,Business,Howrah,Hubli,73.1,Site Inspection
2024-05-01 17:09,2024-05-01 18:57,Business,Rajkot,Patiala,65.0,Airport Drop
2024-12-19 21:59,2024-12-19 23:28,Business,Aurangabad,Patna,48.6,Field Work
2024-10-28 19:25,2024-10-28 20:40,Business,Meerut,Jabalpur,44.1,Customer Visit
2024-07-05 17:03,2024-07-05 18:56,Business,Jodhpur,Bhubaneswar,66.2,Client Pickup
2024-04-12 06:23,2024-04-12 07:50,Business,Raipur,Vasai,50.3,Customer Visit
2024-05-30 13:31,2024-05-30 14:38,Business,Agra,Navi Mumbai,40.6,Office Commute
2024-11-02 04:55,2024-11-02 06:20,Business,Guwahati,Visakhapatnam,45.7,Weekend Trip
2024-04-15 07:57,2024-04-15 09:35,Business,Visakhapatnam,Howrah,58.5,Office Commute
2024-07-04 22:58,2024-07-05 00:42,Business,Dewas,Aurangabad,64.5,Weekend Trip
2024-03-29 04:33,2024-03-29 06:06,Business,Thane,Bhopal,54.5,Errand/Supplies
2024-03-04 22:26,2024-03-05 00:39,Business,Varanasi,Guwahati,77.3,Client Meeting
2024-10-18 06:33,2024-10-18 07:44,Business,Thrissur,Nashik,43.7,Airport Pickup
2024-04-24 08:52,2024-04-24 10:24,Business,Ranchi,Dewas,52.1,Customer Visit
2024-07-29 18:40,2024-07-29 19:25,Business,Nagpur,Nagpur,19.8,Meal/Entertain
2024-10-11 22:13,2024-10-11 23:57,Business,Thiruvananthapuram,Meerut,65.1,Field Work
2024-10-02 22:50,2024-10-03 00:23,Business,Thrissur,Visakhapatnam,56.1,Field Work
2024-08-23 17:41,2024-08-23 19:03,Personal,Bhopal,Jabalpur,46.1,Office Commute
2024-07-18 23:51,2024-07-19 01:55,Business,Dewas,Kolkata,76.7,Office Commute
2024-12-23 05:23,2024-12-23 07:26,Business,Lonavala,Vasai,74.7,Meeting
2024-12-04 05:47,2024-12-04 07:13,Business,Dewas,Bhopal,47.4,Meeting
2024-09-23 07:46,2024-09-23 09:21,Personal,Ghaziabad,Meerut,58.0,Client Meeting
2024-12-16 17:45,2024-12-16 19:40,Business,Howrah,Rajkot,69.5,Customer Visit
2024-07-02 03:37,2024-07-02 05:15,Business,Thane,Jodhpur,52.4,Client Pickup
2024-05-29 12:25,2024-05-29 13:56,Business,Ghaziabad,Agra,48.8,Client Pickup
2024-09-18 01:27,2024-09-18 02:46,Business,Vadodara,Solapur,40.5,Meeting
2024-08-01 10:52,2024-08-01 12:52,Business,Jaipur,Raipur,74.2,Meeting
2024-09-07 12:00,2024-09-07 13:56,Business,Bhopal,Vadodara,71.5,Field Work
2024-11-28 14:12,2024-11-28 15:42,Business,Bhopal,Mysore,48.5,Office Commute
2024-04-11 14:11,2024-04-11 16:03,Business,Vadodara,Madurai,62.2,Airport Drop
2024-08-20 12:15,2024-08-20 14:13,Business,Bhubaneswar,Kanpur,71.6,Client Pickup
2024-11-21 15:38,2024-11-21 17:34,Personal,Delhi,Tiruchirappalli,65.8,Meal/Entertain
2024-06-05 05:40,2024-06-05 06:59,Business,Mumbai,Chennai,41.5,Meeting
2024-03-11 13:36,2024-03-11 15:00,Business,Patiala,Jodhpur,49.3,Meeting
2024-05-12 01:30,2024-05-12 02:55,Business,Ghaziabad,Noida,48.2,Meal/Entertain
2024-07-21 06:43,2024-07-21 08:02,Business,Mysore,Varanasi,43.7,Office Commute
2024-04-11 12:18,2024-04-11 13:33,Business,Vadodara,Thane,43.9,Site Inspection
2024-06-30 15:07,2024-06-30 16:59,Personal,Bhopal,Ahmedabad,70.0,Temporary Site
2024-10-02 20:40,2024-10-02 22:10,Business,Kota,Solapur,52.3,Errand/Supplies
2024-02-06 20:02,2024-02-06 22:06,Personal,Surat,Jaipur,78.0,Client Pickup
2024-12-25 12:18,2024-12-25 14:08,Business,Pune,Kalyan,63.2,Meal/Entertain
2024-05-24 13:49,2024-05-24 15:39,Business,Ranchi,Thiruvananthapuram,65.0,Errand/Supplies
2024-10-20 02:21,2024-10-20 04:02,Personal,Chennai,Aurangabad,60.0,Team Outing
2024-03-16 02:49,2024-03-16 04:57,Business,Vijayawada,Bengaluru,74.1,Office Commute
2024-06-28 02:50,2024-06-28 04:37,Business,Hyderabad,Mumbai,59.6,Office Commute
2024-03-22 09:36,2024-03-22 11:13,Personal,Ludhiana,Lonavala,54.6,Airport Drop
2024-10-28 04:43,2024-10-28 06:09,Business,Surat,Meerut,48.3,Errand/Supplies
2024-08-15 02:57,2024-08-15 04:48,Personal,Bangalore,Lonavala,63.8,Site Inspection
2024-07-31 17:10,2024-07-31 18:57,Business,Dhanbad,Srinagar,62.2,Errand/Supplies
2024-03-15 13:27,2024-03-15 15:29,Business,Coimbatore,Kanpur,74.2,Field Work
2024-05-21 02:22,2024-05-21 03:51,Business,Nagpur,Thane,56.2,Temporary Site
2024-02-11 06:26,2024-02-11 07:54,Business,Allahabad,Bengaluru,49.0,Conference Visit
2024-03-12 05:40,2024-03-12 07:09,Business,Howrah,Ludhiana,52.3,Meal/Entertain
2024-01-29 23:11,2024-01-30 00:33,Business,Kalyan,Ghaziabad,46.3,Site Inspection
2024-02-07 18:25,2024-02-07 20:39,Business,Mysore,Nagpur,78.0,Team Outing
2024-06-27 18:01,2024-06-27 19:21,Business,Srinagar,Thiruvananthapuram,50.0,Meeting
2024-08-22 02:22,2024-08-22 04:17,Personal,Howrah,Thrissur,72.0,Office Commute
2024-12-24 02:56,2024-12-24 04:32,Business,Hyderabad,Vasai,61.2,Site Inspection
2024-06-28 08:11,2024-06-28 09:57,Business,Jaipur,Kolkata,62.9,Meal/Entertain
2024-09-19 08:54,2024-09-19 10:13,Business,Jaipur,Kochi,41.5,Client Meeting
2024-06-26 21:30,2024-06-26 23:25,Business,Bhopal,Allahabad,70.5,Office Commute
2024-05-21 07:10,2024-05-21 08:37,Business,Kanpur,Howrah,46.9,Meeting
2024-04-13 16:13,2024-04-13 16:41,Business,Mumbai,Mumbai,8.2,Customer Visit
2024-09-07 17:28,2024-09-07 19:34,Personal,Nashik,Kota,73.8,Client Meeting
2024-03-01 22:56,2024-03-02 00:53,Business,Jabalpur,Vijayawada,64.7,Office Commute
2024-04-29 17:08,2024-04-29 18:56,Business,Kolkata,Agra,67.3,Airport Pickup
2024-11-09 22:35,2024-11-09 23:57,Business,Thrissur,Kolkata,48.2,Meeting
2024-08-15 16:08,2024-08-15 17:26,Business,Rajkot,Thrissur,40.2,Team Outing
2024-07-27 04:15,2024-07-27 06:06,Personal,Lucknow,Hyderabad,62.1,Meeting
2024-03-18 20:29,2024-03-18 22:21,Personal,Solapur,Aurangabad,64.2,Errand/Supplies
2024-11-18 07:43,2024-11-18 09:25,Business,Lucknow,Jaipur,59.2,Client Meeting
2024-11-28 04:50,2024-11-28 07:02,Personal,Thrissur,Dewas,76.6,Client Pickup
2024-05-28 14:49,2024-05-28 15:09,Business,Guwahati,Guwahati,6.0,Client Meeting
2024-06-13 18:44,2024-06-13 20:29,Business,Chandigarh,Lonavala,59.7,Weekend Trip
2024-10-12 13:58,2024-10-12 16:00,Business,Nagpur,Jodhpur,71.9,Field Work
2024-08-28 09:41,2024-08-28 11:17,Personal,Ludhiana,Kochi,55.5,Meal/Entertain
2024-10-16 04:00,2024-10-16 06:05,Personal,Thiruvananthapuram,Mysore,78.9,Office Commute
2024-04-02 16:02,2024-04-02 16:46,Business,Indore,Indore,21.2,Client Pickup
2024-09-08 13:41,2024-09-08 15:38,Business,Tiruchirappalli,Kochi,74.5,Office Commute
2024-05-21 13:48,2024-05-21 15:01,Personal,Raipur,Navi Mumbai,40.9,Errand/Supplies
2024-08-05 03:43,2024-08-05 05:34,Business,Kochi,Lonavala,65.9,Field Work
2024-05-02 06:20,2024-05-02 08:08,Business,Patna,Thrissur,64.4,Customer Visit
2024-04-02 01:13,2024-04-02 03:24,Business,Noida,Nashik,75.1,Airport Drop
2024-12-31 18:40,2024-12-31 20:19,Business,Thane,Thiruvananthapuram,62.2,Client Meeting
2024-07-25 15:29,2024-07-25 17:02,Business,Srinagar,Kota,55.0,Client Meeting
2024-08-13 09:12,2024-08-13 11:18,Business,Delhi,Rajkot,77.0,Customer Visit
2024-08-21 08:11,2024-08-21 09:42,Business,Coimbatore,Rajkot,49.9,Delivery Task
2024-04-17 10:59,2024-04-17 12:45,Business,Howrah,Ranchi,67.9,Meeting
2024-11-07 19:51,2024-11-07 21:07,Business,Kota,Dhanbad,42.2,Customer Visit
2024-10-01 09:16,2024-10-01 11:17,Business,Bangalore,Indore,72.4,Site Inspection
2024-10-13 15:32,2024-10-13 16:43,Business,Thrissur,Ahmedabad,41.8,Conference Visit
2024-06-24 12:31,2024-06-24 14:41,Business,Kalyan,Jabalpur,74.8,Customer Visit
2024-06-30 11:21,2024-06-30 13:29,Business,Dewas,Delhi,77.0,Errand/Supplies
2024-11-02 07:03,2024-11-02 09:18,Personal,Noida,Kanpur,79.3,Meeting
2024-11-26 09:42,2024-11-26 11:05,Business,Vadodara,Kanpur,49.9,Team Outing
2024-08-28 12:35,2024-08-28 14:42,Business,Vasai,Lonavala,71.4,Customer Visit
2024-01-21 20:23,2024-01-21 21:45,Business,Ghaziabad,Bhopal,45.9,Delivery Task
2024-07-08 23:58,2024-07-09 01:26,Personal,Thiruvananthapuram,Varanasi,47.2,Weekend Trip
2024-12-05 08:53,2024-12-05 10:14,Business,Allahabad,Kota,44.4,Airport Pickup
2024-08-17 20:53,2024-08-17 22:43,Business,Bhopal,Jodhpur,60.7,Meeting
2024-03-17 05:45,2024-03-17 07:09,Personal,Kota,Mumbai,48.1,Meal/Entertain
2024-06-22 16:05,2024-06-22 18:14,Business,Vadodara,Thrissur,75.6,Errand/Supplies
2024-03-22 16:49,2024-03-22 18:35,Business,Guwahati,Raipur,61.1,Delivery Task
2024-10-25 11:15,2024-10-25 13:05,Business,Ahmedabad,Thane,66.7,Errand/Supplies
2024-10-09 00:40,2024-10-09 02:25,Business,Kalyan,Allahabad,58.7,Field Work
2024-07-01 16:52,2024-07-01 18:23,Personal,Vadodara,Ludhiana,57.3,Customer Visit
2024-07-29 09:29,2024-07-29 11:31,Personal,Kota,Bangalore,76.6,Delivery Task
2024-06-04 00:07,2024-06-04 02:07,Business,Chennai,Nagpur,75.3,Meeting
2024-07-10 01:37,2024-07-10 03:03,Business,Vadodara,Dewas,45.1,Delivery Task
2024-04-25 13:47,2024-04-25 15:30,Business,Ghaziabad,Jabalpur,63.5,Office Commute
2024-04-06 11:49,2024-04-06 14:03,Business,Pune,Ranchi,76.4,Weekend Trip
2024-12-21 23:57,2024-12-22 01:02,Business,Kalyan,Visakhapatnam,40.4,Weekend Trip
2024-11-07 17:11,2024-11-07 18:30,Personal,Lonavala,Mysore,41.8,Meeting
2024-11-13 22:33,2024-11-14 00:44,Business,Tiruchirappalli,Noida,75.5,Meeting
2024-07-23 22:36,2024-07-24 00:44,Personal,Guwahati,Allahabad,78.6,Office Commute
2024-07-25 04:25,2024-07-25 05:56,Business,Solapur,Madurai,52.1,Meeting
2024-07-19 23:51,2024-07-20 01:20,Business,Lucknow,Delhi,49.1,Field Work
2024-09-13 07:01,2024-09-13 09:06,Business,Kolkata,Dewas,74.6,Team Outing
2024-03-12 17:33,2024-03-12 18:46,Business,Pune,Patna,45.2,Meeting
2024-08-03 04:24,2024-08-03 06:28,Personal,Nashik,Agra,74.7,Meeting
2024-04-09 13:09,2024-04-09 15:09,Personal,Surat,Patiala,72.1,Customer Visit
2024-05-06 11:01,2024-05-06 12:58,Business,Ranchi,Bangalore,69.8,Delivery Task
2024-09-12 22:13,2024-09-13 00:01,Personal,Ghaziabad,Guwahati,62.0,Field Work
2024-03-13 07:25,2024-03-13 08:43,Business,Ranchi,Mysore,48.0,Meal/Entertain
2024-11-24 01:33,2024-11-24 03:14,Business,Kolkata,Navi Mumbai,57.4,Site Inspection
2024-02-18 05:36,2024-02-18 07:38,Business,Chandigarh,Kanpur,71.2,Meal/Entertain
2024-12-15 02:39,2024-12-15 04:27,Personal,Chennai,Dewas,66.0,Site Inspection
2024-03-17 01:18,2024-03-17 01:49,Personal,Nagpur,Nagpur,13.0,Airport Drop
2024-04-05 11:50,2024-04-05 13:15,Business,Ahmedabad,Nagpur,46.6,Airport Pickup
2024-04-05 01:56,2024-04-05 03:59,Business,Tiruchirappalli,Jodhpur,78.8,Team Outing
2024-05-17 04:14,2024-05-17 05:34,Personal,Kochi,Nagpur,44.7,Site Inspection
2024-09-22 02:27,2024-09-22 04:34,Business,Thane,Surat,72.2,Meeting
2024-12-02 11:15,2024-12-02 12:38,Business,Dewas,Visakhapatnam,44.7,Meal/Entertain
2024-01-02 16:49,2024-01-02 18:49,Business,Dewas,Bangalore,76.9,Errand/Supplies
2024-07-25 11:48,2024-07-25 13:36,Business,Gwalior,Bhubaneswar,66.6,Customer Visit
2024-05-29 07:53,2024-05-29 09:43,Business,Pune,Allahabad,67.7,Meeting
2024-08-08 01:14,2024-08-08 03:07,Business,Thane,Vijayawada,67.7,Site Inspection
2024-07-25 02:21,2024-07-25 03:55,Business,Vijayawada,Amritsar,53.9,Office Commute
2024-06-21 05:23,2024-06-21 07:13,Business,Raipur,Kochi,60.6,Client Meeting
2024-07-23 01:24,2024-07-23 03:08,Business,Nagpur,Kochi,63.5,Site Inspection
2024-05-07 03:45,2024-05-07 05:35,Personal,Guwahati,Thrissur,65.5,Client Meeting
2024-07-27 01:52,2024-07-27 03:53,Business,Ludhiana,Thrissur,74.3,Site Inspection
2024-07-19 02:11,2024-07-19 03:31,Business,Lonavala,Chandigarh,47.5,Client Pickup
2024-05-17 21:10,2024-05-17 22:25,Personal,Kanpur,Visakhapatnam,45.3,Office Commute
2024-09-08 02:00,2024-09-08 03:40,Personal,Lucknow,Hyderabad,54.5,Office Commute
2024-09-13 20:32,2024-09-13 22:25,Personal,Patna,Kalyan,71.3,Client Pickup
2024-01-21 19:56,2024-01-21 21:06,Business,Hyderabad,Vasai,41.6,Client Pickup
2024-08-29 00:11,2024-08-29 02:17,Business,Mumbai,Kanpur,74.1,Meeting
2024-05-30 13:26,2024-05-30 15:04,Personal,Tiruchirappalli,Howrah,60.1,Errand/Supplies
2024-10-23 00:17,2024-10-23 02:20,Business,Patna,Thane,73.0,Customer Visit
2024-12-09 14:42,2024-12-09 16:41,Business,Lucknow,Meerut,69.6,Airport Pickup
2024-04-09 03:38,2024-04-09 05:00,Business,Ranchi,Ahmedabad,45.4,Client Pickup
2024-05-09 02:31,2024-05-09 03:50,Business,Kalyan,Raipur,49.5,Client Pickup
2024-05-20 05:48,2024-05-20 07:39,Personal,Kochi,Visakhapatnam,63.8,Site Inspection
2024-12-28 18:57,2024-12-28 20:56,Business,Surat,Indore,72.0,Team Outing
2024-11-29 12:37,2024-11-29 14:13,Business,Jabalpur,Vadodara,60.4,Airport Drop
2024-06-22 10:57,2024-06-22 12:55,Personal,Lucknow,Solapur,66.6,Site Inspection
2024-06-24 13:11,2024-06-24 15:17,Personal,Srinagar,Hyderabad,70.7,Site Inspection
2024-03-10 20:58,2024-03-10 22:48,Personal,Visakhapatnam,Lonavala,63.0,Field Work
2024-07-18 17:45,2024-07-18 19:11,Business,Gwalior,Varanasi,45.0,Meal/Entertain
2024-11-11 02:59,2024-11-11 04:46,Business,Chandigarh,Tiruchirappalli,63.5,Delivery Task
2024-07-10 15:22,2024-07-10 16:30,Business,Kota,Nagpur,41.5,Meeting
2024-08-20 22:57,2024-08-21 01:04,Business,Raipur,Gwalior,75.7,Field Work
2024-06-10 13:54,2024-06-10 15:54,Business,Meerut,Thrissur,67.5,Temporary Site
2024-02-10 23:32,2024-02-11 01:40,Business,Vasai,Ghaziabad,73.8,Customer Visit
2024-11-02 01:33,2024-11-02 03:24,Business,Kanpur,Bhubaneswar,62.5,Meeting
2024-05-21 08:51,2024-05-21 10:12,Personal,Patiala,Tiruchirappalli,46.2,Airport Pickup
2024-08-30 08:42,2024-08-30 10:13,Business,Hyderabad,Vasai,57.9,Meeting
2024-10-28 07:03,2024-10-28 08:21,Business,Jaipur,Howrah,46.2,Office Commute
2024-03-17 15:22,2024-03-17 16:52,Business,Lonavala,Chandigarh,55.9,Customer Visit
2024-08-31 17:47,2024-08-31 19:04,Business,Gwalior,Thiruvananthapuram,44.5,Conference Visit
2024-11-14 02:47,2024-11-14 04:48,Business,Guwahati,Bengaluru,77.2,Site Inspection
2024-08-03 19:21,2024-08-03 20:54,Business,Amritsar,Hyderabad,54.6,Weekend Trip
2024-05-10 13:43,2024-05-10 15:36,Personal,Surat,Gwalior,64.9,Meal/Entertain
2024-06-13 15:37,2024-06-13 17:45,Business,Visakhapatnam,Kanpur,78.3,Airport Drop
2024-07-06 19:59,2024-07-06 22:12,Business,Dewas,Jabalpur,77.1,Office Commute
2024-04-27 02:23,2024-04-27 04:15,Business,Kalyan,Lucknow,70.3,Airport Drop
2024-04-24 01:30,2024-04-24 03:24,Business,Ahmedabad,Lucknow,68.7,Airport Drop
2024-09-21 06:39,2024-09-21 08:53,Personal,Bangalore,Kota,76.4,Meal/Entertain
2024-10-05 22:05,2024-10-05 23:29,Business,Meerut,Hubli,43.7,Meeting
2024-12-10 12:59,2024-12-10 14:38,Business,Mysore,Dhanbad,62.2,Airport Drop
2024-01-27 15:05,2024-01-27 16:37,Business,Srinagar,Nashik,49.7,Meeting
2024-07-20 00:52,2024-07-20 03:05,Business,Allahabad,Ludhiana,78.5,Client Pickup
2024-08-02 07:46,2024-08-02 09:44,Business,Noida,Patna,71.6,Meal/Entertain
2024-03-20 11:05,2024-03-20 12:37,Business,Nagpur,Bangalore,54.8,Meal/Entertain
2024-08-25 07:45,2024-08-25 08:58,Business,Allahabad,Chennai,41.9,Office Commute
2024-12-31 05:27,2024-12-31 06:13,Business,Patna,Patna,19.2,Airport Pickup
2024-01-01 22:43,2024-01-02 00:06,Personal,Faridabad,Lonavala,47.4,Meeting
2024-09-11 07:57,2024-09-11 09:35,Personal,Madurai,Meerut,60.8,Meeting
2024-04-20 00:47,2024-04-20 02:37,Personal,Meerut,Madurai,61.1,Errand/Supplies
2024-06-24 20:27,2024-06-24 22:09,Business,Ludhiana,Bengaluru,56.5,Meeting
2024-11-23 12:20,2024-11-23 13:45,Business,Jodhpur,Faridabad,50.9,Delivery Task
2024-09-28 14:30,2024-09-28 15:55,Personal,Ranchi,Agra,52.0,Client Pickup
2024-06-17 22:09,2024-06-18 00:08,Business,Coimbatore,Gwalior,70.6,Conference Visit
2024-04-29 05:01,2024-04-29 07:02,Business,Kota,Guwahati,72.6,Meeting
2024-03-16 09:22,2024-03-16 11:10,Business,Tiruchirappalli,Ahmedabad,65.9,Customer Visit
2024-04-03 01:24,2024-04-03 03:09,Business,Solapur,Lonavala,57.4,Meeting
2024-09-22 06:56,2024-09-22 08:47,Business,Nagpur,Surat,60.7,Meal/Entertain
2024-08-07 23:57,2024-08-08 01:23,Personal,Kochi,Thiruvananthapuram,50.9,Meal/Entertain
2024-04-28 19:42,2024-04-28 21:34,Business,Howrah,Jaipur,66.6,Client Pickup
2024-08-08 23:48,2024-08-09 02:01,Business,Jaipur,Thiruvananthapuram,79.3,Meeting
2024-06-18 18:38,2024-06-18 20:14,Business,Faridabad,Bangalore,53.2,Meeting
2024-01-04 23:24,2024-01-05 01:09,Business,Howrah,Noida,64.6,Meal/Entertain
2024-01-05 07:32,2024-01-05 09:23,Business,Navi Mumbai,Jaipur,63.3,Delivery Task
2024-06-11 10:50,2024-06-11 12:20,Business,Guwahati,Srinagar,55.5,Office Commute
2024-11-22 03:20,2024-11-22 05:01,Business,Vasai,Bhopal,61.5,Client Meeting
2024-10-26 20:35,2024-10-26 21:58,Business,Mumbai,Surat,49.7,Delivery Task
2024-12-16 19:30,2024-12-16 20:44,Business,Guwahati,Jaipur,45.5,Office Commute
2024-08-04 16:54,2024-08-04 18:36,Business,Dhanbad,Kolkata,59.4,Office Commute
2024-07-18 21:10,2024-07-18 22:31,Business,Amritsar,Jaipur,42.6,Meeting
2024-07-21 06:27,2024-07-21 08:34,Business,Lonavala,Vijayawada,75.3,Meal/Entertain
2024-11-01 17:27,2024-11-01 19:37,Business,Lonavala,Lucknow,77.1,Team Outing
2024-12-11 10:29,2024-12-11 12:32,Business,Hubli,Mysore,72.0,Field Work
2024-11-14 05:47,2024-11-14 07:27,Personal,Patna,Srinagar,56.0,Field Work
2024-09-19 22:06,2024-09-19 23:34,Personal,Thiruvananthapuram,Thane,55.4,Customer Visit
2024-10-12 08:27,2024-10-12 09:40,Business,Amritsar,Varanasi,42.7,Client Pickup
2024-06-13 19:13,2024-06-13 20:54,Business,Vijayawada,Jodhpur,59.2,Team Outing
2024-06-09 20:54,2024-06-09 22:21,Personal,Navi Mumbai,Ghaziabad,50.6,Office Commute
2024-03-15 21:47,2024-03-15 23:26,Business,Chennai,Kolkata,57.4,Meal/Entertain
2024-02-28 14:43,2024-02-28 15:53,Business,Thane,Ghaziabad,42.5,Office Commute
2024-10-04 19:37,2024-10-04 21:00,Business,Patna,Lucknow,50.0,Client Meeting
2024-02-02 03:57,2024-02-02 05:19,Business,Vadodara,Jabalpur,50.0,Weekend Trip
2024-01-09 10:16,2024-01-09 12:27,Business,Mumbai,Ludhiana,77.8,Client Meeting
2024-05-02 22:54,2024-05-03 00:23,Business,Kalyan,Jabalpur,49.4,Team Outing
2024-03-13 19:58,2024-03-13 21:23,Business,Amritsar,Madurai,50.5,Meal/Entertain
2024-12-26 20:06,2024-12-26 21:56,Business,Thrissur,Coimbatore,60.0,Field Work
2024-03-13 07:12,2024-03-13 09:31,Business,Vasai,Kanpur,79.8,Office Commute
2024-04-18 09:51,2024-04-18 11:02,Business,Patiala,Mysore,41.9,Site Inspection
2024-01-16 18:01,2024-01-16 18:15,Personal,Dewas,Dewas,5.0,Customer Visit
2024-02-28 16:21,2024-02-28 17:32,Business,Ranchi,Thiruvananthapuram,41.5,Airport Pickup
2024-12-15 14:17,2024-12-15 15:52,Business,Nagpur,Bangalore,54.0,Weekend Trip
2024-08-20 11:20,2024-08-20 12:46,Business,Mysore,Thrissur,54.5,Errand/Supplies
2024-03-10 23:29,2024-03-11 00:46,Business,Hyderabad,Tiruchirappalli,40.8,Delivery Task
2024-11-07 09:04,2024-11-07 09:54,Business,Nashik,Nashik,24.1,Errand/Supplies
2024-03-16 05:47,2024-03-16 07:23,Business,Dewas,Hubli,60.2,Office Commute
2024-05-22 05:58,2024-05-22 07:50,Personal,Howrah,Vadodara,69.7,Meeting
2024-10-18 17:25,2024-10-18 18:34,Business,Dhanbad,Allahabad,40.4,Field Work
2024-08-01 12:07,2024-08-01 13:32,Business,Vasai,Varanasi,44.3,Delivery Task
2024-06-27 14:35,2024-06-27 15:55,Personal,Gwalior,Hyderabad,48.0,Field Work
2024-01-17 23:33,2024-01-18 01:37,Business,Gwalior,Kochi,73.4,Meeting
2024-04-06 16:00,2024-04-06 17:33,Business,Faridabad,Bangalore,57.7,Delivery Task
2024-11-28 09:30,2024-11-28 10:57,Business,Coimbatore,Kalyan,54.1,Site Inspection
2024-06-09 17:06,2024-06-09 18:27,Business,Coimbatore,Dhanbad,43.5,Meal/Entertain
2024-05-11 09:51,2024-05-11 11:19,Business,Hyderabad,Lucknow,53.0,Office Commute
2024-09-18 22:20,2024-09-19 00:25,Business,Kalyan,Kolkata,75.8,Office Commute
2024-02-25 21:55,2024-02-25 23:58,Business,Jodhpur,Navi Mumbai,69.9,Customer Visit
2024-05-18 08:27,2024-05-18 09:45,Business,Rajkot,Hubli,40.3,Errand/Supplies
2024-10-27 01:10,2024-10-27 03:14,Business,Meerut,Lonavala,78.3,Customer Visit
2024-05-28 18:29,2024-05-28 19:53,Business,Coimbatore,Bangalore,43.7,Meal/Entertain
2024-04-03 13:36,2024-04-03 15:40,Business,Vadodara,Pune,72.4,Customer Visit
2024-10-22 05:57,2024-10-22 07:57,Business,Thane,Surat,72.1,Delivery Task
2024-04-19 11:16,2024-04-19 12:47,Business,Ahmedabad,Navi Mumbai,50.9,Field Work
2024-11-13 13:30,2024-11-13 14:55,Business,Bangalore,Vadodara,53.2,Conference Visit
2024-11-30 06:10,2024-11-30 07:29,Personal,Vasai,Kochi,47.5,Team Outing
2024-03-09 14:22,2024-03-09 15:47,Business,Raipur,Ludhiana,45.9,Customer Visit
2024-05-09 20:09,2024-05-09 21:55,Business,Patna,Ghaziabad,61.1,Client Pickup
2024-01-14 09:45,2024-01-14 11:07,Business,Ranchi,Bhopal,45.7,Customer Visit
2024-05-05 10:31,2024-05-05 12:39,Business,Aurangabad,Tiruchirappalli,76.2,Delivery Task
2024-04-20 11:06,2024-04-20 12:36,Business,Madurai,Lucknow,48.9,Team Outing
2024-06-10 19:26,2024-06-10 20:50,Business,Srinagar,Jabalpur,49.0,Meeting
2024-03-16 03:37,2024-03-16 05:38,Business,Solapur,Faridabad,68.0,Errand/Supplies
2024-06-06 12:39,2024-06-06 14:08,Business,Pune,Vadodara,51.3,Field Work
2024-09-08 04:14,2024-09-08 05:24,Personal,Dhanbad,Kochi,41.3,Temporary Site
2024-10-16 23:39,2024-10-17 01:41,Business,Bengaluru,Surat,73.1,Errand/Supplies
2024-09-30 07:33,2024-09-30 08:54,Business,Kochi,Amritsar,47.4,Meal/Entertain
2024-12-01 00:05,2024-12-01 02:04,Business,Meerut,Vasai,72.2,Meeting
2024-07-01 19:14,2024-07-01 19:45,Business,Vijayawada,Vijayawada,16.3,Errand/Supplies
2024-05-27 20:12,2024-05-27 21:52,Personal,Kochi,Noida,61.6,Delivery Task
2024-05-17 17:10,2024-05-17 18:40,Business,Kolkata,Jaipur,55.0,Meeting
2024-08-06 13:43,2024-08-06 15:36,Business,Lonavala,Ranchi,67.6,Errand/Supplies
2024-09-23 06:32,2024-09-23 08:46,Business,Ahmedabad,Solapur,79.2,Client Meeting
2024-10-27 18:24,2024-10-27 20:16,Business,Rajkot,Jabalpur,63.6,Site Inspection
2024-09-09 14:43,2024-09-09 16:04,Business,Nagpur,Srinagar,49.9,Field Work
2024-04-21 15:54,2024-04-21 18:07,Personal,Lonavala,Mysore,75.6,Office Commute
2024-10-07 15:53,2024-10-07 17:56,Business,Ahmedabad,Ludhiana,72.7,Office Commute
2024-09-01 11:10,2024-09-01 13:07,Business,Allahabad,Jaipur,68.7,Site Inspection
2024-10-14 09:46,2024-10-14 11:10,Business,Visakhapatnam,Vadodara,46.0,Meeting
2024-01-09 07:58,2024-01-09 09:40,Business,Mumbai,Delhi,54.7,Office Commute
2024-04-11 08:19,2024-04-11 09:36,Personal,Tiruchirappalli,Jaipur,40.3,Client Pickup
2024-09-10 10:14,2024-09-10 11:49,Business,Coimbatore,Vadodara,57.0,Customer Visit
2024-06-08 11:43,2024-06-08 13:37,Business,Kochi,Bhopal,72.8,Office Commute
2024-09-12 09:43,2024-09-12 11:49,Business,Solapur,Bhubaneswar,73.2,Meeting
2024-08-05 21:57,2024-08-05 23:18,Business,Surat,Ranchi,42.6,Customer Visit
2024-01-11 05:58,2024-01-11 07:54,Business,Lucknow,Vadodara,69.6,Field Work
2024-01-02 08:30,2024-01-02 10:27,Business,Kanpur,Thrissur,73.8,Customer Visit
2024-07-13 00:33,2024-07-13 07:41,Business,Noida,Kolkata,274.5,Team Outing
2024-11-23 18:43,2024-11-23 20:22,Business,Patiala,Chennai,53.8,Conference Visit
2024-01-20 07:43,2024-01-20 09:19,Personal,Kolkata,Thiruvananthapuram,59.8,Customer Visit
2024-05-29 18:57,2024-05-29 20:14,Business,Guwahati,Patiala,45.4,Customer Visit
2024-09-08 10:56,2024-09-08 12:33,Personal,Varanasi,Bengaluru,53.4,Meeting
2024-08-18 22:19,2024-08-18 23:54,Business,Howrah,Kanpur,52.7,Delivery Task
2024-08-18 05:41,2024-08-18 07:32,Business,Jaipur,Pune,67.4,Office Commute
2024-11-23 21:27,2024-11-23 23:23,Business,Chandigarh,Allahabad,72.6,Meal/Entertain
2024-10-10 05:52,2024-10-10 08:02,Business,Dewas,Jabalpur,74.2,Office Commute
2024-08-24 19:51,2024-08-24 21:47,Personal,Thane,Gwalior,71.3,Errand/Supplies
2024-12-07 11:29,2024-12-07 13:31,Personal,Indore,Allahabad,69.9,Site Inspection
2024-08-01 23:39,2024-08-02 01:20,Business,Navi Mumbai,Kota,61.7,Delivery Task
2024-07-16 21:44,2024-07-16 23:32,Business,Rajkot,Bhopal,59.9,Airport Pickup
2024-12-01 06:41,2024-12-01 08:10,Personal,Gwalior,Lonavala,49.6,Customer Visit
2024-05-24 19:09,2024-05-24 20:58,Business,Noida,Meerut,61.5,Temporary Site
2024-03-09 21:53,2024-03-09 23:54,Business,Nagpur,Mysore,70.1,Customer Visit
2024-12-12 10:35,2024-12-12 12:29,Business,Chandigarh,Srinagar,67.9,Site Inspection
2024-11-10 12:24,2024-11-10 13:52,Business,Kanpur,Navi Mumbai,45.9,Client Meeting
2024-08-15 07:05,2024-08-15 08:41,Personal,Bhopal,Mumbai,56.8,Office Commute
2024-08-31 13:07,2024-08-31 14:16,Personal,Dewas,Jabalpur,41.5,Errand/Supplies
2024-01-16 09:09,2024-01-16 10:57,Business,Faridabad,Solapur,62.3,Site Inspection
2024-10-13 15:03,2024-10-13 16:53,Business,Noida,Jodhpur,60.6,Client Pickup
2024-03-10 02:29,2024-03-10 04:37,Personal,Jabalpur,Dhanbad,73.7,Field Work
2024-07-09 16:04,2024-07-09 17:50,Business,Pune,Chennai,62.0,Conference Visit
2024-03-02 05:20,2024-03-02 06:48,Business,Kota,Lucknow,47.5,Meal/Entertain
2024-10-16 17:18,2024-10-16 18:45,Business,Mysore,Tiruchirappalli,47.9,Office Commute
2024-11-06 22:32,2024-11-07 00:39,Business,Bhopal,Kochi,78.9,Customer Visit
2024-06-27 16:21,2024-06-27 18:05,Business,Bhubaneswar,Mysore,57.6,Meal/Entertain
2024-08-08 10:57,2024-08-08 12:57,Business,Hyderabad,Vasai,71.7,Meal/Entertain
2024-11-20 20:43,2024-11-20 22:15,Business,Patna,Rajkot,57.6,Customer Visit
2024-07-11 05:15,2024-07-11 06:03,Business,Hubli,Hubli,18.9,Weekend Trip
2024-03-20 03:55,2024-03-20 05:29,Business,Srinagar,Tiruchirappalli,58.3,Meal/Entertain
2024-09-05 20:07,2024-09-05 21:34,Business,Vijayawada,Bhubaneswar,48.5,Office Commute
2024-12-25 05:33,2024-12-25 06:37,Business,Dewas,Indore,38.0,Meeting
2024-11-28 20:16,2024-11-28 21:46,Personal,Aurangabad,Pune,54.1,Site Inspection
2024-07-19 05:27,2024-07-19 07:10,Business,Vasai,Kolkata,64.8,Office Commute
2024-11-27 21:51,2024-11-27 23:42,Business,Rajkot,Surat,63.7,Customer Visit
2024-12-08 13:23,2024-12-08 15:01,Business,Kochi,Noida,56.7,Team Outing
2024-05-26 15:11,2024-05-26 15:49,Business,Delhi,Delhi,13.1,Client Meeting
2024-01-07 10:28,2024-01-07 12:03,Business,Agra,Thane,52.6,Errand/Supplies
2024-08-12 22:37,2024-08-13 00:36,Business,Mumbai,Solapur,71.0,Meal/Entertain
2024-01-27 04:45,2024-01-27 06:37,Personal,Guwahati,Thane,71.4,Office Commute
2024-08-18 07:12,2024-08-18 09:18,Business,Howrah,Chandigarh,71.2,Field Work
2024-08-15 00:16,2024-08-15 01:41,Personal,Ghaziabad,Nashik,51.1,Conference Visit
2024-07-22 17:21,2024-07-22 18:34,Personal,Bhopal,Vijayawada,44.3,Errand/Supplies
2024-08-25 09:41,2024-08-25 11:25,Personal,Lucknow,Madurai,64.6,Delivery Task
2024-08-15 16:00,2024-08-15 18:03,Personal,Dewas,Chandigarh,74.5,Client Meeting
2024-07-24 07:33,2024-07-24 09:06,Business,Jabalpur,Kochi,52.8,Conference Visit
2024-02-04 14:57,2024-02-04 16:16,Business,Surat,Lucknow,43.1,Customer Visit
2024-09-06 17:26,2024-09-06 18:56,Business,Raipur,Lonavala,55.8,Field Work
2024-12-07 06:54,2024-12-07 08:54,Business,Vadodara,Thrissur,73.7,Airport Drop
2024-12-18 20:41,2024-12-18 22:52,Business,Jaipur,Coimbatore,77.6,Field Work
2024-03-10 01:51,2024-03-10 02:59,Business,Gwalior,Kalyan,40.1,Conference Visit
2024-05-31 05:20,2024-05-31 06:45,Personal,Thrissur,Dhanbad,50.0,Office Commute
2024-07-09 08:54,2024-07-09 10:18,Business,Chandigarh,Patiala,51.4,Conference Visit
2024-04-17 06:19,2024-04-17 07:53,Personal,Solapur,Kochi,51.8,Conference Visit
2024-08-30 10:10,2024-08-30 12:22,Business,Jaipur,Vijayawada,78.1,Weekend Trip
2024-10-06 21:48,2024-10-06 23:35,Business,Thrissur,Visakhapatnam,67.4,Client Pickup
2024-08-09 15:07,2024-08-09 16:29,Personal,Kalyan,Amritsar,50.0,Meal/Entertain
2024-02-12 01:56,2024-02-12 03:59,Business,Amritsar,Kochi,71.0,Client Pickup
2024-10-23 03:26,2024-10-23 04:48,Personal,Delhi,Hyderabad,50.4,Meal/Entertain
2024-05-11 05:57,2024-05-11 07:20,Business,Ranchi,Coimbatore,44.3,Client Meeting
2024-05-11 01:07,2024-05-11 03:19,Business,Aurangabad,Jaipur,76.2,Meeting
2024-12-18 09:06,2024-12-18 10:52,Personal,Ghaziabad,Patiala,61.2,Errand/Supplies
2024-06-17 20:10,2024-06-17 22:07,Personal,Guwahati,Bhopal,67.0,Meal/Entertain
2024-05-12 06:06,2024-05-12 07:21,Business,Jabalpur,Rajkot,45.6,Conference Visit
2024-05-04 01:54,2024-05-04 03:47,Business,Hyderabad,Vasai,70.4,Client Pickup
2024-10-09 08:23,2024-10-09 10:23,Business,Kochi,Noida,66.7,Client Meeting
2024-03-10 00:05,2024-03-10 02:01,Business,Meerut,Chennai,68.2,Office Commute
2024-12-01 01:45,2024-12-01 03:41,Business,Mysore,Coimbatore,72.6,Client Pickup
2024-08-09 12:46,2024-08-09 14:15,Business,Noida,Patna,51.3,Customer Visit
2024-10-18 16:34,2024-10-18 17:58,Business,Lucknow,Bhopal,51.4,Meeting
2024-09-30 02:58,2024-09-30 04:36,Business,Dewas,Thiruvananthapuram,54.5,Delivery Task
2024-04-20 11:49,2024-04-20 13:33,Business,Vasai,Mumbai,63.2,Team Outing
2024-11-17 21:25,2024-11-17 23:29,Business,Kalyan,Hubli,76.2,Meeting
2024-08-28 12:06,2024-08-28 13:29,Business,Thiruvananthapuram,Raipur,46.1,Meeting
2024-07-18 10:04,2024-07-18 12:19,Business,Pune,Howrah,79.2,Airport Pickup
2024-09-25 08:52,2024-09-25 10:33,Business,Jodhpur,Jabalpur,61.8,Delivery Task
2024-04-06 00:56,2024-04-06 02:49,Business,Kolkata,Coimbatore,64.0,Office Commute
2024-02-09 12:40,2024-02-09 14:55,Personal,Kolkata,Varanasi,78.0,Meal/Entertain
2024-12-18 23:10,2024-12-19 00:59,Business,Howrah,Guwahati,63.1,Office Commute
2024-09-11 05:36,2024-09-11 06:47,Business,Delhi,Surat,44.5,Customer Visit
2024-05-02 04:42,2024-05-02 05:54,Personal,Vasai,Bengaluru,42.5,Meeting
2024-07-26 05:42,2024-07-26 07:41,Business,Dewas,Bengaluru,73.2,Delivery Task
2024-12-28 18:18,2024-12-28 19:55,Business,Varanasi,Faridabad,61.7,Site Inspection
2024-10-12 08:36,2024-10-12 10:32,Business,Rajkot,Bhubaneswar,69.1,Meeting
2024-02-01 17:14,2024-02-01 18:54,Business,Jodhpur,Coimbatore,59.1,Field Work
2024-10-21 05:05,2024-10-21 07:08,Business,Srinagar,Chennai,73.4,Client Meeting
2024-01-16 06:48,2024-01-16 08:33,Business,Chennai,Faridabad,57.6,Client Pickup
2024-09-10 03:20,2024-09-10 05:23,Business,Kota,Jaipur,69.3,Field Work
2024-06-02 10:57,2024-06-02 12:42,Business,Navi Mumbai,Raipur,57.1,Delivery Task
2024-12-13 20:26,2024-12-13 22:28,Business,Howrah,Amritsar,68.0,Airport Drop
2024-09-09 13:07,2024-09-09 14:24,Business,Lonavala,Vadodara,41.6,Field Work
2024-01-08 22:44,2024-01-09 00:37,Business,Coimbatore,Surat,67.5,Errand/Supplies
2024-05-23 20:06,2024-05-23 22:05,Business,Thrissur,Dewas,75.3,Errand/Supplies
2024-08-20 08:59,2024-08-20 11:07,Business,Ahmedabad,Pune,72.2,Team Outing
2024-02-23 10:14,2024-02-23 11:57,Business,Vijayawada,Chandigarh,58.5,Team Outing
2024-01-26 03:20,2024-01-26 04:55,Personal,Guwahati,Coimbatore,51.6,Errand/Supplies
2024-09-17 13:21,2024-09-17 15:03,Business,Ranchi,Thane,61.3,Meeting
2024-10-19 05:23,2024-10-19 07:25,Personal,Mysore,Coimbatore,73.8,Temporary Site
2024-08-03 18:06,2024-08-03 19:25,Business,Mysore,Meerut,47.4,Customer Visit
2024-08-11 21:54,2024-08-12 00:00,Business,Thane,Meerut,77.1,Errand/Supplies
2024-08-31 07:56,2024-08-31 10:04,Business,Vijayawada,Jaipur,78.8,Client Meeting
2024-07-19 09:12,2024-07-19 10:56,Personal,Srinagar,Thrissur,66.0,Customer Visit
2024-04-16 11:42,2024-04-16 13:47,Business,Kota,Varanasi,76.7,Team Outing
2024-06-26 07:53,2024-06-26 09:59,Business,Noida,Varanasi,76.2,Weekend Trip
2024-04-01 08:49,2024-04-01 10:18,Business,Bangalore,Ludhiana,54.7,Site Inspection
2024-08-18 08:45,2024-08-18 10:35,Business,Thiruvananthapuram,Bangalore,67.3,Airport Drop
2024-05-01 08:21,2024-05-01 09:59,Personal,Patna,Bangalore,52.7,Meeting
2024-11-27 22:08,2024-11-28 00:01,Business,Rajkot,Amritsar,72.6,Airport Drop
2024-08-02 05:05,2024-08-02 07:02,Personal,Lonavala,Kota,68.9,Errand/Supplies
2024-11-03 17:24,2024-11-03 19:17,Personal,Mumbai,Gwalior,64.4,Temporary Site
2024-06-10 14:47,2024-06-10 16:27,Business,Delhi,Surat,55.1,Conference Visit
2024-01-05 11:02,2024-01-05 12:49,Business,Bhubaneswar,Srinagar,61.9,Office Commute
2024-11-15 16:50,2024-11-15 18:39,Business,Vijayawada,Mysore,64.4,Customer Visit
2024-03-07 12:46,2024-03-07 14:12,Business,Meerut,Guwahati,51.1,Airport Drop
2024-03-17 04:11,2024-03-17 05:42,Business,Vasai,Jabalpur,53.5,Office Commute
2024-05-16 07:43,2024-05-16 09:33,Business,Raipur,Allahabad,64.5,Office Commute
2024-12-23 13:43,2024-12-23 15:12,Personal,Bengaluru,Mysore,54.2,Team Outing
2024-02-11 15:41,2024-02-11 17:11,Business,Ahmedabad,Nagpur,52.3,Meeting
2024-10-20 17:19,2024-10-20 18:48,Personal,Vadodara,Thane,49.2,Airport Drop
2024-07-09 18:39,2024-07-09 20:06,Business,Rajkot,Nagpur,50.1,Conference Visit
2024-04-02 03:24,2024-04-02 04:45,Business,Lonavala,Varanasi,45.7,Office Commute
2024-07-14 02:02,2024-07-14 03:50,Personal,Bhubaneswar,Kalyan,59.5,Site Inspection
2024-11-16 19:25,2024-11-16 20:46,Business,Vadodara,Allahabad,47.9,Meal/Entertain
2024-07-19 09:02,2024-07-19 10:15,Business,Dewas,Navi Mumbai,44.5,Conference Visit
2024-11-12 21:44,2024-11-12 23:48,Business,Kochi,Aurangabad,74.9,Meeting
2024-09-21 20:36,2024-09-21 22:17,Personal,Indore,Vadodara,57.7,Meal/Entertain
2024-12-16 18:02,2024-12-16 19:19,Business,Varanasi,Bhubaneswar,44.8,Errand/Supplies
2024-04-04 19:48,2024-04-04 21:42,Business,Kochi,Ranchi,63.3,Office Commute
2024-08-23 11:21,2024-08-23 12:37,Personal,Vasai,Thiruvananthapuram,43.5,Team Outing
2024-07-14 16:23,2024-07-14 18:39,Business,Faridabad,Bengaluru,79.9,Office Commute
2024-08-13 19:38,2024-08-13 21:37,Business,Chennai,Faridabad,71.3,Errand/Supplies
2024-11-07 03:24,2024-11-07 04:34,Business,Patna,Thrissur,43.8,Field Work
2024-05-24 13:22,2024-05-24 15:01,Business,Faridabad,Raipur,61.9,Meal/Entertain
2024-07-13 11:47,2024-07-13 13:03,Business,Patna,Allahabad,45.2,Office Commute
2024-02-03 21:10,2024-02-03 22:30,Business,Howrah,Aurangabad,40.9,Meal/Entertain
2024-01-25 08:13,2024-01-25 10:29,Business,Allahabad,Bhubaneswar,78.9,Delivery Task
2024-11-03 19:00,2024-11-03 20:37,Business,Navi Mumbai,Meerut,57.8,Office Commute
2024-08-10 21:31,2024-08-10 23:25,Business,Coimbatore,Solapur,62.7,Weekend Trip
2024-02-19 20:23,2024-02-19 21:40,Business,Vadodara,Vijayawada,48.4,Meal/Entertain
2024-04-09 08:20,2024-04-09 10:10,Business,Guwahati,Delhi,66.6,Conference Visit
2024-01-17 20:24,2024-01-17 21:49,Business,Rajkot,Dewas,45.2,Office Commute
2024-04-24 06:24,2024-04-24 08:29,Business,Jabalpur,Aurangabad,72.2,Meeting
2024-05-22 06:58,2024-05-22 08:27,Business,Agra,Aurangabad,49.4,Customer Visit
2024-10-06 21:53,2024-10-06 23:20,Personal,Ranchi,Kolkata,45.3,Client Pickup
2024-03-31 02:35,2024-03-31 03:58,Business,Solapur,Chandigarh,45.1,Office Commute
2024-02-20 16:07,2024-02-20 17:55,Business,Kanpur,Solapur,67.7,Meeting
2024-07-22 00:14,2024-07-22 01:38,Personal,Lonavala,Jaipur,43.1,Airport Pickup
2024-07-09 17:26,2024-07-09 19:33,Business,Raipur,Meerut,72.9,Meal/Entertain
2024-01-25 16:29,2024-01-25 18:02,Business,Kota,Ranchi,54.8,Site Inspection
2024-11-02 17:47,2024-11-02 19:02,Business,Lucknow,Kota,43.1,Client Meeting
2024-03-27 16:26,2024-03-27 18:43,Business,Nagpur,Madurai,78.8,Office Commute
2024-07-15 18:35,2024-07-15 19:57,Business,Noida,Navi Mumbai,41.7,Delivery Task
2024-04-08 05:19,2024-04-08 06:41,Business,Dhanbad,Allahabad,44.7,Office Commute
2024-11-09 23:39,2024-11-10 01:41,Business,Hyderabad,Ranchi,77.2,Client Pickup
2024-03-27 17:44,2024-03-27 19:46,Business,Noida,Ranchi,73.1,Client Pickup
2024-07-12 15:34,2024-07-12 17:32,Business,Bhopal,Madurai,67.4,Site Inspection
2024-08-31 06:16,2024-08-31 07:26,Business,Srinagar,Howrah,41.6,Delivery Task
2024-05-08 17:21,2024-05-08 18:51,Business,Indore,Varanasi,52.8,Errand/Supplies
2024-09-04 14:29,2024-09-04 16:43,Business,Vijayawada,Mumbai,79.4,Client Pickup
2024-05-20 11:15,2024-05-20 12:36,Business,Faridabad,Patiala,45.6,Airport Pickup
2024-08-14 14:53,2024-08-14 16:49,Business,Thiruvananthapuram,Howrah,70.7,Temporary Site
2024-01-13 01:50,2024-01-13 03:26,Business,Kochi,Bangalore,52.6,Meeting
2024-06-26 03:02,2024-06-26 04:32,Business,Dhanbad,Ludhiana,56.8,Errand/Supplies
2024-01-30 00:17,2024-01-30 02:30,Business,Bhubaneswar,Amritsar,78.5,Delivery Task
2024-01-22 10:13,2024-01-22 11:45,Business,Delhi,Kolkata,51.2,Team Outing
2024-10-20 12:12,2024-10-20 14:07,Business,Indore,Patna,68.8,Customer Visit
2024-11-25 21:09,2024-11-25 23:11,Personal,Patna,Hubli,77.5,Team Outing
2024-08-18 11:38,2024-08-18 13:26,Business,Kochi,Solapur,60.6,Meeting
2024-07-23 03:15,2024-07-23 03:47,Business,Kolkata,Kolkata,15.1,Customer Visit
2024-11-06 07:45,2024-11-06 09:01,Personal,Noida,Raipur,45.4,Client Pickup
2024-01-04 13:16,2024-01-04 15:09,Business,Solapur,Visakhapatnam,67.2,Weekend Trip
2024-10-22 01:59,2024-10-22 03:24,Business,Ahmedabad,Srinagar,52.4,Customer Visit
2024-09-24 05:23,2024-09-24 07:06,Personal,Bhopal,Surat,56.1,Team Outing
2024-12-12 14:44,2024-12-12 16:38,Personal,Jabalpur,Patiala,67.7,Office Commute
2024-07-06 18:19,2024-07-06 19:51,Business,Bengaluru,Varanasi,57.1,Meal/Entertain
2024-06-17 07:36,2024-06-17 09:01,Business,Ludhiana,Kalyan,50.9,Airport Pickup
2024-07-12 05:38,2024-07-12 07:40,Business,Srinagar,Gwalior,77.9,Client Meeting
2024-02-01 21:49,2024-02-01 23:21,Business,Pune,Ghaziabad,56.6,Meeting
2024-06-30 01:18,2024-06-30 02:53,Business,Thane,Ahmedabad,60.1,Meal/Entertain
2024-01-19 06:07,2024-01-19 07:48,Business,Dhanbad,Faridabad,58.5,Meeting
2024-06-29 00:53,2024-06-29 02:50,Personal,Patiala,Gwalior,70.2,Customer Visit
2024-10-27 01:52,2024-10-27 03:51,Business,Bhubaneswar,Howrah,66.4,Meal/Entertain
2024-09-20 19:41,2024-09-20 21:35,Personal,Patiala,Vasai,72.5,Delivery Task
2024-11-05 22:46,2024-11-06 00:01,Business,Solapur,Dewas,42.3,Office Commute
2024-08-18 23:56,2024-08-19 01:31,Business,Lucknow,Bengaluru,57.7,Meeting
2024-06-30 09:50,2024-06-30 11:04,Business,Ghaziabad,Jodhpur,46.4,Errand/Supplies
2024-12-29 01:51,2024-12-29 03:08,Personal,Gwalior,Tiruchirappalli,44.2,Client Meeting
2024-04-22 00:11,2024-04-22 02:09,Business,Amritsar,Bangalore,70.7,Meal/Entertain
2024-05-18 18:01,2024-05-18 19:33,Business,Bhubaneswar,Faridabad,50.6,Meal/Entertain
2024-03-05 11:42,2024-03-05 13:48,Business,Thiruvananthapuram,Jabalpur,71.5,Errand/Supplies
2024-01-23 02:03,2024-01-23 03:57,Business,Jabalpur,Nagpur,72.7,Client Meeting
2024-04-15 04:08,2024-04-15 06:04,Business,Faridabad,Guwahati,70.4,Meeting
2024-11-09 01:04,2024-11-09 03:17,Business,Rajkot,Thrissur,75.5,Conference Visit
2024-10-30 17:10,2024-10-30 19:12,Business,Gwalior,Ahmedabad,71.8,Errand/Supplies
2024-09-09 04:52,2024-09-09 06:06,Personal,Dewas,Jaipur,43.7,Field Work
2024-02-12 10:00,2024-02-12 11:27,Personal,Dewas,Bhopal,53.5,Client Meeting
2024-09-05 13:57,2024-09-05 16:00,Business,Bhopal,Mysore,76.0,Errand/Supplies
2024-03-20 04:30,2024-03-20 06:15,Business,Ahmedabad,Jaipur,66.0,Customer Visit
2024-01-30 06:39,2024-01-30 08:00,Personal,Surat,Allahabad,45.1,Client Meeting
2024-12-26 04:30,2024-12-26 06:14,Business,Ghaziabad,Chennai,57.0,Meal/Entertain
2024-03-18 17:41,2024-03-18 19:15,Personal,Noida,Faridabad,54.6,Client Meeting
2024-02-18 00:54,2024-02-18 02:37,Business,Patiala,Bhubaneswar,57.0,Team Outing
2024-08-09 16:56,2024-08-09 18:55,Business,Bengaluru,Patna,70.6,Meeting
2024-02-03 02:47,2024-02-03 04:47,Business,Guwahati,Ranchi,71.7,Site Inspection
2024-10-23 09:26,2024-10-23 10:53,Business,Tiruchirappalli,Thiruvananthapuram,48.4,Customer Visit
2024-09-06 00:00,2024-09-06 01:23,Personal,Madurai,Chandigarh,45.1,Site Inspection
2024-08-13 10:55,2024-08-13 13:00,Business,Amritsar,Madurai,74.1,Errand/Supplies
2024-05-14 21:25,2024-05-14 22:48,Business,Allahabad,Coimbatore,45.3,Errand/Supplies
2024-09-26 09:25,2024-09-26 11:06,Business,Mysore,Dhanbad,60.4,Errand/Supplies
2024-09-07 10:20,2024-09-07 11:49,Business,Patiala,Ranchi,53.3,Client Pickup
2024-12-04 23:37,2024-12-05 01:15,Business,Lucknow,Ludhiana,52.6,Client Meeting
2024-12-08 17:40,2024-12-08 19:34,Business,Raipur,Patiala,63.4,Office Commute
2024-11-15 09:44,2024-11-15 11:45,Business,Thane,Dewas,71.5,Office Commute
2024-09-29 07:57,2024-09-29 09:33,Business,Vijayawada,Bhubaneswar,51.2,Airport Pickup
2024-12-19 07:27,2024-12-19 07:56,Business,Lonavala,Lonavala,10.7,Office Commute
2024-01-14 04:11,2024-01-14 06:00,Business,Mumbai,Jaipur,63.5,Client Pickup
2024-01-04 09:10,2024-01-04 10:30,Business,Kanpur,Gwalior,42.0,Meal/Entertain
2024-05-31 12:41,2024-05-31 14:50,Business,Mumbai,Madurai,77.0,Client Meeting
2024-06-26 15:58,2024-06-26 17:58,Business,Madurai,Kanpur,69.7,Client Meeting
2024-08-18 13:37,2024-08-18 15:18,Personal,Thane,Jabalpur,59.9,Field Work
2024-12-16 18:32,2024-12-16 20:19,Business,Surat,Varanasi,62.5,Client Pickup
2024-02-24 06:13,2024-02-24 07:55,Business,Noida,Thane,63.3,Delivery Task
2024-03-02 00:50,2024-03-02 02:07,Personal,Ahmedabad,Varanasi,41.0,Meeting
2024-08-22 04:51,2024-08-22 06:52,Business,Ghaziabad,Thane,69.2,Errand/Supplies
2024-11-19 20:09,2024-11-19 21:24,Business,Allahabad,Bangalore,42.4,Errand/Supplies
2024-01-13 01:42,2024-01-13 03:16,Business,Chandigarh,Thrissur,50.1,Meeting
2024-09-16 14:12,2024-09-16 15:28,Business,Mumbai,Chandigarh,45.4,Delivery Task
2024-06-02 02:36,2024-06-02 03:49,Business,Raipur,Kota,45.0,Errand/Supplies
2024-03-30 18:22,2024-03-30 20:15,Business,Dewas,Bhubaneswar,66.0,Conference Visit
2024-07-25 06:48,2024-07-25 08:31,Personal,Faridabad,Patna,60.3,Team Outing
2024-03-01 07:26,2024-03-01 09:12,Personal,Guwahati,Chandigarh,62.9,Client Pickup
2024-12-19 12:51,2024-12-19 14:34,Personal,Kanpur,Bangalore,60.0,Client Meeting
2024-11-06 01:59,2024-11-06 03:33,Personal,Mumbai,Kalyan,53.4,Meeting
2024-08-30 00:27,2024-08-30 02:04,Personal,Nagpur,Pune,54.2,Office Commute
2024-03-08 07:16,2024-03-08 09:27,Business,Thrissur,Kolkata,75.0,Meal/Entertain
2024-12-05 11:02,2024-12-05 12:45,Business,Rajkot,Delhi,59.7,Errand/Supplies
2024-06-19 15:57,2024-06-19 17:53,Business,Patna,Rajkot,72.0,Meal/Entertain
2024-09-22 03:55,2024-09-22 05:16,Personal,Ludhiana,Dhanbad,45.8,Meeting
2024-03-22 00:55,2024-03-22 02:48,Business,Vasai,Ahmedabad,64.0,Meal/Entertain
2024-02-09 18:05,2024-02-09 19:52,Business,Vadodara,Patiala,59.0,Errand/Supplies
2024-10-24 15:47,2024-10-24 17:42,Business,Kalyan,Vijayawada,68.4,Office Commute
2024-09-14 18:52,2024-09-14 20:31,Business,Allahabad,Guwahati,55.6,Meal/Entertain
2024-07-14 23:35,2024-07-15 01:04,Business,Bengaluru,Bangalore,55.1,Errand/Supplies
2024-10-01 16:58,2024-10-01 19:03,Personal,Bhopal,Ahmedabad,77.5,Temporary Site
2024-10-27 23:00,2024-10-28 00:16,Business,Madurai,Raipur,41.5,Errand/Supplies
2024-11-04 00:36,2024-11-04 02:06,Business,Patna,Navi Mumbai,54.3,Meeting
2024-07-06 00:05,2024-07-06 01:43,Business,Kochi,Srinagar,56.8,Office Commute
2024-04-12 21:55,2024-04-12 23:25,Business,Coimbatore,Dewas,52.7,Meal/Entertain
2024-12-07 20:28,2024-12-07 22:25,Business,Vijayawada,Solapur,65.6,Airport Pickup
2024-07-20 23:01,2024-07-21 00:54,Business,Delhi,Rajkot,68.6,Site Inspection
2024-01-31 23:53,2024-02-01 01:43,Personal,Nagpur,Kalyan,63.1,Client Meeting
2024-01-27 07:07,2024-01-27 09:05,Business,Bhopal,Allahabad,70.3,Conference Visit
2024-09-27 15:39,2024-09-27 17:11,Business,Delhi,Vasai,50.1,Office Commute
2024-11-02 20:01,2024-11-02 21:38,Business,Varanasi,Mumbai,55.3,Meal/Entertain
2024-05-18 10:34,2024-05-18 12:15,Business,Dewas,Vadodara,54.4,Meal/Entertain
2024-01-02 16:05,2024-01-02 17:37,Business,Faridabad,Bhopal,54.2,Office Commute
2024-11-10 12:48,2024-11-10 14:05,Business,Aurangabad,Meerut,41.2,Meal/Entertain
2024-06-30 09:25,2024-06-30 11:34,Business,Amritsar,Kota,73.7,Client Pickup
2024-02-20 13:21,2024-02-20 14:47,Personal,Tiruchirappalli,Thrissur,44.2,Meeting
2024-10-15 04:39,2024-10-15 06:49,Business,Delhi,Varanasi,77.7,Team Outing
2024-09-17 03:22,2024-09-17 05:19,Business,Ludhiana,Hyderabad,67.6,Team Outing
2024-07-23 01:52,2024-07-23 03:42,Business,Nagpur,Navi Mumbai,67.9,Office Commute
2024-01-23 19:58,2024-01-23 21:18,Business,Kalyan,Madurai,40.0,Customer Visit
2024-10-19 12:05,2024-10-19 14:05,Business,Chandigarh,Coimbatore,74.9,Team Outing
2024-05-14 19:51,2024-05-14 21:59,Business,Ludhiana,Mysore,79.0,Site Inspection
2024-08-09 10:58,2024-08-09 12:58,Business,Faridabad,Nagpur,68.0,Errand/Supplies
2024-11-11 16:24,2024-11-11 17:51,Business,Srinagar,Allahabad,48.4,Office Commute
2024-07-19 10:20,2024-07-19 12:32,Business,Thane,Nashik,75.7,Customer Visit
2024-03-17 18:42,2024-03-17 20:29,Business,Indore,Bhopal,64.8,Team Outing
2024-07-28 02:31,2024-07-28 04:10,Business,Delhi,Agra,62.0,Meeting
2024-04-19 21:50,2024-04-19 23:50,Business,Surat,Kanpur,75.4,Customer Visit
2024-03-26 20:11,2024-03-26 21:23,Business,Kolkata,Hyderabad,44.9,Field Work
2024-07-10 16:55,2024-07-10 18:43,Business,Amritsar,Kochi,61.9,Office Commute
2024-09-22 03:53,2024-09-22 05:27,Business,Ludhiana,Pune,53.0,Meeting
2024-04-27 22:19,2024-04-28 00:19,Business,Agra,Mysore,70.1,Weekend Trip
2024-03-09 08:12,2024-03-09 10:18,Business,Allahabad,Gwalior,76.3,Meeting
2024-02-19 16:27,2024-02-19 18:26,Business,Jodhpur,Kalyan,67.1,Delivery Task
2024-07-28 18:48,2024-07-28 20:16,Business,Coimbatore,Lucknow,53.6,Client Meeting
2024-11-04 01:26,2024-11-04 02:40,Business,Gwalior,Srinagar,41.6,Field Work
2024-12-20 16:36,2024-12-20 18:21,Business,Noida,Meerut,66.5,Delivery Task
2024-02-11 04:24,2024-02-11 06:08,Business,Patna,Pune,56.1,Meal/Entertain
2024-04-24 21:55,2024-04-24 23:17,Personal,Varanasi,Jaipur,47.7,Meal/Entertain
2024-10-31 12:26,2024-10-31 13:49,Business,Tiruchirappalli,Mumbai,44.3,Client Meeting
2024-12-13 08:28,2024-12-13 10:12,Business,Kochi,Ghaziabad,57.7,Client Meeting
2024-09-27 11:36,2024-09-27 13:43,Business,Mumbai,Lucknow,74.6,Customer Visit
2024-10-18 19:54,2024-10-18 21:38,Personal,Madurai,Hubli,64.8,Meeting
2024-06-26 18:21,2024-06-26 20:26,Personal,Amritsar,Jodhpur,77.5,Errand/Supplies
2024-08-30 15:41,2024-08-30 17:23,Personal,Kanpur,Gwalior,60.2,Meal/Entertain
2024-05-03 02:56,2024-05-03 04:43,Business,Noida,Mysore,64.4,Weekend Trip
2024-11-23 14:05,2024-11-23 15:25,Business,Kolkata,Kota,48.5,Conference Visit
2024-08-20 02:22,2024-08-20 04:11,Personal,Kanpur,Ranchi,67.0,Conference Visit
2024-12-29 16:47,2024-12-29 18:20,Personal,Visakhapatnam,Vasai,49.9,Office Commute
2024-01-16 06:05,2024-01-16 07:25,Business,Madurai,Agra,40.1,Meeting
2024-11-07 09:19,2024-11-07 10:58,Business,Navi Mumbai,Mysore,53.8,Meal/Entertain
2024-06-16 19:33,2024-06-16 20:52,Business,Jabalpur,Jodhpur,47.1,Meal/Entertain
2024-12-31 05:51,2024-12-31 07:49,Business,Solapur,Amritsar,70.9,Meeting
2024-05-12 22:22,2024-05-13 00:39,Personal,Patiala,Rajkot,78.1,Client Pickup
2024-03-12 16:30,2024-03-12 18:30,Business,Bhopal,Chandigarh,75.6,Weekend Trip
2024-10-30 02:07,2024-10-30 03:23,Business,Chandigarh,Tiruchirappalli,41.1,Airport Pickup
2024-11-01 21:37,2024-11-01 23:19,Business,Kolkata,Patiala,63.0,Meal/Entertain
2024-05-12 04:56,2024-05-12 06:31,Business,Jabalpur,Dhanbad,52.2,Conference Visit
2024-12-04 18:36,2024-12-04 19:51,Business,Jaipur,Ahmedabad,40.0,Team Outing
2024-09-10 17:47,2024-09-10 19:05,Business,Vijayawada,Lonavala,48.5,Errand/Supplies
2024-04-05 11:51,2024-04-05 13:57,Business,Pune,Dewas,72.8,Errand/Supplies
2024-05-05 12:13,2024-05-05 14:06,Business,Hyderabad,Noida,63.5,Weekend Trip
2024-09-20 22:49,2024-09-21 00:45,Business,Rajkot,Visakhapatnam,64.7,Office Commute
2024-01-11 17:22,2024-01-11 19:31,Business,Vadodara,Rajkot,72.7,Weekend Trip
2024-04-15 18:32,2024-04-15 19:50,Personal,Thane,Allahabad,41.0,Conference Visit
2024-12-04 14:30,2024-12-04 16:03,Personal,Bengaluru,Thrissur,49.6,Client Meeting
2024-01-31 19:32,2024-01-31 21:35,Personal,Allahabad,Amritsar,69.3,Delivery Task
2024-08-05 09:53,2024-08-05 11:23,Business,Howrah,Vasai,47.9,Temporary Site
2024-12-16 18:39,2024-12-16 20:45,Business,Bangalore,Patiala,73.0,Customer Visit
2024-03-13 09:55,2024-03-13 11:29,Business,Faridabad,Lucknow,58.3,Client Pickup
2024-11-06 16:27,2024-11-06 18:23,Personal,Vijayawada,Indore,68.3,Meeting
2024-05-25 12:02,2024-05-25 13:35,Business,Thrissur,Agra,50.2,Delivery Task
2024-07-28 09:50,2024-07-28 11:27,Personal,Kanpur,Bhopal,51.6,Field Work
2024-05-20 09:52,2024-05-20 11:33,Business,Howrah,Aurangabad,59.6,Airport Drop
2024-08-22 17:03,2024-08-22 19:06,Business,Navi Mumbai,Aurangabad,69.0,Airport Drop
2024-08-10 02:59,2024-08-10 04:24,Business,Coimbatore,Kalyan,50.3,Weekend Trip
2024-03-25 23:23,2024-03-26 00:45,Business,Bangalore,Navi Mumbai,48.2,Meal/Entertain
2024-06-28 01:04,2024-06-28 02:13,Business,Bhopal,Hubli,41.0,Customer Visit
2024-01-03 14:38,2024-01-03 16:31,Business,Dewas,Vadodara,66.5,Meal/Entertain
2024-10-30 03:24,2024-10-30 04:55,Business,Raipur,Guwahati,50.3,Client Meeting
2024-05-21 02:56,2024-05-21 04:37,Business,Kalyan,Kolkata,59.3,Customer Visit
2024-05-27 12:38,2024-05-27 14:34,Personal,Bhopal,Rajkot,66.0,Temporary Site
2024-11-21 09:05,2024-11-21 10:49,Business,Agra,Gwalior,61.9,Customer Visit
2024-11-13 23:42,2024-11-14 01:20,Business,Mumbai,Bangalore,56.1,Meeting
2024-11-01 14:32,2024-11-01 16:20,Business,Jabalpur,Kochi,59.7,Client Pickup
2024-07-03 00:27,2024-07-03 02:07,Business,Solapur,Thiruvananthapuram,54.9,Customer Visit
2024-06-02 00:48,2024-06-02 02:22,Personal,Jaipur,Jodhpur,59.2,Office Commute
2024-10-13 08:59,2024-10-13 10:44,Personal,Meerut,Indore,60.0,Office Commute
2024-05-07 23:27,2024-05-08 01:08,Business,Tiruchirappalli,Noida,57.4,Conference Visit
2024-04-21 15:51,2024-04-21 17:32,Business,Visakhapatnam,Coimbatore,54.6,Meeting
2024-02-25 18:22,2024-02-25 20:11,Business,Ludhiana,Bhubaneswar,60.1,Office Commute
2024-01-02 22:06,2024-01-02 23:32,Business,Jabalpur,Howrah,45.7,Weekend Trip
2024-01-16 18:20,2024-01-16 19:59,Business,Aurangabad,Patna,54.5,Client Pickup
2024-06-30 12:36,2024-06-30 14:37,Business,Varanasi,Nagpur,73.1,Airport Pickup
2024-01-14 11:26,2024-01-14 13:13,Personal,Noida,Ludhiana,67.4,Weekend Trip
2024-11-30 07:36,2024-11-30 09:12,Business,Jaipur,Thane,52.2,Conference Visit
2024-01-22 14:19,2024-01-22 15:45,Business,Delhi,Mysore,50.3,Errand/Supplies
2024-11-14 18:02,2024-11-14 20:14,Personal,Bangalore,Madurai,80.0,Meeting
2024-07-16 09:47,2024-07-16 11:48,Personal,Faridabad,Thiruvananthapuram,72.0,Meal/Entertain
2024-07-25 12:31,2024-07-25 14:01,Personal,Patiala,Ahmedabad,50.1,Errand/Supplies
2024-09-27 12:07,2024-09-27 13:43,Business,Hyderabad,Ludhiana,54.9,Errand/Supplies
2024-01-30 01:22,2024-01-30 02:41,Business,Indore,Chandigarh,44.2,Customer Visit
2024-05-14 13:04,2024-05-14 15:19,Business,Delhi,Kalyan,77.5,Meeting
2024-06-24 22:53,2024-06-25 00:08,Business,Raipur,Ludhiana,42.9,Meeting
2024-09-12 01:10,2024-09-12 03:17,Business,Noida,Lucknow,77.0,Client Meeting
2024-12-20 21:51,2024-12-21 00:06,Personal,Hyderabad,Indore,78.2,Errand/Supplies
2024-11-22 14:25,2024-11-22 15:53,Business,Varanasi,Faridabad,48.1,Conference Visit
2024-04-07 05:18,2024-04-07 06:51,Business,Raipur,Varanasi,57.5,Office Commute
2024-09-22 01:31,2024-09-22 02:56,Business,Kolkata,Noida,45.6,Meal/Entertain
2024-10-18 06:14,2024-10-18 07:58,Business,Vasai,Allahabad,64.0,Meal/Entertain
2024-04-12 10:12,2024-04-12 11:55,Business,Srinagar,Thiruvananthapuram,57.3,Meeting
2024-09-30 06:47,2024-09-30 08:25,Business,Visakhapatnam,Nagpur,58.8,Customer Visit
2024-12-29 10:50,2024-12-29 12:57,Business,Mysore,Delhi,75.4,Meal/Entertain
2024-02-15 09:47,2024-02-15 11:28,Personal,Bhubaneswar,Kanpur,54.5,Meeting
2024-10-09 07:04,2024-10-09 08:38,Business,Mysore,Kolkata,59.3,Temporary Site
2024-12-27 09:20,2024-12-27 10:47,Business,Bangalore,Thiruvananthapuram,45.2,Client Pickup
2024-11-01 11:53,2024-11-01 13:11,Business,Thiruvananthapuram,Aurangabad,42.3,Client Meeting
2024-11-20 22:27,2024-11-21 00:23,Business,Tiruchirappalli,Rajkot,74.6,Client Meeting
2024-02-09 04:04,2024-02-09 05:40,Business,Delhi,Madurai,58.2,Airport Pickup
2024-01-30 05:12,2024-01-30 06:39,Business,Bhopal,Srinagar,54.6,Field Work
2024-05-28 14:56,2024-05-28 16:49,Business,Navi Mumbai,Guwahati,69.2,Office Commute
2024-06-10 23:23,2024-06-11 01:16,Business,Thiruvananthapuram,Howrah,68.9,Team Outing
2024-06-07 11:09,2024-06-07 12:40,Personal,Chandigarh,Allahabad,53.5,Customer Visit
2024-09-20 08:28,2024-09-20 09:56,Business,Navi Mumbai,Surat,48.5,Errand/Supplies
2024-02-21 01:27,2024-02-21 02:55,Business,Allahabad,Ludhiana,47.5,Meal/Entertain
2024-04-17 09:18,2024-04-17 10:55,Business,Bhubaneswar,Hubli,61.5,Field Work
2024-11-28 02:21,2024-11-28 03:53,Business,Faridabad,Amritsar,52.6,Site Inspection
2024-02-24 19:33,2024-02-24 20:56,Business,Aurangabad,Patna,46.4,Meal/Entertain
2024-01-20 03:13,2024-01-20 05:29,Business,Ludhiana,Howrah,77.9,Client Pickup
2024-04-05 19:53,2024-04-05 21:47,Business,Guwahati,Jabalpur,69.5,Client Meeting
2024-12-08 12:33,2024-12-08 14:30,Personal,Lucknow,Amritsar,65.6,Errand/Supplies
2024-12-26 08:24,2024-12-26 09:35,Business,Ahmedabad,Bhubaneswar,40.2,Office Commute
2024-07-07 01:13,2024-07-07 02:21,Business,Bangalore,Ahmedabad,40.5,Errand/Supplies
2024-09-29 20:44,2024-09-29 22:36,Business,Patiala,Meerut,67.1,Airport Drop
2024-09-01 12:17,2024-09-01 13:58,Personal,Visakhapatnam,Bhubaneswar,59.6,Temporary Site
2024-06-03 12:06,2024-06-03 13:28,Business,Lonavala,Kanpur,50.3,Field Work
2024-03-28 11:24,2024-03-28 13:07,Business,Kochi,Bhubaneswar,59.0,Delivery Task
2024-06-30 19:29,2024-06-30 20:43,Business,Hubli,Howrah,44.3,Airport Pickup
2024-05-11 21:10,2024-05-11 22:47,Business,Coimbatore,Vijayawada,57.1,Weekend Trip
2024-12-03 20:37,2024-12-03 22:20,Business,Mysore,Dewas,63.1,Delivery Task
2024-11-19 05:18,2024-11-19 07:09,Business,Nagpur,Guwahati,68.3,Customer Visit
2024-11-27 15:55,2024-11-27 17:22,Business,Aurangabad,Indore,50.2,Customer Visit
2024-07-02 12:28,2024-07-02 14:09,Business,Navi Mumbai,Faridabad,57.5,Errand/Supplies
2024-07-02 18:07,2024-07-02 20:06,Personal,Lucknow,Coimbatore,72.5,Meeting
2024-11-18 20:42,2024-11-18 22:24,Personal,Dewas,Raipur,62.6,Client Pickup
2024-06-23 17:34,2024-06-23 18:44,Business,Nagpur,Vadodara,41.7,Airport Drop
2024-05-14 14:53,2024-05-14 17:04,Business,Pune,Nagpur,79.5,Customer Visit
2024-02-03 23:52,2024-02-04 01:46,Business,Mumbai,Pune,66.7,Meeting
2024-06-12 15:56,2024-06-12 17:50,Personal,Thane,Coimbatore,69.6,Meeting
2024-11-28 13:59,2024-11-28 15:56,Business,Coimbatore,Allahabad,68.2,Customer Visit
2024-04-07 13:13,2024-04-07 14:35,Business,Nagpur,Bangalore,47.6,Customer Visit
2024-03-03 06:44,2024-03-03 08:14,Business,Jodhpur,Guwahati,48.4,Delivery Task
2024-10-22 05:05,2024-10-22 06:19,Business,Mysore,Bangalore,46.3,Meal/Entertain
2024-12-23 05:36,2024-12-23 07:04,Business,Navi Mumbai,Amritsar,46.0,Errand/Supplies
2024-06-28 08:25,2024-06-28 09:50,Business,Jodhpur,Raipur,52.8,Office Commute
2024-06-22 05:22,2024-06-22 07:29,Business,Tiruchirappalli,Navi Mumbai,75.3,Office Commute
2024-03-25 18:41,2024-03-25 20:28,Business,Patiala,Kota,64.1,Customer Visit
2024-01-17 22:21,2024-01-17 23:29,Business,Madurai,Solapur,41.6,Meeting
2024-02-24 13:39,2024-02-24 15:06,Business,Vasai,Amritsar,48.5,Client Pickup
2024-07-03 19:11,2024-07-03 21:08,Business,Lucknow,Rajkot,65.8,Delivery Task
2024-06-09 11:11,2024-06-09 12:41,Business,Varanasi,Hyderabad,54.8,Office Commute
2024-06-28 15:00,2024-06-28 16:23,Business,Kota,Chennai,52.4,Site Inspection
2024-03-25 02:50,2024-03-25 04:27,Business,Faridabad,Gwalior,56.8,Customer Visit
2024-09-08 20:31,2024-09-08 22:11,Business,Coimbatore,Raipur,55.1,Meal/Entertain
2024-10-26 12:20,2024-10-26 14:23,Business,Tiruchirappalli,Vadodara,77.5,Team Outing
2024-05-09 06:49,2024-05-09 08:41,Business,Hyderabad,Gwalior,69.4,Meal/Entertain
2024-10-20 17:12,2024-10-20 18:37,Business,Kolkata,Hubli,52.5,Client Meeting
2024-11-23 10:32,2024-11-23 12:39,Personal,Thiruvananthapuram,Lucknow,71.5,Client Pickup
2024-11-13 07:06,2024-11-13 08:43,Personal,Jodhpur,Mumbai,54.4,Meeting
2024-01-05 21:30,2024-01-05 23:23,Business,Vijayawada,Mysore,71.6,Meeting
2024-12-26 12:45,2024-12-26 14:43,Business,Surat,Visakhapatnam,70.8,Meeting
2024-03-11 19:30,2024-03-11 21:05,Business,Raipur,Dhanbad,52.6,Office Commute
2024-02-04 06:47,2024-02-04 08:30,Business,Ranchi,Guwahati,65.5,Team Outing
2024-05-06 15:10,2024-05-06 17:10,Business,Mumbai,Chennai,75.5,Customer Visit
2024-08-16 07:22,2024-08-16 09:06,Business,Rajkot,Ghaziabad,59.2,Meeting
2024-03-30 06:22,2024-03-30 08:20,Business,Thrissur,Rajkot,65.6,Client Meeting
2024-03-24 02:39,2024-03-24 04:10,Personal,Jodhpur,Kalyan,57.2,Team Outing
2024-01-31 02:09,2024-01-31 03:23,Business,Coimbatore,Nashik,41.8,Client Pickup
2024-02-25 10:27,2024-02-25 12:10,Business,Surat,Lonavala,63.6,Errand/Supplies
2024-10-21 01:42,2024-10-21 03:12,Business,Ahmedabad,Nashik,54.5,Customer Visit
2024-02-29 08:28,2024-02-29 09:49,Personal,Howrah,Vasai,47.6,Customer Visit
2024-09-18 15:24,2024-09-18 16:43,Business,Nagpur,Navi Mumbai,43.5,Office Commute
2024-01-10 22:23,2024-01-11 00:15,Business,Mumbai,Jodhpur,62.3,Field Work
2024-11-10 13:38,2024-11-10 15:33,Business,Thane,Kanpur,66.7,Site Inspection
2024-09-11 20:53,2024-09-11 22:19,Business,Delhi,Nagpur,48.5,Meeting
2024-01-10 08:08,2024-01-10 09:55,Business,Solapur,Lonavala,67.5,Client Meeting
2024-06-16 08:40,2024-06-16 10:15,Business,Kochi,Lucknow,52.1,Meeting
2024-06-16 13:12,2024-06-16 14:50,Business,Jaipur,Nagpur,62.5,Conference Visit
2024-06-07 15:15,2024-06-07 16:37,Business,Patna,Mumbai,48.4,Client Pickup
2024-01-07 08:51,2024-01-07 11:00,Business,Varanasi,Patna,76.2,Weekend Trip
2024-06-14 21:32,2024-06-14 23:29,Business,Hyderabad,Mysore,71.5,Client Meeting
2024-08-07 15:27,2024-08-07 16:58,Personal,Mumbai,Kota,55.1,Site Inspection
2024-06-22 22:58,2024-06-23 00:16,Business,Dewas,Thane,45.7,Team Outing
2024-11-17 12:40,2024-11-17 14:16,Personal,Lonavala,Faridabad,52.2,Meeting
2024-03-05 07:56,2024-03-05 09:52,Business,Vijayawada,Madurai,64.2,Field Work
2024-03-15 17:38,2024-03-15 19:18,Business,Amritsar,Rajkot,58.7,Team Outing
2024-06-16 03:50,2024-06-16 06:00,Business,Ghaziabad,Navi Mumbai,75.1,Meal/Entertain
2024-08-20 19:42,2024-08-20 22:59,Business,Jodhpur,Bengaluru,120.0,Meal/Entertain
2024-11-12 00:45,2024-11-12 02:12,Business,Bangalore,Madurai,46.8,Office Commute
2024-07-01 20:52,2024-07-01 22:43,Business,Solapur,Ranchi,67.8,Airport Pickup
2024-12-11 10:40,2024-12-11 12:44,Business,Guwahati,Ghaziabad,79.4,Office Commute
2024-09-09 10:32,2024-09-09 12:35,Business,Solapur,Faridabad,71.9,Airport Drop
2024-05-05 19:59,2024-05-05 21:54,Business,Bangalore,Ludhiana,64.9,Meeting
2024-01-19 06:32,2024-01-19 08:02,Business,Thane,Bangalore,52.0,Meeting
2024-04-06 03:33,2024-04-06 04:44,Business,Pune,Noida,44.1,Delivery Task
2024-07-01 02:36,2024-07-01 04:05,Business,Bhopal,Jodhpur,47.6,Weekend Trip
2024-11-02 19:12,2024-11-02 21:01,Personal,Mysore,Aurangabad,65.8,Airport Pickup
2024-09-02 07:17,2024-09-02 07:53,Personal,Lonavala,Lonavala,20.7,Errand/Supplies
2024-12-27 07:46,2024-12-27 09:00,Business,Bangalore,Srinagar,46.3,Meal/Entertain
2024-05-22 13:16,2024-05-22 14:56,Personal,Aurangabad,Jaipur,60.0,Weekend Trip
2024-02-08 14:31,2024-02-08 16:01,Personal,Ahmedabad,Agra,49.6,Office Commute
2024-11-12 00:07,2024-11-12 01:35,Business,Chandigarh,Dewas,47.8,Meeting
2024-04-23 01:08,2024-04-23 02:53,Business,Navi Mumbai,Solapur,67.2,Conference Visit
2024-01-18 16:06,2024-01-18 17:26,Business,Mysore,Meerut,46.7,Airport Pickup
2024-07-06 22:20,2024-07-07 00:24,Business,Faridabad,Bhopal,76.6,Team Outing
2024-08-22 17:22,2024-08-22 19:04,Business,Allahabad,Thrissur,64.9,Client Meeting
2024-10-27 07:31,2024-10-27 08:55,Personal,Vasai,Tiruchirappalli,43.9,Weekend Trip
2024-09-27 21:03,2024-09-27 23:02,Business,Lonavala,Navi Mumbai,76.2,Field Work
2024-10-17 18:12,2024-10-17 20:18,Business,Agra,Pune,79.9,Meeting
2024-12-09 03:30,2024-12-09 05:31,Business,Kolkata,Jaipur,73.7,Client Meeting
2024-04-29 23:13,2024-04-30 00:42,Business,Thiruvananthapuram,Solapur,51.8,Client Meeting
2024-10-29 04:34,2024-10-29 06:24,Business,Ghaziabad,Dewas,60.4,Errand/Supplies
2024-10-06 03:32,2024-10-06 05:10,Personal,Bhopal,Jabalpur,52.5,Meeting
2024-08-31 06:03,2024-08-31 07:15,Personal,Howrah,Kanpur,44.5,Customer Visit
2024-02-21 19:08,2024-02-21 20:55,Business,Vasai,Raipur,58.1,Office Commute
2024-11-23 16:28,2024-11-23 18:35,Business,Chandigarh,Madurai,76.2,Customer Visit
2024-10-11 13:58,2024-10-11 15:42,Business,Amritsar,Allahabad,66.3,Meal/Entertain
2024-04-19 22:03,2024-04-19 22:40,Business,Vadodara,Vadodara,19.5,Office Commute
2024-09-15 16:10,2024-09-15 17:21,Business,Coimbatore,Thrissur,44.5,Client Pickup
2024-03-24 09:06,2024-03-24 11:08,Personal,Ahmedabad,Jabalpur,74.8,Site Inspection
2024-09-22 08:16,2024-09-22 09:45,Business,Ghaziabad,Pune,49.3,Site Inspection
2024-02-27 07:18,2024-02-27 08:33,Business,Coimbatore,Raipur,46.4,Delivery Task
2024-06-18 13:54,2024-06-18 15:19,Business,Varanasi,Chennai,44.5,Team Outing
2024-12-17 14:32,2024-12-17 15:52,Business,Mumbai,Indore,46.6,Errand/Supplies
2024-02-09 10:10,2024-02-09 11:57,Business,Chennai,Varanasi,67.2,Meeting
2024-06-17 03:54,2024-06-17 05:19,Business,Jodhpur,Kochi,44.5,Meeting
2024-02-22 16:48,2024-02-22 18:17,Business,Surat,Thrissur,56.5,Conference Visit
2024-06-03 04:05,2024-06-03 05:29,Personal,Coimbatore,Hubli,47.6,Meeting
2024-01-07 02:42,2024-01-07 04:06,Business,Solapur,Chennai,49.4,Delivery Task
2024-07-06 16:56,2024-07-06 18:29,Business,Chennai,Allahabad,52.0,Site Inspection
2024-09-18 15:25,2024-09-18 16:46,Business,Dewas,Noida,51.3,Meal/Entertain
2024-04-19 03:13,2024-04-19 04:56,Business,Jabalpur,Surat,64.3,Site Inspection
2024-11-04 21:20,2024-11-04 23:01,Business,Amritsar,Patiala,57.9,Meal/Entertain
2024-07-31 17:23,2024-07-31 18:56,Business,Agra,Ludhiana,52.8,Errand/Supplies
2024-10-30 13:41,2024-10-30 15:04,Business,Kalyan,Visakhapatnam,42.5,Temporary Site
2024-01-20 05:28,2024-01-20 07:09,Business,Lucknow,Ghaziabad,64.4,Office Commute
2024-09-09 14:16,2024-09-09 16:34,Business,Meerut,Noida,79.8,Delivery Task
2024-05-11 22:37,2024-05-12 00:38,Business,Jodhpur,Guwahati,73.2,Meeting
2024-07-12 05:30,2024-07-12 05:47,Personal,Hubli,Hubli,5.2,Meeting
2024-06-20 22:10,2024-06-20 23:57,Business,Kochi,Chennai,63.8,Meeting
2024-01-11 00:27,2024-01-11 01:46,Business,Visakhapatnam,Rajkot,47.5,Client Pickup
2024-01-05 05:25,2024-01-05 06:55,Personal,Tiruchirappalli,Pune,49.5,Weekend Trip
2024-03-16 01:28,2024-03-16 02:44,Business,Bengaluru,Bangalore,42.5,Customer Visit
2024-07-26 10:45,2024-07-26 12:41,Business,Ahmedabad,Kanpur,74.0,Meal/Entertain
2024-01-12 10:40,2024-01-12 11:52,Business,Aurangabad,Varanasi,41.6,Meal/Entertain
2024-09-18 21:56,2024-09-18 23:19,Business,Howrah,Allahabad,42.6,Errand/Supplies
2024-07-03 07:45,2024-07-03 09:43,Business,Navi Mumbai,Raipur,74.2,Field Work
2024-04-15 10:43,2024-04-15 12:39,Business,Rajkot,Bangalore,66.7,Airport Pickup
2024-07-17 03:32,2024-07-17 05:15,Business,Thane,Tiruchirappalli,57.4,Office Commute
2024-11-01 00:43,2024-11-01 02:05,Business,Delhi,Navi Mumbai,46.5,Meal/Entertain
2024-01-10 19:15,2024-01-10 21:08,Business,Thrissur,Amritsar,66.4,Field Work
2024-04-05 17:06,2024-04-05 18:18,Personal,Navi Mumbai,Howrah,43.2,Meeting
2024-10-19 11:03,2024-10-19 12:22,Business,Mumbai,Amritsar,44.0,Office Commute
2024-11-05 00:43,2024-11-05 02:24,Business,Thiruvananthapuram,Vijayawada,56.3,Customer Visit
2024-11-30 04:33,2024-11-30 05:52,Business,Kolkata,Kochi,42.8,Office Commute
2024-02-07 10:49,2024-02-07 12:53,Business,Bhubaneswar,Guwahati,69.5,Customer Visit
2024-06-12 22:52,2024-06-13 00:11,Business,Allahabad,Mumbai,43.8,Office Commute
2024-06-30 05:58,2024-06-30 07:32,Personal,Hyderabad,Aurangabad,59.3,Customer Visit
2024-01-02 15:06,2024-01-02 16:31,Personal,Bhubaneswar,Varanasi,48.2,Client Meeting
2024-07-15 01:05,2024-07-15 02:33,Personal,Raipur,Indore,52.2,Client Meeting
2024-03-14 15:10,2024-03-14 16:38,Business,Kochi,Kolkata,52.9,Team Outing
2024-09-07 05:37,2024-09-07 07:25,Business,Amritsar,Nashik,65.4,Office Commute
2024-10-31 09:55,2024-10-31 11:40,Personal,Madurai,Guwahati,62.2,Conference Visit
2024-06-27 02:16,2024-06-27 03:36,Personal,Jabalpur,Raipur,47.0,Conference Visit
2024-09-01 03:10,2024-09-01 04:36,Personal,Nashik,Nagpur,47.6,Delivery Task
2024-03-04 11:04,2024-03-04 12:54,Business,Pune,Kota,65.1,Airport Drop
2024-07-14 08:34,2024-07-14 10:05,Personal,Ahmedabad,Vasai,49.7,Client Meeting
2024-07-24 06:03,2024-07-24 07:53,Personal,Patiala,Kanpur,64.3,Site Inspection
2024-02-22 13:13,2024-02-22 14:49,Business,Srinagar,Jaipur,51.4,Meeting
2024-10-21 16:29,2024-10-21 18:05,Personal,Faridabad,Mysore,52.8,Client Pickup
2024-08-22 02:36,2024-08-22 04:25,Business,Surat,Patna,68.4,Meal/Entertain
2024-06-06 09:18,2024-06-06 11:07,Personal,Meerut,Rajkot,66.5,Client Meeting
2024-12-02 12:33,2024-12-02 14:04,Personal,Surat,Chandigarh,53.3,Site Inspection
2024-12-30 16:49,2024-12-30 18:59,Business,Thrissur,Faridabad,75.8,Customer Visit
2024-10-29 17:52,2024-10-29 19:12,Business,Navi Mumbai,Chennai,49.8,Client Meeting
2024-05-25 09:39,2024-05-25 11:03,Business,Bhopal,Ghaziabad,45.3,Site Inspection
2024-05-13 08:25,2024-05-13 10:16,Business,Pune,Delhi,67.6,Airport Drop
2024-12-03 09:15,2024-12-03 10:43,Personal,Vadodara,Kalyan,46.9,Meeting
2024-01-13 11:42,2024-01-13 13:17,Business,Coimbatore,Varanasi,54.6,Meeting
2024-02-15 12:19,2024-02-15 13:04,Business,Guwahati,Guwahati,21.0,Office Commute
2024-02-02 15:25,2024-02-02 17:28,Business,Dewas,Guwahati,77.4,Client Meeting
2024-04-12 21:45,2024-04-12 23:52,Business,Bengaluru,Kolkata,75.6,Meeting
2024-10-24 05:11,2024-10-24 06:35,Business,Mumbai,Hyderabad,51.6,Client Pickup
2024-11-28 13:14,2024-11-28 14:46,Personal,Navi Mumbai,Meerut,52.0,Office Commute
2024-01-29 23:16,2024-01-30 01:20,Business,Jaipur,Faridabad,76.0,Client Meeting
2024-04-16 01:34,2024-04-16 03:48,Business,Nashik,Bhopal,76.4,Errand/Supplies
2024-05-30 10:47,2024-05-30 12:16,Business,Noida,Nashik,50.1,Site Inspection
2024-06-20 17:13,2024-06-20 18:53,Business,Coimbatore,Mysore,60.0,Site Inspection
2024-09-10 03:20,2024-09-10 04:59,Personal,Ghaziabad,Kochi,52.9,Meal/Entertain
2024-05-19 20:41,2024-05-19 22:41,Personal,Jabalpur,Solapur,72.5,Airport Drop
2024-02-16 07:17,2024-02-16 08:48,Business,Tiruchirappalli,Agra,52.6,Meeting
2024-11-28 16:23,2024-11-28 18:07,Business,Jabalpur,Noida,61.2,Conference Visit
2024-12-14 15:01,2024-12-14 17:08,Business,Kota,Varanasi,76.7,Meeting
2024-08-04 14:11,2024-08-04 16:09,Business,Amritsar,Hyderabad,72.5,Meeting
2024-01-10 23:38,2024-01-11 01:44,Personal,Ghaziabad,Hubli,79.9,Weekend Trip
2024-04-02 16:01,2024-04-02 17:39,Business,Bhubaneswar,Ghaziabad,52.0,Team Outing
2024-12-30 23:17,2024-12-31 01:25,Personal,Madurai,Navi Mumbai,79.1,Customer Visit
2024-09-03 21:03,2024-09-03 23:09,Business,Howrah,Dewas,79.5,Office Commute
2024-06-12 09:22,2024-06-12 10:39,Business,Vijayawada,Guwahati,40.5,Customer Visit
2024-10-18 06:03,2024-10-18 07:46,Business,Bhopal,Rajkot,56.5,Office Commute
2024-02-27 02:28,2024-02-27 04:27,Business,Vijayawada,Howrah,75.2,Client Meeting
2024-09-01 05:04,2024-09-01 07:07,Business,Ludhiana,Vijayawada,78.2,Temporary Site
2024-05-15 22:12,2024-05-15 23:43,Personal,Jaipur,Hyderabad,57.5,Office Commute
2024-02-23 21:38,2024-02-23 22:06,Business,Bengaluru,Bengaluru,11.4,Field Work
2024-07-05 15:29,2024-07-05 16:50,Personal,Bangalore,Kalyan,47.5,Meal/Entertain
2024-11-02 11:54,2024-11-02 13:38,Business,Meerut,Visakhapatnam,61.6,Field Work
2024-08-03 05:22,2024-08-03 06:49,Business,Navi Mumbai,Bhubaneswar,46.9,Customer Visit
2024-07-31 19:41,2024-07-31 21:37,Business,Varanasi,Bangalore,68.1,Meal/Entertain
2024-08-22 18:26,2024-08-22 20:07,Business,Chandigarh,Jabalpur,55.2,Conference Visit
2024-01-24 22:39,2024-01-24 23:47,Personal,Lucknow,Varanasi,41.3,Conference Visit
2024-04-09 23:01,2024-04-10 00:34,Business,Gwalior,Bangalore,50.8,Meeting
2024-03-06 20:35,2024-03-06 22:37,Personal,Agra,Noida,73.7,Customer Visit
2024-10-06 00:00,2024-10-06 01:41,Business,Raipur,Tiruchirappalli,56.9,Weekend Trip
2024-11-23 09:51,2024-11-23 11:48,Business,Mysore,Jabalpur,68.2,Errand/Supplies
2024-06-26 11:09,2024-06-26 13:00,Personal,Ranchi,Nagpur,64.0,Airport Pickup
2024-10-19 15:19,2024-10-19 16:51,Business,Patiala,Kota,48.5,Team Outing
2024-03-30 04:13,2024-03-30 05:28,Business,Pune,Solapur,46.8,Airport Drop
2024-09-13 08:22,2024-09-13 10:07,Personal,Hyderabad,Hubli,63.0,Airport Pickup
2024-10-06 13:52,2024-10-06 15:28,Business,Jaipur,Kochi,58.8,Errand/Supplies
2024-10-10 09:53,2024-10-10 11:37,Business,Allahabad,Jabalpur,64.2,Client Pickup
2024-03-30 06:41,2024-03-30 08:36,Business,Hubli,Agra,72.7,Office Commute
2024-01-10 20:54,2024-01-10 22:28,Business,Faridabad,Hyderabad,57.3,Temporary Site
2024-08-28 09:14,2024-08-28 11:08,Business,Ludhiana,Indore,65.3,Client Meeting
2024-06-30 18:06,2024-06-30 19:41,Business,Kanpur,Raipur,52.3,Customer Visit
2024-11-05 14:25,2024-11-05 16:25,Personal,Ahmedabad,Vijayawada,73.8,Conference Visit
2024-05-31 05:39,2024-05-31 07:06,Business,Bangalore,Amritsar,51.6,Meeting
2024-04-20 23:01,2024-04-21 00:59,Business,Patiala,Bhubaneswar,73.5,Temporary Site
2024-04-17 17:46,2024-04-17 19:09,Business,Ludhiana,Ahmedabad,45.2,Office Commute
2024-11-01 07:42,2024-11-01 09:15,Business,Mysore,Gwalior,54.0,Office Commute
2024-11-07 02:49,2024-11-07 04:22,Business,Hubli,Jodhpur,53.5,Weekend Trip
2024-10-10 11:07,2024-10-10 12:49,Business,Noida,Faridabad,58.1,Airport Drop
2024-12-23 17:43,2024-12-23 19:52,Business,Allahabad,Thiruvananthapuram,75.8,Office Commute
2024-07-07 16:21,2024-07-07 17:08,Personal,Srinagar,Srinagar,22.9,Customer Visit
2024-10-09 12:02,2024-10-09 13:54,Personal,Meerut,Thane,69.1,Site Inspection
2024-12-30 08:45,2024-12-30 10:55,Personal,Hyderabad,Aurangabad,77.7,Conference Visit
2024-01-20 22:52,2024-01-21 00:49,Business,Kalyan,Kolkata,73.8,Errand/Supplies
2024-11-26 22:08,2024-11-27 00:04,Business,Patiala,Lonavala,70.9,Meal/Entertain
2024-03-09 00:34,2024-03-09 02:25,Business,Tiruchirappalli,Kota,65.4,Office Commute
2024-05-07 06:54,2024-05-07 09:03,Personal,Mumbai,Patna,79.7,Office Commute
2024-09-20 13:24,2024-09-20 14:59,Business,Dewas,Surat,59.9,Field Work
2024-05-11 19:36,2024-05-11 21:28,Personal,Chandigarh,Amritsar,66.6,Errand/Supplies
2024-10-04 11:36,2024-10-04 13:03,Business,Allahabad,Kochi,53.7,Customer Visit
2024-05-04 05:29,2024-05-04 07:22,Business,Bhubaneswar,Gwalior,62.6,Customer Visit
2024-05-12 07:38,2024-05-12 09:26,Personal,Varanasi,Hubli,67.8,Office Commute
2024-07-06 05:15,2024-07-06 07:08,Business,Raipur,Delhi,64.3,Airport Pickup
2024-06-11 00:52,2024-06-11 02:35,Business,Raipur,Faridabad,64.6,Office Commute
2024-01-09 10:52,2024-01-09 12:49,Business,Howrah,Bhubaneswar,69.9,Meal/Entertain
2024-11-03 00:57,2024-11-03 02:10,Business,Amritsar,Lucknow,40.9,Errand/Supplies
2024-07-23 17:57,2024-07-23 19:21,Personal,Dewas,Ghaziabad,43.0,Customer Visit
2024-03-10 17:36,2024-03-10 19:01,Business,Ludhiana,Lonavala,45.8,Client Pickup
2024-03-14 05:49,2024-03-14 07:53,Business,Vasai,Indore,75.7,Customer Visit
2024-01-26 14:45,2024-01-26 18:05,Business,Pune,Lucknow,120.5,Customer Visit
2024-04-05 05:30,2024-04-05 07:04,Business,Bangalore,Thane,55.4,Client Pickup
2024-07-14 23:14,2024-07-15 00:43,Business,Thrissur,Ranchi,49.3,Site Inspection
2024-11-08 08:59,2024-11-08 10:42,Business,Gwalior,Noida,56.8,Meal/Entertain
2024-08-22 21:59,2024-08-22 23:10,Business,Amritsar,Patiala,40.6,Team Outing
2024-01-19 17:59,2024-01-19 19:42,Business,Bangalore,Dhanbad,62.1,Office Commute
2024-12-27 02:21,2024-12-27 04:13,Business,Patna,Vijayawada,63.2,Airport Drop
2024-07-12 15:56,2024-07-12 18:10,Business,Lonavala,Rajkot,77.3,Meeting
2024-05-12 20:18,2024-05-12 22:28,Business,Surat,Kolkata,74.1,Meeting
2024-08-27 19:19,2024-08-27 20:43,Business,Jaipur,Howrah,52.0,Client Meeting
2024-08-26 05:07,2024-08-26 06:52,Business,Dewas,Ghaziabad,60.2,Meal/Entertain
2024-10-26 15:04,2024-10-26 16:24,Personal,Thane,Vadodara,48.1,Weekend Trip
2024-03-20 18:41,2024-03-20 20:11,Business,Bengaluru,Vasai,52.6,Office Commute
2024-02-22 13:01,2024-02-22 14:55,Business,Thiruvananthapuram,Amritsar,69.3,Field Work
2024-02-01 22:34,2024-02-02 00:41,Business,Pune,Faridabad,77.8,Team Outing
2024-09-11 07:24,2024-09-11 08:43,Business,Jabalpur,Patna,42.8,Customer Visit
2024-02-25 15:14,2024-02-25 16:58,Personal,Hyderabad,Ranchi,58.6,Airport Drop
2024-06-13 02:47,2024-06-13 04:40,Business,Ghaziabad,Ahmedabad,72.0,Errand/Supplies
2024-09-02 12:55,2024-09-02 14:09,Business,Jaipur,Kochi,44.2,Meeting
2024-07-04 10:44,2024-07-04 12:50,Business,Ranchi,Thiruvananthapuram,72.6,Office Commute
2024-04-20 22:26,2024-04-21 00:03,Business,Chennai,Bengaluru,56.8,Customer Visit
2024-12-07 06:32,2024-12-07 08:18,Personal,Ranchi,Ghaziabad,58.1,Meal/Entertain
2024-06-18 15:06,2024-06-18 16:37,Business,Faridabad,Amritsar,51.3,Meeting
2024-09-15 22:03,2024-09-15 23:29,Business,Thiruvananthapuram,Kota,53.8,Airport Pickup
2024-05-20 06:51,2024-05-20 08:48,Personal,Chennai,Dhanbad,71.0,Airport Drop
2024-07-31 02:56,2024-07-31 03:18,Business,Kolkata,Kolkata,8.2,Client Meeting
2024-08-22 00:30,2024-08-22 02:23,Personal,Madurai,Ghaziabad,70.7,Airport Pickup
2024-04-26 13:39,2024-04-26 15:38,Business,Mysore,Patiala,68.7,Airport Pickup
2024-08-14 04:09,2024-08-14 05:36,Business,Bangalore,Jaipur,53.4,Errand/Supplies
2024-11-20 18:03,2024-11-20 19:36,Business,Ranchi,Raipur,51.1,Errand/Supplies
2024-10-25 01:12,2024-10-25 02:52,Business,Patiala,Gwalior,57.3,Team Outing
2024-04-10 03:07,2024-04-10 04:14,Business,Chandigarh,Faridabad,40.2,Site Inspection
2024-12-06 05:20,2024-12-06 06:46,Business,Jabalpur,Chennai,46.2,Delivery Task
2024-12-11 20:48,2024-12-11 22:08,Business,Lonavala,Madurai,50.2,Client Meeting
2024-07-08 13:07,2024-07-08 14:51,Business,Surat,Aurangabad,58.8,Delivery Task
2024-05-25 22:14,2024-05-26 00:14,Business,Solapur,Allahabad,67.4,Team Outing
2024-03-29 17:52,2024-03-29 19:50,Business,Allahabad,Ranchi,67.2,Temporary Site
2024-12-16 23:04,2024-12-17 01:07,Business,Lonavala,Chandigarh,78.1,Office Commute
2024-01-23 06:02,2024-01-23 07:57,Personal,Ranchi,Bhubaneswar,67.9,Customer Visit
2024-01-13 14:28,2024-01-13 16:42,Business,Patiala,Aurangabad,76.0,Weekend Trip
2024-09-18 08:04,2024-09-18 09:41,Business,Faridabad,Guwahati,56.9,Office Commute
2024-01-05 21:13,2024-01-05 23:12,Business,Bengaluru,Kalyan,66.5,Errand/Supplies
2024-02-04 02:22,2024-02-04 04:20,Business,Mysore,Nashik,67.4,Meal/Entertain
2024-03-09 22:17,2024-03-09 23:56,Personal,Varanasi,Guwahati,52.9,Conference Visit
2024-10-03 08:52,2024-10-03 10:46,Business,Indore,Gwalior,68.7,Delivery Task
2024-07-09 06:04,2024-07-09 08:04,Business,Vadodara,Bhubaneswar,70.2,Meal/Entertain
2024-06-13 05:45,2024-06-13 07:42,Business,Vijayawada,Bangalore,67.2,Office Commute
2024-10-15 10:36,2024-10-15 12:15,Business,Ludhiana,Visakhapatnam,53.9,Site Inspection
2024-09-20 01:17,2024-09-20 03:25,Business,Bhopal,Pune,73.4,Conference Visit
2024-08-14 03:07,2024-08-14 04:54,Business,Bangalore,Vadodara,62.4,Site Inspection
2024-04-02 19:29,2024-04-02 21:42,Business,Allahabad,Mumbai,77.4,Customer Visit
2024-12-08 18:30,2024-12-08 20:06,Personal,Ghaziabad,Kalyan,53.7,Site Inspection
2024-12-18 01:18,2024-12-18 02:32,Personal,Hubli,Bhopal,44.7,Airport Drop
2024-03-13 23:09,2024-03-14 00:43,Business,Dhanbad,Dewas,56.6,Airport Drop
2024-07-17 08:37,2024-07-17 10:41,Business,Bhubaneswar,Ghaziabad,77.2,Delivery Task
2024-02-19 23:11,2024-02-20 00:22,Business,Jabalpur,Jodhpur,42.7,Client Meeting
2024-06-24 04:05,2024-06-24 06:13,Business,Chandigarh,Noida,76.1,Delivery Task
2024-08-13 03:30,2024-08-13 05:42,Business,Meerut,Thrissur,75.1,Airport Pickup
2024-11-17 06:46,2024-11-17 08:38,Personal,Meerut,Howrah,62.8,Client Meeting
2024-03-28 04:10,2024-03-28 05:41,Business,Ranchi,Delhi,57.0,Airport Drop
2024-10-02 04:49,2024-10-02 06:03,Business,Indore,Chennai,42.0,Airport Drop
2024-03-11 01:44,2024-03-11 03:59,Business,Jaipur,Mumbai,79.6,Airport Drop
2024-02-21 17:01,2024-02-21 18:38,Business,Thiruvananthapuram,Mumbai,56.9,Temporary Site
2024-08-15 17:44,2024-08-15 19:05,Business,Agra,Bhopal,51.3,Team Outing
2024-10-19 11:49,2024-10-19 13:54,Business,Bhopal,Lonavala,78.9,Client Meeting
2024-06-30 05:52,2024-06-30 07:22,Business,Mumbai,Thiruvananthapuram,57.0,Meeting
2024-11-11 11:13,2024-11-11 12:50,Business,Thrissur,Ludhiana,53.8,Conference Visit
2024-01-05 16:30,2024-01-05 17:58,Business,Agra,Kalyan,47.0,Team Outing
2024-10-13 04:28,2024-10-13 05:56,Business,Delhi,Indore,48.2,Meeting
2024-04-22 08:45,2024-04-22 10:32,Business,Lonavala,Kolkata,64.8,Meeting
2024-01-01 17:24,2024-01-01 19:26,Business,Srinagar,Nagpur,72.0,Meal/Entertain
2024-03-25 07:24,2024-03-25 09:16,Business,Varanasi,Agra,68.4,Conference Visit
2024-10-02 12:32,2024-10-02 14:22,Personal,Kota,Dewas,61.0,Customer Visit
2024-10-17 13:15,2024-10-17 14:52,Personal,Howrah,Vadodara,55.2,Meal/Entertain
2024-11-21 20:32,2024-11-21 22:37,Personal,Bhubaneswar,Patna,71.5,Site Inspection
2024-02-28 17:43,2024-02-28 19:29,Business,Bangalore,Bhopal,67.6,Customer Visit
2024-11-23 09:58,2024-11-23 11:16,Business,Faridabad,Thrissur,40.1,Temporary Site
2024-05-07 23:18,2024-05-08 01:19,Business,Tiruchirappalli,Thiruvananthapuram,68.8,Site Inspection
2024-12-22 16:50,2024-12-22 18:17,Personal,Bhubaneswar,Patiala,53.4,Meeting
2024-07-14 03:47,2024-07-14 05:49,Business,Raipur,Bengaluru,77.2,Client Pickup
2024-12-30 18:30,2024-12-30 19:42,Personal,Kolkata,Lonavala,41.2,Office Commute
2024-06-01 08:20,2024-06-01 09:57,Business,Navi Mumbai,Jodhpur,55.7,Office Commute
2024-03-02 12:04,2024-03-02 14:01,Business,Kota,Coimbatore,66.0,Meeting
2024-01-04 22:47,2024-01-05 00:14,Business,Tiruchirappalli,Hubli,51.2,Meeting
2024-03-08 04:46,2024-03-08 06:02,Business,Delhi,Patna,42.0,Customer Visit
2024-05-13 23:58,2024-05-14 01:30,Business,Ahmedabad,Thrissur,54.4,Meal/Entertain
2024-10-02 22:16,2024-10-02 23:41,Personal,Patiala,Ranchi,48.0,Weekend Trip
2024-09-24 10:48,2024-09-24 12:44,Business,Ranchi,Hyderabad,67.6,Customer Visit
2024-05-12 22:30,2024-05-13 00:10,Business,Kalyan,Kochi,63.3,Meeting
2024-01-22 04:06,2024-01-22 06:05,Business,Thiruvananthapuram,Thane,69.3,Errand/Supplies
2024-11-02 16:24,2024-11-02 17:34,Personal,Jodhpur,Lucknow,42.5,Team Outing
2024-02-28 22:31,2024-02-29 00:08,Business,Bhubaneswar,Pune,55.9,Airport Drop
2024-08-22 10:15,2024-08-22 10:53,Personal,Tiruchirappalli,Tiruchirappalli,20.9,Field Work
2024-07-15 06:01,2024-07-15 07:56,Personal,Lucknow,Indore,68.9,Meal/Entertain
2024-12-18 05:14,2024-12-18 05:55,Business,Lucknow,Lucknow,23.2,Site Inspection
2024-07-11 21:07,2024-07-11 22:53,Business,Hubli,Bhopal,58.7,Meeting
2024-02-02 23:18,2024-02-03 01:00,Business,Guwahati,Mumbai,56.0,Weekend Trip
2024-02-23 11:08,2024-02-23 13:08,Personal,Tiruchirappalli,Indore,73.6,Customer Visit
2024-02-12 03:29,2024-02-12 05:29,Personal,Bhubaneswar,Raipur,70.0,Client Pickup
2024-11-12 08:40,2024-11-12 10:18,Personal,Patiala,Guwahati,62.5,Office Commute
2024-08-06 05:16,2024-08-06 07:02,Business,Varanasi,Tiruchirappalli,62.5,Office Commute
2024-10-16 04:55,2024-10-16 06:48,Business,Mysore,Srinagar,66.8,Airport Drop
2024-11-10 02:26,2024-11-10 04:12,Business,Ranchi,Tiruchirappalli,59.2,Airport Pickup
2024-12-22 17:34,2024-12-22 19:44,Business,Vadodara,Jodhpur,75.3,Meal/Entertain
2024-12-08 09:01,2024-12-08 10:53,Business,Hyderabad,Navi Mumbai,71.1,Airport Drop
2024-05-22 17:23,2024-05-22 18:44,Business,Raipur,Vasai,43.6,Conference Visit
2024-02-25 00:14,2024-02-25 01:55,Business,Rajkot,Jodhpur,60.6,Client Pickup
2024-12-29 10:28,2024-12-29 12:24,Business,Mumbai,Pune,70.6,Meeting
2024-09-04 10:22,2024-09-04 11:46,Business,Jaipur,Thane,43.5,Team Outing
2024-05-07 01:31,2024-05-07 03:16,Business,Ahmedabad,Kalyan,62.5,Temporary Site
2024-01-17 03:37,2024-01-17 05:25,Personal,Kalyan,Allahabad,59.7,Customer Visit
2024-11-29 04:21,2024-11-29 05:34,Business,Bhubaneswar,Agra,41.2,Airport Pickup
2024-08-01 06:17,2024-08-01 07:58,Business,Visakhapatnam,Navi Mumbai,62.0,Meeting
2024-07-04 03:29,2024-07-04 05:10,Personal,Aurangabad,Chennai,55.8,Team Outing
2024-09-08 05:14,2024-09-08 06:34,Business,Dhanbad,Kochi,40.7,Office Commute
2024-12-13 21:37,2024-12-13 23:24,Personal,Dhanbad,Gwalior,60.1,Conference Visit
2024-02-09 02:02,2024-02-09 03:34,Business,Jabalpur,Kalyan,58.4,Meeting
2024-11-08 20:04,2024-11-08 21:37,Business,Indore,Jodhpur,53.0,Team Outing
2024-07-08 22:54,2024-07-09 00:49,Personal,Thrissur,Vadodara,63.6,Field Work
2024-03-19 03:34,2024-03-19 05:35,Personal,Allahabad,Hubli,72.7,Client Pickup
2024-08-17 06:24,2024-08-17 08:14,Business,Aurangabad,Jodhpur,63.9,Conference Visit
2024-07-11 07:10,2024-07-11 09:01,Business,Guwahati,Kanpur,66.2,Airport Drop
2024-06-15 12:17,2024-06-15 16:41,Business,Raipur,Patiala,170.8,Field Work
2024-02-06 16:59,2024-02-06 18:20,Business,Amritsar,Tiruchirappalli,48.5,Customer Visit
2024-06-11 22:42,2024-06-12 00:41,Business,Mysore,Thane,73.6,Site Inspection
2024-12-13 10:08,2024-12-13 12:00,Business,Hubli,Guwahati,71.1,Client Meeting
2024-04-28 18:46,2024-04-28 20:21,Business,Patna,Allahabad,60.6,Meal/Entertain
2024-11-19 02:38,2024-11-19 04:16,Business,Tiruchirappalli,Bangalore,55.4,Delivery Task
2024-01-16 21:04,2024-01-16 22:52,Personal,Nagpur,Surat,69.3,Client Meeting
2024-12-11 05:48,2024-12-11 06:57,Personal,Aurangabad,Vijayawada,42.2,Meal/Entertain
2024-04-10 01:18,2024-04-10 03:31,Business,Kochi,Dewas,77.5,Client Pickup
2024-04-30 00:22,2024-04-30 01:55,Business,Kochi,Vijayawada,49.3,Client Meeting
2024-03-31 02:11,2024-03-31 04:02,Business,Gwalior,Faridabad,70.1,Field Work
2024-08-11 01:34,2024-08-11 03:01,Business,Meerut,Nagpur,48.4,Office Commute
2024-02-25 17:03,2024-02-25 18:42,Business,Mumbai,Jaipur,60.9,Errand/Supplies
2024-09-13 10:23,2024-09-13 11:43,Business,Delhi,Agra,45.0,Office Commute
2024-01-27 07:36,2024-01-27 09:05,Business,Noida,Surat,54.3,Customer Visit
2024-10-20 11:35,2024-10-20 12:53,Business,Bangalore,Vasai,41.7,Airport Drop
2024-04-24 02:28,2024-04-24 03:38,Business,Nagpur,Howrah,40.6,Meeting
2024-05-01 18:09,2024-05-01 20:17,Business,Patiala,Mumbai,73.0,Errand/Supplies
2024-10-09 23:57,2024-10-10 00:34,Business,Nashik,Nashik,16.8,Meal/Entertain
2024-10-02 14:58,2024-10-02 16:50,Business,Solapur,Srinagar,62.3,Delivery Task
2024-06-16 01:48,2024-06-16 03:17,Business,Patna,Kalyan,55.6,Client Meeting
2024-07-22 08:11,2024-07-22 10:16,Business,Navi Mumbai,Jaipur,73.7,Airport Drop
2024-11-18 21:39,2024-11-18 23:05,Personal,Vasai,Thrissur,48.1,Office Commute
2024-07-01 16:18,2024-07-01 18:05,Business,Ahmedabad,Noida,64.5,Office Commute
2024-09-10 09:31,2024-09-10 11:22,Business,Madurai,Kolkata,66.8,Conference Visit
2024-04-02 17:56,2024-04-02 19:17,Business,Ahmedabad,Ludhiana,47.9,Customer Visit
2024-08-30 03:17,2024-08-30 04:48,Business,Pune,Solapur,48.2,Customer Visit
2024-04-04 02:55,2024-04-04 04:50,Business,Raipur,Agra,70.1,Client Pickup
2024-04-29 23:19,2024-04-30 00:46,Business,Varanasi,Agra,53.9,Client Meeting
2024-12-02 18:09,2024-12-02 19:30,Business,Meerut,Hubli,48.9,Airport Pickup
2024-05-12 11:28,2024-05-12 13:11,Business,Aurangabad,Thiruvananthapuram,56.6,Temporary Site
2024-06-24 15:55,2024-06-24 17:50,Personal,Thrissur,Kochi,63.8,Delivery Task
2024-12-05 08:54,2024-12-05 10:45,Business,Aurangabad,Mysore,68.2,Meal/Entertain
2024-03-01 14:49,2024-03-01 16:11,Business,Solapur,Allahabad,42.4,Team Outing
2024-07-14 12:47,2024-07-14 13:58,Business,Hubli,Thane,41.3,Delivery Task
2024-01-06 00:47,2024-01-06 02:16,Business,Faridabad,Patna,48.4,Client Meeting
2024-12-04 14:49,2024-12-04 16:05,Business,Kochi,Lonavala,44.4,Client Pickup
2024-03-08 22:48,2024-03-09 00:44,Business,Guwahati,Solapur,66.5,Delivery Task
2024-03-14 12:48,2024-03-14 14:32,Business,Hubli,Hyderabad,58.6,Meeting
2024-04-10 11:51,2024-04-10 13:35,Business,Gwalior,Mumbai,59.1,Office Commute
2024-06-24 18:36,2024-06-24 20:11,Business,Bengaluru,Pune,52.7,Office Commute
2024-11-09 07:34,2024-11-09 09:31,Business,Solapur,Coimbatore,68.8,Office Commute
2024-02-26 18:50,2024-02-26 20:36,Business,Patna,Thane,60.7,Conference Visit
2024-08-22 09:26,2024-08-22 11:22,Business,Bhubaneswar,Rajkot,73.7,Client Pickup
2024-02-10 11:28,2024-02-10 12:57,Business,Raipur,Bhopal,54.6,Field Work
2024-12-12 20:48,2024-12-12 22:25,Business,Thiruvananthapuram,Bhopal,57.3,Meeting
2024-05-04 04:26,2024-05-04 06:05,Personal,Surat,Dhanbad,53.8,Meal/Entertain
2024-01-15 09:35,2024-01-15 11:20,Business,Kanpur,Gwalior,59.8,Office Commute
2024-07-25 15:08,2024-07-25 17:04,Business,Amritsar,Patiala,74.6,Weekend Trip
2024-01-27 07:06,2024-01-27 09:02,Business,Nagpur,Madurai,69.4,Meeting
2024-10-21 22:08,2024-10-21 23:31,Personal,Ghaziabad,Kanpur,42.4,Weekend Trip
2024-12-23 23:14,2024-12-24 00:31,Business,Hubli,Lucknow,42.1,Office Commute
2024-09-24 06:01,2024-09-24 06:31,Business,Ranchi,Ranchi,12.5,Client Meeting
2024-04-04 20:12,2024-04-04 22:00,Business,Tiruchirappalli,Dewas,63.1,Meeting
2024-05-04 16:09,2024-05-04 17:44,Business,Nashik,Varanasi,51.2,Meal/Entertain
2024-12-05 08:18,2024-12-05 10:24,Business,Amritsar,Hyderabad,74.5,Office Commute
2024-09-04 18:17,2024-09-04 20:22,Business,Rajkot,Kota,77.5,Meal/Entertain
2024-09-05 11:42,2024-09-05 12:53,Business,Jodhpur,Delhi,40.3,Meal/Entertain
2024-10-13 23:50,2024-10-14 01:58,Business,Thane,Chennai,79.8,Client Meeting
2024-10-17 06:39,2024-10-17 08:35,Business,Kolkata,Bangalore,66.6,Office Commute
2024-12-19 03:03,2024-12-19 05:01,Business,Srinagar,Chennai,67.5,Meeting
2024-07-05 22:59,2024-07-06 01:01,Business,Mysore,Visakhapatnam,69.4,Airport Drop
2024-03-24 17:32,2024-03-24 19:45,Business,Rajkot,Thane,75.7,Client Pickup
2024-04-18 09:29,2024-04-18 11:09,Business,Ahmedabad,Dewas,53.8,Meal/Entertain
2024-03-13 00:14,2024-03-13 02:24,Business,Meerut,Solapur,74.8,Customer Visit
2024-12-22 12:26,2024-12-22 14:26,Business,Ludhiana,Bengaluru,74.7,Office Commute
2024-04-18 22:36,2024-04-19 00:26,Business,Surat,Nashik,69.0,Weekend Trip
2024-09-29 12:17,2024-09-29 13:39,Personal,Srinagar,Surat,47.0,Airport Drop
2024-12-30 16:27,2024-12-30 17:44,Business,Bhubaneswar,Lucknow,40.0,Errand/Supplies
2024-12-02 22:04,2024-12-02 23:46,Personal,Coimbatore,Indore,63.2,Office Commute
2024-04-18 01:03,2024-04-18 02:30,Business,Vijayawada,Lucknow,53.7,Office Commute
2024-12-14 13:41,2024-12-14 15:12,Business,Thrissur,Madurai,52.7,Office Commute
2024-03-31 04:39,2024-03-31 05:58,Business,Bangalore,Ghaziabad,42.0,Customer Visit
2024-07-03 09:51,2024-07-03 11:11,Business,Jodhpur,Dhanbad,46.0,Field Work
2024-04-29 18:02,2024-04-29 19:57,Business,Hubli,Patiala,64.5,Client Meeting
2024-05-19 22:08,2024-05-20 00:24,Business,Mysore,Thiruvananthapuram,78.0,Conference Visit
2024-10-04 05:01,2024-10-04 06:49,Business,Bengaluru,Kanpur,60.1,Meal/Entertain
2024-10-14 01:19,2024-10-14 02:43,Business,Noida,Bhubaneswar,45.9,Customer Visit
2024-06-07 08:48,2024-06-07 10:54,Business,Amritsar,Ludhiana,74.0,Airport Pickup
2024-06-19 04:49,2024-06-19 06:18,Business,Jaipur,Gwalior,48.4,Office Commute
2024-07-28 00:59,2024-07-28 02:58,Business,Amritsar,Patna,73.0,Customer Visit
2024-07-30 09:56,2024-07-30 12:06,Business,Dewas,Ahmedabad,74.0,Meal/Entertain
2024-04-22 10:08,2024-04-22 12:04,Business,Coimbatore,Ludhiana,66.0,Customer Visit
2024-03-22 07:09,2024-03-22 08:28,Business,Kolkata,Visakhapatnam,48.5,Delivery Task
2024-04-23 23:44,2024-04-24 01:52,Personal,Jodhpur,Delhi,74.1,Client Meeting
2024-12-12 11:32,2024-12-12 13:25,Business,Allahabad,Bengaluru,69.8,Temporary Site
2024-08-24 09:10,2024-08-24 10:40,Business,Lucknow,Srinagar,56.2,Conference Visit
2024-09-16 05:27,2024-09-16 07:33,Personal,Lucknow,Thiruvananthapuram,71.3,Meeting
2024-11-09 09:55,2024-11-09 11:12,Business,Gwalior,Mumbai,43.6,Conference Visit
2024-09-21 00:18,2024-09-21 01:37,Business,Ghaziabad,Tiruchirappalli,48.9,Customer Visit
2024-02-08 00:41,2024-02-08 02:55,Business,Dhanbad,Bengaluru,78.0,Client Pickup
2024-10-18 22:42,2024-10-19 00:16,Personal,Kalyan,Faridabad,57.3,Office Commute
2024-01-29 02:32,2024-01-29 04:05,Business,Ludhiana,Guwahati,52.7,Meal/Entertain
2024-08-26 23:12,2024-08-27 00:48,Business,Solapur,Agra,53.3,Client Pickup
2024-10-23 15:12,2024-10-23 16:41,Business,Chandigarh,Chennai,54.1,Meal/Entertain
2024-01-31 23:46,2024-02-01 01:23,Business,Navi Mumbai,Agra,61.1,Conference Visit
2024-01-17 23:52,2024-01-18 01:22,Business,Jaipur,Rajkot,56.6,Customer Visit
2024-06-11 15:51,2024-06-11 16:56,Personal,Coimbatore,Vadodara,40.2,Customer Visit
2024-05-10 07:05,2024-05-10 08:52,Business,Navi Mumbai,Bengaluru,64.5,Office Commute
2024-11-15 13:17,2024-11-15 14:40,Business,Lucknow,Thrissur,44.2,Conference Visit
2024-01-29 04:36,2024-01-29 05:59,Business,Vasai,Thiruvananthapuram,52.5,Team Outing
2024-04-21 19:19,2024-04-21 21:06,Personal,Kalyan,Jaipur,61.8,Client Pickup
2024-02-27 06:48,2024-02-27 08:45,Business,Kota,Vadodara,73.9,Temporary Site
2024-03-23 02:56,2024-03-23 04:16,Business,Kanpur,Indore,46.1,Site Inspection
2024-01-06 10:21,2024-01-06 12:30,Business,Indore,Guwahati,73.9,Meeting
2024-09-23 19:27,2024-09-23 21:41,Business,Aurangabad,Thane,77.0,Errand/Supplies
2024-03-06 14:32,2024-03-06 16:06,Business,Solapur,Chennai,55.0,Conference Visit
2024-11-22 10:20,2024-11-22 12:23,Business,Patiala,Indore,70.0,Meeting
2024-03-31 20:53,2024-03-31 22:37,Business,Kanpur,Kochi,61.6,Errand/Supplies
2024-02-01 07:03,2024-02-01 08:46,Business,Patiala,Delhi,60.0,Client Pickup
2024-10-12 15:45,2024-10-12 17:13,Business,Kolkata,Mumbai,54.3,Meal/Entertain
2024-09-26 21:52,2024-09-26 23:54,Business,Chennai,Mumbai,74.7,Meal/Entertain
2024-01-03 05:56,2024-01-03 07:16,Personal,Gwalior,Solapur,47.1,Office Commute
2024-11-01 07:20,2024-11-01 08:34,Personal,Lucknow,Patiala,42.9,Client Meeting
2024-05-17 13:31,2024-05-17 15:40,Business,Amritsar,Lucknow,80.0,Delivery Task
2024-01-02 09:25,2024-01-02 10:56,Business,Bhopal,Tiruchirappalli,55.7,Delivery Task
2024-05-09 18:38,2024-05-09 20:09,Business,Thiruvananthapuram,Chennai,57.2,Client Meeting
2024-03-29 12:51,2024-03-29 14:28,Business,Tiruchirappalli,Hubli,59.1,Conference Visit
2024-12-10 15:10,2024-12-10 16:27,Business,Guwahati,Ranchi,42.5,Team Outing
2024-10-18 10:14,2024-10-18 12:21,Business,Faridabad,Amritsar,78.6,Site Inspection
2024-04-07 07:47,2024-04-07 09:14,Business,Jabalpur,Allahabad,46.7,Customer Visit
2024-03-30 11:03,2024-03-30 12:31,Business,Thiruvananthapuram,Chandigarh,49.6,Field Work
2024-09-20 18:19,2024-09-20 20:26,Business,Gwalior,Amritsar,77.3,Weekend Trip
2024-08-19 12:16,2024-08-19 13:44,Business,Kota,Noida,50.3,Client Meeting
2024-10-13 08:51,2024-10-13 10:41,Business,Chandigarh,Thrissur,70.3,Office Commute
2024-09-05 18:30,2024-09-05 20:14,Personal,Delhi,Dhanbad,60.9,Office Commute
2024-04-05 10:56,2024-04-05 12:29,Business,Thiruvananthapuram,Bengaluru,56.5,Meeting
2024-10-19 19:18,2024-10-19 21:29,Business,Mysore,Noida,79.0,Site Inspection
2024-02-11 02:11,2024-02-11 03:55,Business,Visakhapatnam,Patiala,59.8,Client Pickup
2024-02-18 15:28,2024-02-18 16:46,Business,Mysore,Ahmedabad,44.7,Office Commute
2024-01-21 04:32,2024-01-21 05:55,Business,Kolkata,Lonavala,42.4,Office Commute
2024-03-30 21:46,2024-03-30 23:28,Personal,Ghaziabad,Gwalior,62.9,Conference Visit
2024-04-07 15:26,2024-04-07 17:00,Business,Pune,Aurangabad,59.4,Weekend Trip
2024-07-24 00:08,2024-07-24 01:42,Business,Ahmedabad,Delhi,54.3,Conference Visit
2024-07-08 00:57,2024-07-08 02:48,Business,Vijayawada,Ludhiana,67.0,Site Inspection
2024-06-06 05:34,2024-06-06 07:27,Business,Kota,Gwalior,64.0,Office Commute
2024-10-10 08:28,2024-10-10 09:57,Business,Agra,Kochi,55.8,Meal/Entertain
2024-04-12 06:17,2024-04-12 08:12,Business,Srinagar,Gwalior,71.8,Errand/Supplies
2024-03-15 22:31,2024-03-16 00:21,Business,Chandigarh,Agra,61.7,Delivery Task
2024-05-18 02:20,2024-05-18 04:07,Business,Ludhiana,Nagpur,65.6,Site Inspection
2024-04-19 12:47,2024-04-19 14:27,Business,Surat,Madurai,63.4,Field Work
2024-02-15 10:12,2024-02-15 12:15,Personal,Howrah,Dewas,70.9,Errand/Supplies
2024-05-07 14:51,2024-05-07 16:57,Business,Ahmedabad,Bhubaneswar,71.0,Meeting
2024-06-11 14:53,2024-06-11 17:02,Personal,Kochi,Jabalpur,76.7,Airport Drop
2024-07-01 11:36,2024-07-01 12:54,Business,Meerut,Visakhapatnam,47.9,Customer Visit
2024-08-02 22:45,2024-08-03 00:42,Business,Kolkata,Hubli,73.4,Temporary Site
2024-04-13 22:30,2024-04-14 00:03,Business,Faridabad,Hyderabad,55.4,Office Commute
2024-10-20 13:10,2024-10-20 14:52,Business,Nashik,Thrissur,60.6,Meal/Entertain
2024-05-18 23:50,2024-05-19 01:47,Business,Agra,Dewas,70.5,Meeting
2024-11-25 19:43,2024-11-25 21:41,Personal,Nagpur,Jabalpur,67.9,Meal/Entertain
2024-03-14 02:12,2024-03-14 04:20,Business,Allahabad,Ludhiana,79.3,Customer Visit
2024-04-01 22:34,2024-04-02 00:16,Business,Nagpur,Thane,58.7,Site Inspection
2024-11-20 13:55,2024-11-20 15:45,Business,Raipur,Vadodara,64.1,Temporary Site
2024-09-17 23:08,2024-09-18 00:56,Business,Kolkata,Hyderabad,59.6,Office Commute
2024-01-16 11:26,2024-01-16 18:02,Business,Tiruchirappalli,Kolkata,252.2,Client Pickup
2024-11-15 13:48,2024-11-15 15:23,Business,Kolkata,Madurai,52.4,Meeting
2024-03-31 11:51,2024-03-31 14:04,Business,Vadodara,Hyderabad,77.8,Meeting
2024-10-27 07:49,2024-10-27 09:41,Business,Bengaluru,Srinagar,66.5,Client Pickup
2024-06-04 21:55,2024-06-04 23:57,Personal,Ahmedabad,Hyderabad,76.3,Team Outing
2024-04-23 22:06,2024-04-23 23:58,Business,Visakhapatnam,Amritsar,69.8,Office Commute
2024-06-15 17:30,2024-06-15 19:35,Business,Raipur,Patna,75.3,Meal/Entertain
2024-12-14 16:30,2024-12-14 18:37,Business,Varanasi,Dewas,72.2,Conference Visit
2024-06-13 19:09,2024-06-13 20:57,Personal,Patiala,Kolkata,67.1,Meeting
2024-06-08 07:09,2024-06-08 08:31,Business,Jaipur,Hubli,47.2,Client Meeting
2024-07-27 22:47,2024-07-28 00:03,Business,Howrah,Solapur,41.3,Weekend Trip
2024-12-28 08:36,2024-12-28 10:09,Business,Kochi,Meerut,56.8,Client Pickup
2024-03-03 01:33,2024-03-03 03:08,Business,Chandigarh,Jaipur,59.1,Meeting
2024-02-15 16:44,2024-02-15 18:29,Business,Meerut,Chandigarh,63.5,Client Pickup
2024-11-25 06:40,2024-11-25 08:33,Business,Tiruchirappalli,Lonavala,65.0,Errand/Supplies
2024-09-18 15:59,2024-09-18 17:40,Business,Vijayawada,Noida,63.1,Office Commute
2024-04-23 11:32,2024-04-23 13:18,Personal,Nashik,Varanasi,65.5,Customer Visit
2024-10-29 07:05,2024-10-29 09:20,Business,Rajkot,Pune,80.0,Airport Pickup
2024-01-24 23:11,2024-01-25 01:06,Personal,Varanasi,Jabalpur,68.5,Meeting
2024-07-24 16:20,2024-07-24 17:47,Business,Dewas,Kolkata,48.1,Meeting
2024-07-10 11:33,2024-07-10 13:10,Business,Jabalpur,Mumbai,59.8,Errand/Supplies
2024-07-31 14:28,2024-07-31 15:51,Business,Kanpur,Solapur,50.2,Client Meeting
2024-10-16 20:27,2024-10-16 21:40,Business,Guwahati,Ranchi,40.2,Airport Pickup
2024-02-27 20:45,2024-02-27 22:21,Business,Allahabad,Surat,56.4,Office Commute
2024-06-13 04:51,2024-06-13 06:08,Business,Srinagar,Vadodara,42.0,Airport Pickup
2024-07-07 20:20,2024-07-07 22:29,Business,Srinagar,Allahabad,79.7,Conference Visit
2024-10-11 15:50,2024-10-11 17:14,Personal,Mysore,Kalyan,46.5,Meal/Entertain
2024-03-21 01:17,2024-03-21 02:57,Business,Ranchi,Surat,58.1,Team Outing
2024-10-14 17:14,2024-10-14 18:57,Personal,Ghaziabad,Mysore,63.0,Errand/Supplies
2024-09-06 08:35,2024-09-06 10:42,Business,Vasai,Vadodara,71.9,Delivery Task
2024-11-16 00:19,2024-11-16 01:58,Business,Pune,Delhi,56.3,Client Pickup
2024-12-16 01:03,2024-12-16 02:43,Business,Guwahati,Kochi,54.6,Customer Visit
2024-10-09 08:29,2024-10-09 10:37,Business,Thrissur,Meerut,77.6,Airport Drop
2024-11-22 00:46,2024-11-22 02:55,Business,Patiala,Kota,76.4,Office Commute
2024-09-08 11:41,2024-09-08 12:55,Business,Delhi,Mysore,45.7,Meal/Entertain
2024-02-16 17:57,2024-02-16 19:41,Business,Surat,Kanpur,59.8,Meal/Entertain
2024-02-11 11:37,2024-02-11 13:43,Business,Delhi,Raipur,70.7,Client Meeting
2024-01-24 19:03,2024-01-24 20:14,Business,Gwalior,Visakhapatnam,40.8,Meeting
2024-04-23 23:46,2024-04-24 00:57,Business,Indore,Jaipur,42.4,Customer Visit
2024-11-24 20:01,2024-11-24 22:01,Personal,Delhi,Vasai,67.3,Delivery Task
2024-01-01 05:34,2024-01-01 07:39,Business,Kolkata,Indore,71.1,Customer Visit
2024-10-01 10:13,2024-10-01 12:06,Business,Bhopal,Chandigarh,63.0,Meeting
2024-05-06 12:37,2024-05-06 14:26,Business,Bengaluru,Kochi,69.7,Meal/Entertain
2024-09-27 09:59,2024-09-27 11:35,Business,Kalyan,Vadodara,51.8,Office Commute
2024-09-24 00:28,2024-09-24 02:37,Business,Chennai,Mumbai,76.7,Site Inspection
2024-12-18 19:20,2024-12-18 20:44,Business,Dewas,Lucknow,44.0,Office Commute
2024-11-25 09:40,2024-11-25 11:50,Business,Kolkata,Jodhpur,74.6,Airport Drop
2024-01-28 21:48,2024-01-28 23:23,Personal,Allahabad,Chandigarh,52.5,Meeting
2024-04-29 23:54,2024-04-30 01:31,Business,Navi Mumbai,Dhanbad,52.7,Errand/Supplies
2024-01-22 00:59,2024-01-22 02:33,Business,Guwahati,Varanasi,53.4,Temporary Site
2024-03-02 04:42,2024-03-02 06:41,Personal,Jaipur,Thane,75.7,Weekend Trip
2024-09-26 09:47,2024-09-26 10:56,Business,Patna,Dewas,40.9,Airport Drop
2024-09-14 12:45,2024-09-14 14:16,Business,Hubli,Raipur,54.0,Airport Drop
2024-09-29 11:07,2024-09-29 12:42,Business,Jodhpur,Vijayawada,50.3,Meal/Entertain
2024-10-26 08:23,2024-10-26 09:38,Business,Dhanbad,Bangalore,46.2,Temporary Site
2024-06-18 02:28,2024-06-18 03:04,Business,Thiruvananthapuram,Thiruvananthapuram,12.7,Conference Visit
2024-10-12 18:55,2024-10-12 20:24,Business,Hubli,Gwalior,53.0,Meeting
2024-09-25 14:14,2024-09-25 16:11,Personal,Guwahati,Chennai,66.1,Airport Drop
2024-03-05 17:25,2024-03-05 18:56,Personal,Mumbai,Guwahati,48.9,Meeting
2024-05-22 00:30,2024-05-22 02:16,Business,Vijayawada,Aurangabad,66.6,Airport Drop
2024-05-26 20:44,2024-05-26 22:09,Personal,Faridabad,Ludhiana,44.6,Meeting
2024-08-05 12:25,2024-08-05 14:36,Business,Tiruchirappalli,Meerut,76.5,Office Commute
2024-06-07 17:56,2024-06-07 19:26,Personal,Gwalior,Indore,54.9,Field Work
2024-07-12 07:08,2024-07-12 08:52,Personal,Hubli,Bhopal,66.6,Field Work
2024-08-06 07:25,2024-08-06 09:04,Business,Jabalpur,Chennai,54.9,Meeting
2024-02-05 23:11,2024-02-06 00:36,Business,Madurai,Lonavala,50.7,Customer Visit
2024-08-14 05:39,2024-08-14 07:37,Personal,Srinagar,Delhi,66.9,Weekend Trip
2024-06-03 05:40,2024-06-03 07:08,Business,Noida,Coimbatore,52.7,Site Inspection
2024-01-14 14:08,2024-01-14 15:50,Personal,Vadodara,Jodhpur,57.2,Office Commute
2024-05-22 05:16,2024-05-22 06:43,Business,Noida,Coimbatore,53.8,Office Commute
2024-10-20 07:48,2024-10-20 09:42,Business,Kota,Thane,63.5,Client Pickup
2024-07-03 07:47,2024-07-03 09:35,Business,Pune,Jabalpur,63.4,Meeting
2024-03-08 01:17,2024-03-08 03:26,Personal,Mysore,Hyderabad,73.4,Airport Drop
2024-11-09 11:58,2024-11-09 14:05,Business,Thane,Delhi,74.7,Field Work
2024-06-13 07:40,2024-06-13 10:39,Business,Ludhiana,Noida,113.2,Meal/Entertain
2024-02-04 15:12,2024-02-04 16:54,Personal,Bhopal,Delhi,56.7,Errand/Supplies
2024-12-30 11:31,2024-12-30 13:08,Business,Guwahati,Patna,52.8,Errand/Supplies
2024-02-19 12:26,2024-02-19 14:27,Business,Srinagar,Hyderabad,72.5,Office Commute
2024-09-19 17:30,2024-09-19 18:40,Business,Vasai,Varanasi,41.6,Conference Visit
2024-03-06 04:13,2024-03-06 06:13,Business,Agra,Bengaluru,67.6,Weekend Trip
2024-10-27 17:52,2024-10-27 19:21,Business,Aurangabad,Nashik,50.9,Meal/Entertain
2024-08-03 01:49,2024-08-03 03:53,Personal,Faridabad,Kochi,77.9,Site Inspection
2024-07-08 08:08,2024-07-08 09:50,Business,Thane,Bhubaneswar,60.6,Client Meeting
2024-08-18 05:00,2024-08-18 06:37,Business,Agra,Rajkot,61.7,Office Commute
2024-01-17 05:36,2024-01-17 07:43,Business,Hyderabad,Tiruchirappalli,79.6,Customer Visit
2024-11-21 23:20,2024-11-22 00:41,Business,Guwahati,Ahmedabad,51.3,Site Inspection
2024-09-26 20:44,2024-09-26 22:34,Business,Hyderabad,Allahabad,69.6,Meeting
2024-05-12 12:54,2024-05-12 14:54,Business,Hyderabad,Jaipur,68.4,Client Pickup
2024-03-12 14:31,2024-03-12 14:47,Business,Thane,Thane,5.8,Conference Visit
2024-09-29 11:54,2024-09-29 13:17,Business,Srinagar,Faridabad,43.9,Office Commute
2024-09-04 03:24,2024-09-04 05:24,Business,Mumbai,Howrah,75.6,Site Inspection
2024-06-16 01:25,2024-06-16 03:01,Business,Chennai,Vijayawada,51.6,Field Work
2024-02-14 13:33,2024-02-14 14:50,Personal,Thrissur,Kanpur,45.8,Client Meeting
2024-07-22 09:06,2024-07-22 10:37,Personal,Raipur,Patna,53.9,Office Commute
2024-11-10 01:52,2024-11-10 03:32,Business,Jodhpur,Srinagar,58.3,Conference Visit
2024-04-12 07:37,2024-04-12 09:38,Business,Nashik,Lucknow,71.3,Weekend Trip
2024-11-30 18:13,2024-11-30 19:45,Business,Nagpur,Aurangabad,55.6,Airport Pickup
2024-04-10 20:44,2024-04-10 22:45,Business,Agra,Faridabad,69.0,Client Meeting
2024-10-04 20:19,2024-10-04 21:48,Business,Jabalpur,Kalyan,54.2,Delivery Task
2024-11-30 05:34,2024-11-30 07:11,Business,Solapur,Kalyan,59.6,Client Meeting
2024-05-14 03:01,2024-05-14 04:41,Personal,Dewas,Ahmedabad,63.0,Errand/Supplies
2024-10-19 17:56,2024-10-19 19:47,Business,Howrah,Faridabad,62.8,Temporary Site
2024-01-16 07:50,2024-01-16 09:23,Personal,Gwalior,Noida,50.8,Office Commute
2024-12-06 18:57,2024-12-06 21:07,Business,Chandigarh,Varanasi,77.3,Temporary Site
2024-11-24 22:47,2024-11-25 00:45,Business,Delhi,Surat,70.8,Meeting
2024-12-12 22:35,2024-12-13 00:54,Business,Ahmedabad,Kota,79.7,Field Work
2024-02-08 08:17,2024-02-08 09:39,Personal,Jaipur,Ghaziabad,47.5,Meeting
2024-12-28 02:56,2024-12-28 05:00,Personal,Patiala,Vadodara,72.6,Delivery Task
2024-07-14 17:29,2024-07-14 18:57,Business,Lonavala,Ghaziabad,55.9,Meeting
2024-04-05 07:17,2024-04-05 08:43,Business,Pune,Hubli,48.0,Client Meeting
2024-09-03 00:32,2024-09-03 02:07,Business,Varanasi,Allahabad,54.8,Errand/Supplies
2024-07-24 23:41,2024-07-25 01:25,Business,Thrissur,Chandigarh,59.0,Client Pickup
2024-03-07 19:00,2024-03-07 20:12,Business,Mumbai,Madurai,45.0,Conference Visit
2024-03-17 04:11,2024-03-17 05:43,Business,Kanpur,Nashik,55.2,Weekend Trip
2024-02-25 04:12,2024-02-25 05:55,Business,Jabalpur,Patiala,56.6,Airport Drop
2024-07-28 06:39,2024-07-28 08:05,Business,Kanpur,Pune,49.6,Meal/Entertain
2024-12-17 18:26,2024-12-17 19:59,Personal,Bangalore,Thane,53.6,Office Commute
2024-09-30 07:07,2024-09-30 09:07,Business,Bhopal,Madurai,69.6,Field Work
2024-11-14 22:03,2024-11-14 23:59,Business,Hyderabad,Navi Mumbai,73.4,Delivery Task
2024-11-26 04:25,2024-11-26 06:29,Business,Chennai,Vasai,77.1,Client Meeting
2024-01-11 09:11,2024-01-11 11:09,Business,Vasai,Lucknow,67.1,Errand/Supplies
2024-01-07 21:15,2024-01-07 23:16,Business,Bhubaneswar,Mumbai,74.7,Meeting
2024-04-13 20:52,2024-04-13 22:45,Business,Ranchi,Jaipur,62.9,Temporary Site
2024-02-07 01:57,2024-02-07 03:23,Business,Dhanbad,Srinagar,48.5,Meeting
2024-03-25 06:14,2024-03-25 07:25,Business,Pune,Faridabad,41.2,Client Meeting
2024-06-16 10:55,2024-06-16 13:02,Business,Faridabad,Ranchi,73.1,Client Pickup
2024-06-13 21:05,2024-06-13 22:26,Business,Kolkata,Tiruchirappalli,42.0,Site Inspection
2024-07-06 05:13,2024-07-06 06:37,Business,Navi Mumbai,Lonavala,50.3,Office Commute
2024-09-14 01:03,2024-09-14 02:14,Business,Solapur,Amritsar,43.9,Weekend Trip
2024-04-05 21:16,2024-04-05 23:05,Business,Gwalior,Agra,60.4,Conference Visit
2024-02-02 23:37,2024-02-03 00:57,Business,Tiruchirappalli,Meerut,40.7,Field Work
2024-05-14 07:01,2024-05-14 08:50,Business,Kota,Raipur,64.8,Customer Visit
2024-02-25 07:53,2024-02-25 09:57,Personal,Delhi,Vadodara,77.3,Meeting
2024-02-20 08:37,2024-02-20 10:42,Business,Hubli,Dewas,77.6,Meeting
2024-07-04 04:57,2024-07-04 07:01,Personal,Ghaziabad,Bhubaneswar,70.6,Meeting
2024-06-22 04:06,2024-06-22 05:36,Personal,Srinagar,Coimbatore,50.1,Office Commute
2024-07-21 09:37,2024-07-21 11:32,Business,Amritsar,Chennai,66.3,Temporary Site
2024-07-23 09:45,2024-07-23 11:54,Business,Coimbatore,Bangalore,77.0,Site Inspection
2024-07-25 07:33,2024-07-25 09:07,Business,Kanpur,Allahabad,55.1,Office Commute
2024-07-08 23:32,2024-07-09 01:31,Business,Mysore,Thiruvananthapuram,70.6,Site Inspection
2024-11-05 01:35,2024-11-05 03:34,Personal,Coimbatore,Thane,70.3,Delivery Task
2024-12-09 11:20,2024-12-09 13:09,Personal,Kolkata,Hyderabad,65.0,Meal/Entertain
2024-06-22 15:01,2024-06-22 16:56,Personal,Jabalpur,Patiala,63.8,Customer Visit
2024-10-07 12:00,2024-10-07 13:54,Business,Amritsar,Varanasi,68.1,Client Meeting
2024-02-20 19:09,2024-02-20 20:35,Personal,Patna,Mysore,53.6,Site Inspection
2024-11-26 22:50,2024-11-27 00:32,Business,Chandigarh,Visakhapatnam,56.3,Errand/Supplies
2024-04-22 13:14,2024-04-22 15:00,Business,Raipur,Patiala,59.0,Weekend Trip
2024-11-04 00:17,2024-11-04 01:55,Business,Ranchi,Kochi,61.0,Client Meeting
2024-03-24 14:16,2024-03-24 16:21,Business,Ludhiana,Solapur,71.5,Client Meeting
2024-08-10 23:51,2024-08-11 01:19,Personal,Ranchi,Vijayawada,49.0,Office Commute
2024-10-31 22:26,2024-11-01 00:13,Business,Nashik,Raipur,65.5,Client Meeting
2024-10-17 14:52,2024-10-17 16:44,Business,Raipur,Aurangabad,62.4,Delivery Task
2024-09-01 19:25,2024-09-01 20:50,Business,Coimbatore,Dhanbad,53.3,Meal/Entertain
2024-07-08 07:02,2024-07-08 08:32,Personal,Bangalore,Nashik,48.6,Meal/Entertain
2024-10-30 16:11,2024-10-30 17:58,Personal,Bhubaneswar,Jodhpur,60.2,Errand/Supplies
2024-08-06 12:58,2024-08-06 15:03,Business,Varanasi,Thrissur,70.6,Customer Visit
2024-08-03 03:14,2024-08-03 05:05,Business,Patna,Kolkata,68.3,Customer Visit
2024-08-01 15:40,2024-08-01 16:49,Business,Thane,Vadodara,40.8,Client Pickup
2024-11-13 06:57,2024-11-13 08:25,Personal,Ahmedabad,Surat,47.1,Customer Visit
2024-05-04 04:09,2024-05-04 05:39,Business,Patiala,Kalyan,55.8,Conference Visit
2024-04-08 09:28,2024-04-08 10:54,Business,Hubli,Lonavala,53.6,Temporary Site
2024-09-17 11:17,2024-09-17 13:03,Business,Mumbai,Pune,67.9,Customer Visit
2024-09-26 18:27,2024-09-26 20:08,Business,Patiala,Lucknow,54.1,Delivery Task
2024-07-06 21:04,2024-07-06 22:57,Business,Vasai,Coimbatore,66.4,Delivery Task
2024-06-13 11:40,2024-06-13 13:53,Personal,Varanasi,Rajkot,78.3,Client Pickup
2024-07-19 12:01,2024-07-19 13:29,Business,Raipur,Patiala,51.9,Meeting
2024-06-26 08:10,2024-06-26 09:38,Personal,Tiruchirappalli,Allahabad,53.8,Customer Visit
2024-03-10 22:06,2024-03-10 23:36,Business,Mysore,Kolkata,53.3,Airport Pickup
2024-04-01 06:30,2024-04-01 08:30,Business,Vadodara,Vijayawada,70.4,Delivery Task
2024-09-21 00:37,2024-09-21 02:37,Business,Dhanbad,Kanpur,67.0,Meeting
2024-11-01 15:31,2024-11-01 17:34,Business,Lonavala,Kochi,76.1,Meeting
2024-11-27 17:47,2024-11-27 19:27,Business,Jaipur,Thane,53.4,Meeting
2024-04-26 08:04,2024-04-26 09:27,Personal,Hubli,Amritsar,42.8,Meal/Entertain
2024-07-04 09:31,2024-07-04 11:06,Business,Nagpur,Bangalore,58.8,Client Pickup
2024-07-17 01:35,2024-07-17 02:50,Business,Navi Mumbai,Vasai,47.3,Customer Visit
2024-08-11 20:38,2024-08-11 22:23,Business,Surat,Kalyan,66.4,Customer Visit
2024-12-10 15:04,2024-12-10 16:45,Business,Kota,Thrissur,55.8,Customer Visit
2024-07-03 07:17,2024-07-03 09:06,Business,Nagpur,Solapur,66.7,Errand/Supplies
2024-06-27 10:30,2024-06-27 12:23,Personal,Surat,Tiruchirappalli,70.0,Office Commute
2024-05-23 00:21,2024-05-23 02:24,Business,Solapur,Visakhapatnam,70.7,Office Commute
2024-01-20 13:55,2024-01-20 16:05,Personal,Kanpur,Lucknow,79.6,Meeting
2024-11-25 03:53,2024-11-25 05:32,Business,Chandigarh,Indore,55.5,Airport Drop
2024-06-22 00:15,2024-06-22 01:51,Business,Raipur,Chandigarh,53.0,Client Meeting
2024-08-05 13:46,2024-08-05 14:53,Business,Lonavala,Dewas,40.4,Customer Visit
2024-09-24 09:57,2024-09-24 11:19,Personal,Ranchi,Amritsar,47.0,Site Inspection
2024-05-29 21:50,2024-05-29 23:30,Personal,Noida,Nagpur,58.5,Site Inspection
2024-01-28 22:52,2024-01-29 00:59,Business,Rajkot,Kalyan,78.6,Client Meeting
2024-09-05 04:00,2024-09-05 05:47,Business,Patna,Jaipur,64.4,Conference Visit
2024-10-26 09:38,2024-10-26 11:09,Business,Patiala,Jodhpur,49.5,Meeting
2024-06-02 04:39,2024-06-02 06:19,Business,Coimbatore,Vadodara,57.7,Meeting
2024-08-14 10:35,2024-08-14 12:35,Business,Ghaziabad,Dhanbad,70.5,Airport Drop
2024-12-11 03:02,2024-12-11 04:39,Personal,Aurangabad,Navi Mumbai,53.5,Meal/Entertain
2024-05-31 11:42,2024-05-31 13:14,Business,Dewas,Ahmedabad,55.8,Errand/Supplies
2024-05-19 07:21,2024-05-19 09:27,Business,Raipur,Visakhapatnam,79.6,Delivery Task
2024-11-10 12:01,2024-11-10 14:04,Business,Jaipur,Ghaziabad,78.6,Client Meeting
2024-02-05 02:38,2024-02-05 04:19,Personal,Vadodara,Howrah,60.1,Meeting
2024-10-19 17:21,2024-10-19 19:23,Business,Ranchi,Noida,74.5,Delivery Task
2024-09-02 08:43,2024-09-02 10:23,Business,Vadodara,Visakhapatnam,59.1,Meal/Entertain
2024-12-24 00:51,2024-12-24 02:10,Business,Nagpur,Kalyan,46.4,Office Commute
2024-07-30 07:36,2024-07-30 09:27,Business,Solapur,Thane,63.2,Client Meeting
2024-05-20 00:29,2024-05-20 01:46,Business,Kochi,Kolkata,42.4,Meeting
2024-07-03 03:53,2024-07-03 05:46,Business,Ludhiana,Mysore,70.8,Team Outing
2024-08-24 12:08,2024-08-24 13:52,Personal,Coimbatore,Pune,64.2,Delivery Task
2024-11-15 06:27,2024-11-15 07:57,Business,Hubli,Gwalior,47.3,Field Work
2024-03-25 05:34,2024-03-25 07:16,Business,Agra,Amritsar,63.0,Client Meeting
2024-07-01 21:42,2024-07-01 23:29,Business,Dewas,Bhubaneswar,62.9,Temporary Site
2024-10-21 07:37,2024-10-21 09:06,Business,Kalyan,Ahmedabad,50.0,Meal/Entertain
2024-02-22 14:05,2024-02-22 15:16,Business,Aurangabad,Jabalpur,43.3,Conference Visit
2024-05-25 09:45,2024-05-25 11:29,Personal,Ludhiana,Guwahati,65.0,Delivery Task
2024-02-03 00:00,2024-02-03 01:44,Business,Rajkot,Mysore,56.5,Meeting
2024-08-04 16:42,2024-08-04 18:13,Business,Kanpur,Patiala,54.6,Customer Visit
2024-02-20 08:23,2024-02-20 09:59,Business,Chandigarh,Dhanbad,54.5,Client Pickup
2024-12-14 20:17,2024-12-14 22:27,Business,Meerut,Lonavala,74.8,Airport Pickup
2024-02-27 09:59,2024-02-27 11:18,Business,Delhi,Agra,46.1,Client Meeting
2024-02-25 19:33,2024-02-25 21:06,Business,Nagpur,Visakhapatnam,49.4,Meal/Entertain
2024-12-13 02:33,2024-12-13 04:06,Business,Ludhiana,Nashik,55.0,Delivery Task
2024-04-26 15:11,2024-04-26 17:10,Business,Indore,Thane,66.0,Office Commute
2024-10-13 10:10,2024-10-13 11:48,Business,Chennai,Kalyan,52.4,Site Inspection
2024-01-14 03:18,2024-01-14 04:58,Personal,Guwahati,Kalyan,54.4,Meeting
2024-10-21 10:51,2024-10-21 12:10,Business,Patna,Chandigarh,49.8,Weekend Trip
2024-10-08 22:34,2024-10-09 00:37,Business,Visakhapatnam,Bhopal,78.0,Site Inspection
2024-11-14 00:00,2024-11-14 02:00,Business,Ludhiana,Madurai,69.6,Client Pickup
2024-02-13 03:39,2024-02-13 05:04,Business,Solapur,Ahmedabad,53.5,Customer Visit
2024-09-21 06:05,2024-09-21 07:56,Business,Hubli,Ludhiana,62.2,Conference Visit
2024-04-08 12:05,2024-04-08 14:22,Business,Lonavala,Nagpur,78.6,Site Inspection
2024-11-11 02:02,2024-11-11 03:46,Business,Kanpur,Bangalore,57.9,Errand/Supplies
2024-10-23 05:45,2024-10-23 07:17,Business,Jaipur,Delhi,51.8,Client Meeting
2024-06-21 12:22,2024-06-21 13:59,Business,Faridabad,Visakhapatnam,52.0,Customer Visit
2024-03-18 03:23,2024-03-18 05:41,Business,Guwahati,Ranchi,79.0,Meeting
2024-12-02 01:15,2024-12-02 02:42,Business,Mumbai,Vasai,46.2,Client Meeting
2024-12-25 04:24,2024-12-25 05:37,Personal,Vijayawada,Vasai,44.6,Weekend Trip
2024-03-21 06:55,2024-03-21 08:44,Personal,Indore,Agra,59.4,Weekend Trip
2024-03-04 22:05,2024-03-04 23:16,Business,Faridabad,Gwalior,42.0,Errand/Supplies
2024-10-18 20:56,2024-10-18 22:42,Business,Nagpur,Gwalior,58.9,Errand/Supplies
2024-08-06 21:48,2024-08-07 00:00,Business,Ahmedabad,Nashik,76.4,Errand/Supplies
2024-08-16 03:52,2024-08-16 05:33,Business,Chennai,Nagpur,54.2,Customer Visit
2024-01-07 05:49,2024-01-07 07:28,Business,Kochi,Faridabad,56.4,Office Commute
2024-10-18 19:19,2024-10-18 20:38,Personal,Mysore,Bhopal,43.7,Client Pickup
2024-03-20 14:36,2024-03-20 16:21,Personal,Lonavala,Rajkot,57.4,Meal/Entertain
2024-11-09 02:41,2024-11-09 04:26,Business,Noida,Ludhiana,61.0,Client Pickup
2024-12-16 18:02,2024-12-16 19:58,Business,Lucknow,Ranchi,67.2,Site Inspection
2024-08-25 16:56,2024-08-25 18:57,Business,Kochi,Bhopal,72.0,Conference Visit
2024-12-28 05:26,2024-12-28 06:12,Personal,Ghaziabad,Ghaziabad,19.5,Temporary Site
2024-05-04 07:51,2024-05-04 09:51,Business,Aurangabad,Vijayawada,73.8,Airport Drop
2024-04-17 20:03,2024-04-17 21:43,Business,Hyderabad,Kota,59.1,Customer Visit
2024-07-16 03:04,2024-07-16 04:25,Business,Kochi,Navi Mumbai,45.7,Temporary Site
2024-11-12 10:40,2024-11-12 12:09,Business,Lucknow,Kolkata,55.3,Meeting
2024-07-31 22:22,2024-07-31 23:46,Business,Surat,Tiruchirappalli,43.3,Client Pickup
2024-07-27 21:16,2024-07-27 23:20,Business,Hyderabad,Jabalpur,74.8,Site Inspection
2024-09-05 06:14,2024-09-05 07:54,Business,Bhubaneswar,Rajkot,63.8,Customer Visit
2024-04-21 07:47,2024-04-21 09:03,Business,Vijayawada,Amritsar,40.5,Client Meeting
2024-08-01 19:18,2024-08-01 20:56,Business,Ranchi,Bhopal,55.2,Meal/Entertain
2024-08-10 00:11,2024-08-10 01:57,Business,Gwalior,Allahabad,62.7,Field Work
2024-02-18 19:28,2024-02-18 21:05,Business,Guwahati,Howrah,51.6,Client Meeting
2024-12-30 04:20,2024-12-30 05:40,Business,Bengaluru,Bhubaneswar,49.4,Errand/Supplies
2024-05-24 09:58,2024-05-24 11:23,Business,Srinagar,Solapur,49.5,Delivery Task
2024-05-01 20:32,2024-05-01 22:33,Business,Varanasi,Raipur,77.8,Airport Drop
2024-03-13 04:45,2024-03-13 06:02,Business,Mumbai,Jodhpur,46.3,Delivery Task
2024-08-05 12:53,2024-08-05 14:44,Business,Nagpur,Jodhpur,61.0,Customer Visit
2024-09-10 01:43,2024-09-10 03:20,Personal,Solapur,Navi Mumbai,58.8,Customer Visit
2024-06-29 14:45,2024-06-29 17:02,Business,Srinagar,Pune,79.4,Delivery Task
2024-03-26 05:49,2024-03-26 07:29,Personal,Faridabad,Amritsar,58.8,Office Commute
2024-08-09 01:30,2024-08-09 03:14,Business,Vadodara,Kanpur,56.5,Client Meeting
2024-05-06 13:38,2024-05-06 15:23,Personal,Patiala,Mumbai,60.1,Delivery Task
2024-09-06 13:20,2024-09-06 14:37,Business,Agra,Surat,42.2,Customer Visit
2024-02-24 13:31,2024-02-24 15:14,Business,Guwahati,Jabalpur,57.7,Team Outing
2024-10-27 08:31,2024-10-27 10:19,Personal,Chennai,Nashik,69.2,Meeting
2024-02-27 07:24,2024-02-27 08:51,Business,Patna,Bangalore,47.3,Office Commute
2024-04-22 11:43,2024-04-22 13:09,Personal,Indore,Chandigarh,46.3,Site Inspection
2024-01-31 10:49,2024-01-31 12:23,Business,Faridabad,Ahmedabad,52.2,Meeting
2024-05-04 01:50,2024-05-04 03:28,Business,Kanpur,Lonavala,58.4,Meeting
2024-11-02 04:45,2024-11-02 07:01,Personal,Mysore,Meerut,78.3,Conference Visit
2024-02-05 04:05,2024-02-05 05:42,Business,Chennai,Guwahati,52.6,Office Commute
2024-04-28 02:57,2024-04-28 04:42,Personal,Patiala,Allahabad,66.9,Customer Visit
2024-09-25 05:37,2024-09-25 07:27,Business,Lonavala,Hyderabad,70.6,Field Work
2024-08-31 08:51,2024-08-31 10:31,Personal,Jabalpur,Delhi,53.5,Client Meeting
2024-05-24 01:34,2024-05-24 03:32,Business,Chandigarh,Kanpur,74.8,Meal/Entertain
2024-05-15 14:47,2024-05-15 16:52,Business,Srinagar,Kolkata,78.9,Errand/Supplies
2024-06-10 07:52,2024-06-10 09:35,Business,Thane,Delhi,56.3,Errand/Supplies
2024-05-03 07:59,2024-05-03 09:48,Business,Coimbatore,Aurangabad,61.4,Errand/Supplies
2024-11-17 12:59,2024-11-17 14:55,Business,Meerut,Faridabad,71.3,Airport Pickup
2024-03-28 03:30,2024-03-28 05:45,Business,Kota,Vadodara,77.5,Customer Visit
2024-02-13 08:33,2024-02-13 10:33,Business,Mumbai,Varanasi,70.8,Meeting
2024-07-02 17:55,2024-07-02 19:08,Business,Rajkot,Mumbai,43.4,Temporary Site
2024-11-17 21:41,2024-11-17 23:31,Business,Kota,Faridabad,62.7,Client Meeting
2024-11-30 03:04,2024-11-30 04:52,Business,Ludhiana,Dewas,60.1,Meeting
2024-06-13 10:13,2024-06-13 12:27,Business,Srinagar,Visakhapatnam,77.2,Meeting
2024-09-15 22:10,2024-09-15 23:53,Business,Chennai,Delhi,57.0,Delivery Task
2024-12-28 17:49,2024-12-28 19:33,Business,Allahabad,Visakhapatnam,59.2,Client Meeting
2024-12-20 23:13,2024-12-21 00:42,Personal,Mumbai,Indore,49.7,Client Meeting
2024-10-16 08:22,2024-10-16 10:00,Business,Gwalior,Bengaluru,52.7,Client Pickup
2024-01-05 15:16,2024-01-05 16:51,Personal,Kota,Vasai,54.2,Customer Visit
2024-10-17 18:57,2024-10-17 20:53,Personal,Allahabad,Coimbatore,73.0,Meeting
2024-05-06 08:19,2024-05-06 09:57,Business,Ahmedabad,Navi Mumbai,52.8,Conference Visit
2024-10-20 15:06,2024-10-20 16:52,Business,Chandigarh,Dewas,60.2,Client Meeting
2024-01-09 06:20,2024-01-09 07:31,Personal,Surat,Kota,41.9,Meal/Entertain
2024-10-12 12:01,2024-10-12 14:02,Business,Gwalior,Bhopal,71.6,Weekend Trip
2024-07-22 02:41,2024-07-22 04:11,Business,Mysore,Faridabad,55.2,Delivery Task
2024-05-13 07:34,2024-05-13 08:56,Business,Kanpur,Srinagar,44.6,Meeting
2024-09-08 14:54,2024-09-08 16:13,Business,Navi Mumbai,Jaipur,43.6,Airport Drop
2024-05-18 08:53,2024-05-18 10:38,Personal,Ahmedabad,Raipur,66.5,Delivery Task
2024-08-02 08:58,2024-08-02 09:28,Business,Allahabad,Allahabad,11.2,Office Commute
2024-08-31 04:32,2024-08-31 06:00,Business,Allahabad,Noida,45.5,Meal/Entertain
2024-09-21 18:33,2024-09-21 20:13,Business,Ahmedabad,Jodhpur,62.8,Meeting
2024-04-29 12:26,2024-04-29 14:14,Business,Visakhapatnam,Noida,64.3,Office Commute
2024-11-27 00:00,2024-11-27 01:50,Business,Hyderabad,Kanpur,69.6,Meeting
2024-03-23 00:12,2024-03-23 02:02,Business,Vijayawada,Patna,66.2,Airport Drop
2024-04-28 05:13,2024-04-28 07:21,Business,Jodhpur,Gwalior,74.8,Field Work
2024-07-07 03:59,2024-07-07 05:49,Business,Hubli,Srinagar,69.8,Team Outing
2024-10-30 20:00,2024-10-30 21:35,Business,Ludhiana,Rajkot,54.0,Team Outing
2024-09-08 05:34,2024-09-08 07:07,Business,Vadodara,Noida,50.4,Conference Visit
2024-10-26 04:46,2024-10-26 06:28,Business,Jodhpur,Pune,64.3,Conference Visit
2024-12-18 07:32,2024-12-18 08:49,Business,Rajkot,Allahabad,48.5,Meeting
2024-08-01 15:38,2024-08-01 17:50,Business,Guwahati,Pune,76.1,Meeting
2024-04-27 03:01,2024-04-27 04:24,Personal,Lonavala,Navi Mumbai,52.6,Meeting
2024-01-20 18:41,2024-01-20 20:44,Business,Patna,Mumbai,69.5,Delivery Task
2024-08-17 03:04,2024-08-17 04:12,Business,Dewas,Aurangabad,40.6,Errand/Supplies
2024-12-19 19:25,2024-12-19 21:30,Business,Varanasi,Jodhpur,78.4,Client Meeting
2024-02-12 04:03,2024-02-12 05:35,Personal,Dhanbad,Vasai,55.2,Customer Visit
2024-04-08 00:22,2024-04-08 01:43,Business,Meerut,Bengaluru,44.0,Customer Visit
2024-05-23 13:46,2024-05-23 16:04,Business,Ghaziabad,Visakhapatnam,79.8,Conference Visit
2024-06-12 18:33,2024-06-12 20:02,Business,Dhanbad,Bhopal,54.0,Office Commute
2024-06-02 06:31,2024-06-02 08:11,Business,Bhubaneswar,Kochi,60.0,Delivery Task
2024-12-10 05:39,2024-12-10 07:40,Personal,Srinagar,Vadodara,70.2,Site Inspection
2024-12-31 18:22,2024-12-31 20:14,Business,Visakhapatnam,Lonavala,65.6,Conference Visit
2024-09-02 00:08,2024-09-02 02:00,Business,Lonavala,Guwahati,62.2,Meeting
2024-02-04 18:40,2024-02-04 20:34,Business,Bhopal,Kolkata,66.1,Meeting
2024-12-13 02:52,2024-12-13 04:30,Business,Srinagar,Lonavala,57.0,Client Meeting
2024-04-12 22:29,2024-04-13 00:31,Business,Coimbatore,Jaipur,73.1,Temporary Site
2024-11-25 09:27,2024-11-25 10:59,Personal,Kochi,Bangalore,53.3,Client Meeting
2024-04-11 10:53,2024-04-11 12:18,Business,Ghaziabad,Srinagar,47.4,Errand/Supplies
2024-02-25 16:54,2024-02-25 18:56,Business,Indore,Patna,69.6,Meeting
2024-04-09 18:57,2024-04-09 21:03,Business,Ranchi,Nagpur,79.4,Customer Visit
2024-02-14 11:15,2024-02-14 13:14,Business,Patiala,Patna,71.9,Meeting
2024-04-08 18:09,2024-04-08 20:02,Business,Visakhapatnam,Rajkot,62.3,Meal/Entertain
2024-11-10 19:11,2024-11-10 20:58,Business,Thrissur,Kanpur,64.1,Site Inspection
2024-10-12 19:28,2024-10-12 21:33,Business,Kochi,Faridabad,77.2,Errand/Supplies
2024-06-10 21:45,2024-06-10 23:18,Business,Howrah,Vasai,59.0,Meeting
2024-02-17 00:24,2024-02-17 02:17,Business,Raipur,Thane,66.4,Weekend Trip
2024-01-02 07:42,2024-01-02 09:45,Personal,Kanpur,Ghaziabad,75.7,Site Inspection
2024-04-19 16:17,2024-04-19 17:47,Personal,Kanpur,Pune,54.1,Site Inspection
2024-03-17 16:25,2024-03-17 17:39,Business,Hubli,Indore,43.5,Airport Pickup
2024-03-21 17:02,2024-03-21 19:04,Business,Thiruvananthapuram,Kanpur,73.2,Delivery Task
2024-11-23 04:21,2024-11-23 05:46,Business,Bhopal,Vadodara,53.8,Temporary Site
2024-12-04 03:49,2024-12-04 06:00,Business,Mumbai,Patiala,77.2,Office Commute
2024-05-22 20:03,2024-05-22 21:40,Business,Srinagar,Chandigarh,53.6,Customer Visit
2024-12-17 08:45,2024-12-17 10:01,Business,Vasai,Madurai,42.5,Field Work
2024-01-06 03:26,2024-01-06 04:55,Business,Noida,Varanasi,46.9,Office Commute
2024-03-20 19:36,2024-03-20 21:13,Business,Chennai,Kota,55.7,Client Meeting
2024-03-23 06:58,2024-03-23 08:57,Business,Allahabad,Pune,66.3,Errand/Supplies
2024-02-28 19:34,2024-02-28 21:38,Business,Ludhiana,Visakhapatnam,71.3,Team Outing
2024-12-07 03:17,2024-12-07 04:49,Business,Kota,Chennai,49.8,Meal/Entertain
2024-06-19 11:27,2024-06-19 13:24,Business,Bhubaneswar,Kochi,68.8,Errand/Supplies
2024-11-04 03:53,2024-11-04 05:55,Business,Kanpur,Varanasi,76.5,Office Commute
2024-07-27 17:11,2024-07-27 19:15,Business,Mysore,Navi Mumbai,70.5,Meeting
2024-09-23 09:56,2024-09-23 11:22,Business,Navi Mumbai,Raipur,51.8,Client Meeting
2024-11-01 18:46,2024-11-01 20:29,Personal,Mumbai,Gwalior,64.4,Errand/Supplies
2024-07-11 04:50,2024-07-11 06:38,Business,Delhi,Kalyan,65.5,Meeting
2024-06-07 18:56,2024-06-07 21:02,Business,Vadodara,Thrissur,75.4,Delivery Task
2024-12-19 08:10,2024-12-19 10:17,Business,Raipur,Thiruvananthapuram,75.1,Delivery Task
2024-09-07 22:42,2024-09-08 00:46,Business,Dhanbad,Jodhpur,75.9,Field Work
2024-10-28 18:30,2024-10-28 20:23,Business,Solapur,Coimbatore,68.5,Meal/Entertain
2024-05-12 15:24,2024-05-12 17:11,Business,Vadodara,Bengaluru,63.9,Team Outing
2024-07-26 09:20,2024-07-26 11:05,Business,Howrah,Allahabad,62.2,Client Pickup
2024-12-10 11:47,2024-12-10 13:34,Business,Delhi,Hubli,66.6,Errand/Supplies
2024-07-28 22:17,2024-07-28 23:46,Business,Lucknow,Ahmedabad,56.1,Client Pickup
2024-12-03 09:00,2024-12-03 10:40,Business,Chennai,Faridabad,61.5,Meeting
2024-09-26 04:22,2024-09-26 06:09,Business,Vadodara,Nagpur,61.1,Customer Visit
2024-12-09 19:33,2024-12-09 21:01,Business,Delhi,Aurangabad,51.0,Meal/Entertain
2024-07-07 05:36,2024-07-07 06:53,Personal,Mumbai,Kota,43.8,Client Pickup
2024-11-08 00:51,2024-11-08 02:17,Personal,Ghaziabad,Thane,52.7,Office Commute
2024-07-13 05:20,2024-07-13 07:03,Personal,Ahmedabad,Patna,57.1,Weekend Trip
2024-01-24 03:33,2024-01-24 05:09,Business,Tiruchirappalli,Coimbatore,55.2,Field Work
2024-09-10 14:36,2024-09-10 16:10,Business,Jodhpur,Allahabad,56.4,Customer Visit
2024-08-02 10:49,2024-08-02 12:55,Business,Thane,Chandigarh,78.1,Client Pickup
2024-09-04 21:38,2024-09-04 23:07,Business,Chandigarh,Visakhapatnam,53.5,Conference Visit
2024-11-03 14:40,2024-11-03 16:30,Business,Vadodara,Vasai,65.6,Office Commute
2024-01-24 10:27,2024-01-24 11:48,Business,Hyderabad,Allahabad,45.0,Site Inspection
2024-08-26 06:41,2024-08-26 08:29,Business,Allahabad,Aurangabad,59.2,Weekend Trip
2024-01-15 10:27,2024-01-15 12:18,Business,Visakhapatnam,Noida,60.9,Customer Visit
2024-07-25 05:02,2024-07-25 07:16,Personal,Noida,Indore,78.2,Office Commute
2024-03-24 06:34,2024-03-24 08:50,Business,Kalyan,Visakhapatnam,79.2,Office Commute
2024-11-10 09:18,2024-11-10 11:01,Business,Meerut,Bangalore,62.3,Airport Pickup
2024-07-23 01:35,2024-07-23 03:05,Business,Bhopal,Gwalior,47.8,Errand/Supplies
2024-01-07 22:44,2024-01-08 00:06,Business,Bangalore,Visakhapatnam,47.9,Meeting
2024-01-11 03:53,2024-01-11 05:56,Business,Nashik,Agra,78.2,Field Work
2024-03-09 18:31,2024-03-09 20:27,Personal,Hyderabad,Tiruchirappalli,66.6,Customer Visit
2024-09-10 04:49,2024-09-10 06:40,Business,Surat,Allahabad,65.3,Meeting
2024-09-10 16:58,2024-09-10 18:36,Business,Lonavala,Gwalior,53.1,Airport Drop
2024-08-27 05:57,2024-08-27 07:57,Business,Nashik,Ludhiana,73.7,Weekend Trip
2024-02-15 12:25,2024-02-15 13:53,Business,Aurangabad,Dhanbad,49.1,Meeting
2024-03-08 03:44,2024-03-08 05:42,Business,Coimbatore,Chandigarh,73.0,Errand/Supplies
2024-10-26 08:53,2024-10-26 10:18,Business,Mumbai,Kolkata,47.0,Office Commute
2024-11-27 11:06,2024-11-27 12:53,Business,Ghaziabad,Allahabad,63.7,Meal/Entertain
2024-07-09 00:38,2024-07-09 02:47,Business,Meerut,Patna,75.7,Meal/Entertain
2024-06-05 01:13,2024-06-05 02:57,Business,Gwalior,Faridabad,60.2,Customer Visit
2024-01-23 07:17,2024-01-23 09:09,Business,Jabalpur,Nagpur,61.8,Field Work
2024-10-13 00:10,2024-10-13 01:57,Business,Thiruvananthapuram,Navi Mumbai,63.0,Office Commute
2024-08-20 11:51,2024-08-20 13:27,Personal,Solapur,Kanpur,56.4,Client Pickup
2024-09-09 06:24,2024-09-09 08:38,Business,Kota,Thrissur,79.1,Temporary Site
2024-07-30 07:53,2024-07-30 10:00,Business,Noida,Ahmedabad,76.7,Weekend Trip
2024-10-15 00:59,2024-10-15 02:19,Business,Madurai,Lonavala,40.5,Meeting
2024-01-22 01:17,2024-01-22 03:05,Business,Ranchi,Kolkata,64.7,Errand/Supplies
2024-12-07 07:08,2024-12-07 08:20,Business,Bhopal,Kochi,43.8,Errand/Supplies
2024-10-01 10:06,2024-10-01 12:10,Business,Surat,Dhanbad,79.7,Meal/Entertain
2024-10-21 03:07,2024-10-21 04:29,Personal,Gwalior,Delhi,44.4,Meal/Entertain
2024-02-14 20:50,2024-02-14 22:11,Business,Patna,Kalyan,50.6,Errand/Supplies
2024-08-28 00:58,2024-08-28 02:14,Personal,Bangalore,Howrah,43.6,Conference Visit
2024-05-28 19:50,2024-05-28 21:06,Business,Vijayawada,Coimbatore,47.0,Meeting
2024-10-15 15:30,2024-10-15 17:42,Personal,Patna,Mumbai,79.6,Office Commute
2024-03-29 01:08,2024-03-29 03:10,Business,Bhubaneswar,Solapur,73.5,Client Pickup
2024-08-01 11:53,2024-08-01 13:05,Personal,Bhopal,Jaipur,42.1,Conference Visit
2024-11-04 08:09,2024-11-04 09:30,Personal,Delhi,Bengaluru,44.8,Field Work
2024-05-09 21:17,2024-05-09 22:40,Business,Hubli,Kolkata,50.0,Office Commute
2024-08-03 04:23,2024-08-03 05:51,Business,Nagpur,Patiala,54.5,Team Outing
2024-11-18 08:35,2024-11-18 09:50,Business,Nagpur,Vasai,40.2,Team Outing
2024-09-04 15:40,2024-09-04 17:44,Business,Kalyan,Srinagar,72.3,Customer Visit
2024-08-20 06:42,2024-08-20 08:11,Business,Chennai,Thane,49.0,Customer Visit
2024-03-11 17:28,2024-03-11 18:55,Personal,Bangalore,Kota,49.5,Meeting
2024-09-30 14:39,2024-09-30 15:50,Business,Bhopal,Faridabad,41.1,Meeting
2024-05-26 04:02,2024-05-26 06:08,Business,Thane,Visakhapatnam,71.3,Meal/Entertain
2024-06-13 10:39,2024-06-13 12:03,Business,Bengaluru,Amritsar,53.1,Team Outing
2024-05-22 06:27,2024-05-22 08:44,Business,Chennai,Gwalior,78.7,Errand/Supplies
2024-07-01 20:20,2024-07-01 21:29,Business,Kochi,Patiala,41.8,Meal/Entertain
2024-07-11 14:57,2024-07-11 16:24,Business,Lonavala,Hyderabad,45.1,Airport Drop
2024-06-01 22:09,2024-06-01 23:37,Business,Pune,Surat,53.9,Site Inspection
2024-08-30 12:15,2024-08-30 14:17,Business,Hubli,Ludhiana,76.5,Conference Visit
2024-02-08 07:19,2024-02-08 09:30,Personal,Jodhpur,Thiruvananthapuram,74.5,Meal/Entertain
2024-03-04 02:26,2024-03-04 03:43,Business,Bengaluru,Hubli,42.7,Customer Visit
2024-05-01 01:45,2024-05-01 03:49,Business,Bhopal,Chennai,72.2,Client Meeting
2024-01-29 21:06,2024-01-29 22:43,Business,Varanasi,Howrah,57.6,Office Commute
2024-11-22 19:51,2024-11-22 21:32,Business,Kochi,Aurangabad,58.8,Meeting
2024-06-08 04:14,2024-06-08 05:31,Business,Bangalore,Mumbai,40.0,Client Meeting
2024-09-11 05:49,2024-09-11 07:51,Business,Nagpur,Hubli,77.8,Errand/Supplies
2024-03-15 14:05,2024-03-15 16:06,Business,Madurai,Indore,72.6,Customer Visit
2024-02-05 05:57,2024-02-05 08:15,Business,Agra,Vasai,79.2,Office Commute
2024-05-30 06:39,2024-05-30 08:14,Business,Jodhpur,Varanasi,58.5,Delivery Task
2024-09-18 00:27,2024-09-18 01:42,Personal,Dewas,Noida,44.5,Meeting
2024-09-15 03:08,2024-09-15 05:06,Personal,Kochi,Dewas,74.3,Office Commute
2024-05-18 21:35,2024-05-18 23:28,Business,Kolkata,Chennai,63.5,Team Outing
2024-12-27 03:09,2024-12-27 05:15,Business,Ghaziabad,Agra,74.1,Client Meeting
2024-01-23 05:36,2024-01-23 07:19,Business,Gwalior,Tiruchirappalli,56.0,Meal/Entertain
2024-01-30 04:10,2024-01-30 06:09,Business,Meerut,Thiruvananthapuram,74.1,Team Outing
2024-09-24 09:17,2024-09-24 10:43,Personal,Kalyan,Vadodara,50.8,Site Inspection
2024-11-20 18:05,2024-11-20 20:03,Business,Howrah,Patiala,73.7,Customer Visit
2024-04-23 06:17,2024-04-23 07:53,Personal,Ghaziabad,Varanasi,52.7,Customer Visit
2024-02-26 15:28,2024-02-26 17:22,Business,Kanpur,Chandigarh,70.1,Airport Drop
2024-12-08 15:42,2024-12-08 17:21,Business,Dhanbad,Thrissur,57.0,Temporary Site
2024-12-23 12:17,2024-12-23 13:34,Personal,Bhubaneswar,Ranchi,43.2,Client Pickup
2024-12-31 14:33,2024-12-31 16:37,Personal,Jodhpur,Amritsar,72.3,Meeting
2024-04-02 10:56,2024-04-02 12:45,Business,Bengaluru,Navi Mumbai,64.5,Delivery Task
2024-01-26 02:23,2024-01-26 04:02,Business,Vijayawada,Pune,52.7,Weekend Trip
